6.94978141784668,2,42762,0.3934593200683594
6.947755336761475,3,85525,0.0561678409576416
6.949951171875,4,128288,0.08233213424682617
6.948173999786377,5,171051,0.05816912651062012
6.94802713394165,6,213814,0.05778622627258301
6.947357654571533,7,256577,0.057466983795166016
6.945474624633789,8,299340,0.05559706687927246
6.943535327911377,9,342103,0.05567002296447754
6.9393792152404785,10,384866,0.055522918701171875
6.939823150634766,11,427629,0.05551481246948242
6.937245845794678,12,470392,0.055440425872802734
6.936325550079346,13,513155,0.055257558822631836
6.930802822113037,14,555918,0.05546236038208008
6.927840232849121,15,598681,0.05530977249145508
6.919710159301758,16,641444,0.05550527572631836
6.920537948608398,17,684207,0.05545496940612793
6.913294315338135,18,726970,0.055548906326293945
6.908934593200684,19,769733,0.05546307563781738
6.906785488128662,20,812496,0.05534172058105469
6.900196075439453,21,855259,0.05546402931213379
6.890592575073242,22,898022,0.05537843704223633
6.88714599609375,23,940785,0.05541419982910156
6.87681770324707,24,983548,0.05543327331542969
6.87327241897583,25,1026311,0.05553245544433594
6.86628532409668,26,1069074,0.05531597137451172
6.861354351043701,27,1111837,0.05617499351501465
6.849455833435059,28,1154600,0.05601167678833008
6.843598365783691,29,1197363,0.05549263954162598
6.8354597091674805,30,1240126,0.055200815200805664
6.8255615234375,31,1282889,0.05547165870666504
6.818296909332275,32,1325652,0.05543994903564453
6.810030460357666,33,1368415,0.05566596984863281
6.796793460845947,34,1411178,0.055565834045410156
6.788177013397217,35,1453941,0.05553102493286133
6.779364109039307,36,1496704,0.05543398857116699
6.766699314117432,37,1539467,0.05547499656677246
6.760567665100098,38,1582230,0.0553126335144043
6.752549648284912,39,1624993,0.05549454689025879
6.7381157875061035,40,1667756,0.05518817901611328
6.725919723510742,41,1710519,0.05550193786621094
6.719646453857422,42,1753282,0.055483341217041016
6.706968307495117,43,1796045,0.05523848533630371
6.698833465576172,44,1838808,0.055510520935058594
6.685978889465332,45,1881571,0.0556793212890625
6.6777472496032715,46,1924334,0.05557680130004883
6.666691780090332,47,1967097,0.055396318435668945
6.653552055358887,48,2009860,0.055325984954833984
6.640578269958496,49,2052623,0.05529212951660156
6.63447904586792,50,2095386,0.055666208267211914
6.615096569061279,51,2138149,0.05556893348693848
6.608089447021484,52,2180912,0.055470943450927734
6.6007513999938965,53,2223675,0.055520057678222656
6.583028316497803,54,2266438,0.05573844909667969
6.575011730194092,55,2309201,0.055572509765625
6.56545352935791,56,2351964,0.056359291076660156
6.5507731437683105,57,2394727,0.055747032165527344
6.539724349975586,58,2437490,0.05576443672180176
6.528818607330322,59,2480253,0.05594658851623535
6.518612384796143,60,2523016,0.05580329895019531
6.508017063140869,61,2565779,0.05593109130859375
6.493595123291016,62,2608542,0.05576920509338379
6.479515075683594,63,2651305,0.05608510971069336
6.472560882568359,64,2694068,0.055849552154541016
6.459559440612793,65,2736831,0.05614352226257324
6.453432083129883,66,2779594,0.05597186088562012
6.433861255645752,67,2822357,0.056098222732543945
6.433111667633057,68,2865120,0.05597400665283203
6.417307376861572,69,2907883,0.055890560150146484
6.397359371185303,70,2950646,0.05601215362548828
6.390228271484375,71,2993409,0.05621147155761719
6.3772125244140625,72,3036172,0.056073665618896484
6.365865230560303,73,3078935,0.05595803260803223
6.354258060455322,74,3121698,0.05928993225097656
6.341125965118408,75,3164461,0.056342363357543945
6.334987640380859,76,3207224,0.05609273910522461
6.316027641296387,77,3249987,0.05599617958068848
6.307227611541748,78,3292750,0.05613207817077637
6.294915199279785,79,3335513,0.055975914001464844
6.28401517868042,80,3378276,0.05610060691833496
6.269772529602051,81,3421039,0.05616903305053711
6.257227420806885,82,3463802,0.05607867240905762
6.24306583404541,83,3506565,0.05609536170959473
6.237325191497803,84,3549328,0.05602574348449707
6.21990966796875,85,3592091,0.055509090423583984
6.210052490234375,86,3634854,0.0559542179107666
6.197945594787598,87,3677617,0.05600333213806152
6.181213855743408,88,3720380,0.0561068058013916
6.169790267944336,89,3763143,0.05610060691833496
6.1631855964660645,90,3805906,0.055768489837646484
6.1463799476623535,91,3848669,0.05590057373046875
6.138846397399902,92,3891432,0.055956363677978516
6.121496677398682,93,3934195,0.05585980415344238
6.117300987243652,94,3976958,0.05888199806213379
6.101384162902832,95,4019721,0.05592703819274902
6.086974620819092,96,4062484,0.05581951141357422
6.07733154296875,97,4105247,0.05589032173156738
6.058080196380615,98,4148010,0.055954933166503906
6.04737663269043,99,4190773,0.056031227111816406
6.038525104522705,100,4233536,0.055856943130493164
6.02824068069458,101,4276299,0.05598878860473633
6.0114874839782715,102,4319062,0.05559515953063965
5.995829105377197,103,4361825,0.05613517761230469
5.986398696899414,104,4404588,0.05590462684631348
5.979147911071777,105,4447351,0.05596590042114258
5.9615702629089355,106,4490114,0.0560915470123291
5.945100784301758,107,4532877,0.05605816841125488
5.929288387298584,108,4575640,0.05559587478637695
5.920773029327393,109,4618403,0.05539536476135254
5.903902530670166,110,4661166,0.05599522590637207
5.885511875152588,111,4703929,0.05607271194458008
5.8832244873046875,112,4746692,0.05593276023864746
5.865691661834717,113,4789455,0.0556943416595459
5.850495338439941,114,4832218,0.05612659454345703
5.839334487915039,115,4874981,0.055706024169921875
5.829044818878174,116,4917744,0.056128501892089844
5.811727523803711,117,4960507,0.055861473083496094
5.793974876403809,118,5003270,0.05574631690979004
5.785983562469482,119,5046033,0.055832862854003906
5.771876811981201,120,5088796,0.055959463119506836
5.762905120849609,121,5131559,0.05582571029663086
5.7467851638793945,122,5174322,0.05576753616333008
5.733576774597168,123,5217085,0.0559079647064209
5.718410491943359,124,5259848,0.05557751655578613
5.713631629943848,125,5302611,0.05576658248901367
5.690906524658203,126,5345374,0.0559537410736084
5.684150695800781,127,5388137,0.05607151985168457
5.667074680328369,128,5430900,0.055913686752319336
5.6509528160095215,129,5473663,0.05591726303100586
5.636852264404297,130,5516426,0.055823564529418945
5.620855808258057,131,5559189,0.05588245391845703
5.605673313140869,132,5601952,0.056429386138916016
5.584965229034424,133,5644715,0.0559840202331543
5.58322286605835,134,5687478,0.0558779239654541
5.571989059448242,135,5730241,0.055899858474731445
5.575155735015869,136,5773004,0.055995941162109375
5.532389163970947,137,5815767,0.05588388442993164
5.540927410125732,138,5858530,0.05579710006713867
5.521413326263428,139,5901293,0.05596566200256348
5.5077643394470215,140,5944056,0.0556492805480957
5.484737873077393,141,5986819,0.05575895309448242
5.475210189819336,142,6029582,0.055591583251953125
5.452188014984131,143,6072345,0.055608510971069336
5.4487996101379395,144,6115108,0.05549192428588867
5.449525356292725,145,6157871,0.055516958236694336
5.4400482177734375,146,6200634,0.055084943771362305
5.419513702392578,147,6243397,0.05549907684326172
5.401783466339111,148,6286160,0.05511069297790527
5.385286808013916,149,6328923,0.055474042892456055
5.382038116455078,150,6371686,0.055375099182128906
5.39044713973999,151,6414449,0.05556488037109375
5.365062236785889,152,6457212,0.05619072914123535
5.330929279327393,153,6499975,0.056043148040771484
5.326448917388916,154,6542738,0.05559992790222168
5.306849479675293,155,6585501,0.05577802658081055
5.319287300109863,156,6628264,0.05581927299499512
5.277997970581055,157,6671027,0.055780649185180664
5.274951934814453,158,6713790,0.05569648742675781
5.262381076812744,159,6756553,0.05574464797973633
5.229331016540527,160,6799316,0.055693626403808594
5.224607944488525,161,6842079,0.05580425262451172
5.230147838592529,162,6884842,0.05567288398742676
5.189622402191162,163,6927605,0.055916547775268555
5.180457592010498,164,6970368,0.055561065673828125
5.185303688049316,165,7013131,0.05558514595031738
5.170638561248779,166,7055894,0.05550050735473633
5.128481864929199,167,7098657,0.055779457092285156
5.118798732757568,168,7141420,0.055642127990722656
5.120192527770996,169,7184183,0.05568051338195801
5.1218719482421875,170,7226946,0.05534029006958008
5.085741996765137,171,7269709,0.05582404136657715
5.077911376953125,172,7312472,0.05713486671447754
5.0690107345581055,173,7355235,0.055681467056274414
5.036411285400391,174,7397998,0.05566215515136719
5.014429569244385,175,7440761,0.055710554122924805
5.024186134338379,176,7483524,0.05569005012512207
4.982570171356201,177,7526287,0.05560135841369629
4.994584560394287,178,7569050,0.05616474151611328
4.9377760887146,179,7611813,0.056150197982788086
4.94050407409668,180,7654576,0.05535459518432617
4.935948371887207,181,7697339,0.05682015419006348
4.944712162017822,182,7740102,0.05713486671447754
4.929079055786133,183,7782865,0.055947303771972656
4.93260383605957,184,7825628,0.05714559555053711
4.8871564865112305,185,7868391,0.05588984489440918
4.908083915710449,186,7911154,0.05580019950866699
4.881901264190674,187,7953917,0.055648088455200195
4.876296520233154,188,7996680,0.05758929252624512
4.8524627685546875,189,8039443,0.05701589584350586
4.870521068572998,190,8082206,0.05574226379394531
4.813794136047363,191,8124969,0.05560588836669922
4.810187816619873,192,8167732,0.05564546585083008
4.8707756996154785,193,8210495,0.05563926696777344
4.801499366760254,194,8253258,0.05552339553833008
4.80000638961792,195,8296021,0.055672407150268555
4.764962673187256,196,8338784,0.05677962303161621
4.768705368041992,197,8381547,0.055730581283569336
4.758890628814697,198,8424310,0.056293487548828125
4.76007080078125,199,8467073,0.057154178619384766
4.751450538635254,200,8509836,0.05601978302001953
4.720277786254883,201,8552599,0.05640554428100586
4.731183052062988,202,8595362,0.05554080009460449
4.729477882385254,203,8638125,0.05546736717224121
4.697372913360596,204,8680888,0.055174827575683594
4.752583980560303,205,8723651,0.05606532096862793
4.6913676261901855,206,8766414,0.05615878105163574
4.6687211990356445,207,8809177,0.05869865417480469
4.655452251434326,208,8851940,0.05650758743286133
4.678425312042236,209,8894703,0.056130170822143555
4.686265468597412,210,8937466,0.05729985237121582
4.675443649291992,211,8980229,0.05590486526489258
4.615734100341797,212,9022992,0.05659747123718262
4.658167839050293,213,9065755,0.05620861053466797
4.6420464515686035,214,9108518,0.05565452575683594
4.621747016906738,215,9151281,0.055629730224609375
4.646210670471191,216,9194044,0.05621337890625
4.635632038116455,217,9236807,0.056726694107055664
4.642664432525635,218,9279570,0.05656576156616211
4.608240127563477,219,9322333,0.05604743957519531
4.61125373840332,220,9365096,0.05615711212158203
4.653099060058594,221,9407859,0.055858612060546875
4.6203999519348145,222,9450622,0.0561370849609375
4.627954006195068,223,9493385,0.05579519271850586
4.59459924697876,224,9536148,0.055582523345947266
4.594120025634766,225,9578911,0.05609607696533203
4.557629108428955,226,9621674,0.05616116523742676
4.580959796905518,227,9664437,0.056345224380493164
4.574155807495117,228,9707200,0.05716824531555176
4.623689651489258,229,9749963,0.05574440956115723
4.588377475738525,230,9792726,0.055750131607055664
4.577094554901123,231,9835489,0.05538439750671387
4.573318958282471,232,9878252,0.05625271797180176
4.55291748046875,233,9921015,0.05534815788269043
4.586549282073975,234,9963778,0.055548906326293945
4.563281059265137,235,10006541,0.05516791343688965
4.544492721557617,236,10049304,0.057550668716430664
4.531878471374512,237,10092067,0.05555415153503418
4.52777624130249,238,10134830,0.05581378936767578
4.5752153396606445,239,10177593,0.05556797981262207
4.532254219055176,240,10220356,0.055022239685058594
4.507154941558838,241,10263119,0.05597877502441406
4.531541347503662,242,10305882,0.05520367622375488
4.5023884773254395,243,10348645,0.055510520935058594
4.535776615142822,244,10391408,0.055254459381103516
4.510285377502441,245,10434171,0.055162668228149414
4.491164207458496,246,10476934,0.055520057678222656
4.478578090667725,247,10519697,0.055670738220214844
4.545905113220215,248,10562460,0.055580854415893555
4.489051342010498,249,10605223,0.055533647537231445
4.534117698669434,250,10647986,0.05555295944213867
4.521533966064453,251,10690749,0.055631399154663086
4.455072402954102,252,10733512,0.05556035041809082
4.4691643714904785,253,10776275,0.05559110641479492
4.520039081573486,254,10819038,0.05562090873718262
4.454001426696777,255,10861801,0.05546736717224121
4.434388160705566,256,10904564,0.05562329292297363
4.478715896606445,257,10947327,0.05538678169250488
4.496093273162842,258,10990090,0.055571794509887695
4.498205184936523,259,11032853,0.055887699127197266
4.488516330718994,260,11075616,0.05569148063659668
4.467240810394287,261,11118379,0.05576682090759277
4.462070465087891,262,11161142,0.055539608001708984
4.446812152862549,263,11203905,0.055930376052856445
4.448818206787109,264,11246668,0.05621194839477539
4.465407848358154,265,11289431,0.0550694465637207
4.431594371795654,266,11332194,0.05630350112915039
4.482407569885254,267,11374957,0.05571937561035156
4.441045761108398,268,11417720,0.0560910701751709
4.456117153167725,269,11460483,0.0563201904296875
4.446055889129639,270,11503246,0.056389570236206055
4.4462809562683105,271,11546009,0.05561089515686035
4.454387187957764,272,11588772,0.055571794509887695
4.451705455780029,273,11631535,0.0552821159362793
4.437219142913818,274,11674298,0.055314064025878906
4.466591835021973,275,11717061,0.05503225326538086
4.388023853302002,276,11759824,0.0553584098815918
4.454318046569824,277,11802587,0.055229902267456055
4.419050693511963,278,11845350,0.055062294006347656
4.44281005859375,279,11888113,0.055582523345947266
4.427465438842773,280,11930876,0.05547046661376953
4.420098304748535,281,11973639,0.055328369140625
4.389537334442139,282,12016402,0.055866241455078125
4.477556228637695,283,12059165,0.055138349533081055
4.417447090148926,284,12101928,0.05549025535583496
4.413276195526123,285,12144691,0.055548906326293945
4.426030158996582,286,12187454,0.05521869659423828
4.368033409118652,287,12230217,0.055245399475097656
4.428896427154541,288,12272980,0.055394649505615234
4.41103982925415,289,12315743,0.05538535118103027
4.396232604980469,290,12358506,0.055234432220458984
4.398255348205566,291,12401269,0.05549907684326172
4.408860683441162,292,12444032,0.05535006523132324
4.43162202835083,293,12486795,0.05549192428588867
4.357477188110352,294,12529558,0.05527615547180176
4.424525260925293,295,12572321,0.05571174621582031
4.409351348876953,296,12615084,0.05554795265197754
4.371131420135498,297,12657847,0.0555729866027832
4.404951095581055,298,12700610,0.055526018142700195
4.367583751678467,299,12743373,0.055394887924194336
4.358497142791748,300,12786136,0.055594682693481445
4.403867721557617,301,12828899,0.055756568908691406
4.398758411407471,302,12871662,0.055496931076049805
4.331488609313965,303,12914425,0.05518984794616699
4.391348361968994,304,12957188,0.055802106857299805
4.380252361297607,305,12999951,0.055016279220581055
4.3227314949035645,306,13042714,0.055602073669433594
4.355192184448242,307,13085477,0.05595564842224121
4.4041314125061035,308,13128240,0.05573272705078125
4.369200229644775,309,13171003,0.05544614791870117
4.403093338012695,310,13213766,0.0554194450378418
4.311988830566406,311,13256529,0.05564761161804199
4.397071838378906,312,13299292,0.05557131767272949
4.332262992858887,313,13342055,0.05579948425292969
4.326118469238281,314,13384818,0.055663108825683594
4.384668827056885,315,13427581,0.05575823783874512
4.357746601104736,316,13470344,0.05569338798522949
4.3508100509643555,317,13513107,0.0556492805480957
4.354166507720947,318,13555870,0.05536031723022461
4.367290019989014,319,13598633,0.05617046356201172
4.379644870758057,320,13641396,0.05637955665588379
4.325159549713135,321,13684159,0.056088924407958984
4.340385913848877,322,13726922,0.05570697784423828
4.339927673339844,323,13769685,0.05565810203552246
4.310064792633057,324,13812448,0.054987192153930664
4.345797061920166,325,13855211,0.05538439750671387
4.365645408630371,326,13897974,0.05684685707092285
4.374688148498535,327,13940737,0.05587577819824219
4.339663505554199,328,13983500,0.0553131103515625
4.32063102722168,329,14026263,0.055783987045288086
4.333562850952148,330,14069026,0.05648064613342285
4.293617248535156,331,14111789,0.05533194541931152
4.346019744873047,332,14154552,0.05572080612182617
4.295644760131836,333,14197315,0.05510449409484863
4.312992572784424,334,14240078,0.05687975883483887
4.31585693359375,335,14282841,0.05555367469787598
4.280030727386475,336,14325604,0.056528568267822266
4.300583839416504,337,14368367,0.05604720115661621
4.280667304992676,338,14411130,0.056360483169555664
4.335580348968506,339,14453893,0.056423187255859375
4.3193583488464355,340,14496656,0.05584287643432617
4.331355094909668,341,14539419,0.05606508255004883
4.34760856628418,342,14582182,0.05695152282714844
4.310081481933594,343,14624945,0.056813716888427734
4.284093379974365,344,14667708,0.055550575256347656
4.28291654586792,345,14710471,0.055985450744628906
4.3050761222839355,346,14753234,0.05627155303955078
4.272768974304199,347,14795997,0.05672407150268555
4.279870510101318,348,14838760,0.05630898475646973
4.26392936706543,349,14881523,0.05576491355895996
4.279762268066406,350,14924286,0.05605173110961914
4.295884132385254,351,14967049,0.05519866943359375
4.3020339012146,352,15009812,0.05523967742919922
4.3180413246154785,353,15052575,0.054605960845947266
4.319607734680176,354,15095338,0.055115699768066406
4.322490692138672,355,15138101,0.05529451370239258
4.311988353729248,356,15180864,0.055451393127441406
4.267642498016357,357,15223627,0.05545663833618164
4.294016361236572,358,15266390,0.055371761322021484
4.300984859466553,359,15309153,0.055330514907836914
4.2989325523376465,360,15351916,0.055361270904541016
4.24632453918457,361,15394679,0.055373191833496094
4.2264180183410645,362,15437442,0.05544638633728027
4.29882287979126,363,15480205,0.055280208587646484
4.265807628631592,364,15522968,0.05541849136352539
4.303147315979004,365,15565731,0.05542159080505371
4.2389326095581055,366,15608494,0.05561637878417969
4.3008294105529785,367,15651257,0.055379629135131836
4.273221015930176,368,15694020,0.055306196212768555
4.252634048461914,369,15736783,0.05557870864868164
4.2978034019470215,370,15779546,0.05538487434387207
4.3055830001831055,371,15822309,0.05545663833618164
4.288544654846191,372,15865072,0.05542469024658203
4.259189605712891,373,15907835,0.0557401180267334
4.276424884796143,374,15950598,0.05542707443237305
4.264249324798584,375,15993361,0.05535888671875
4.259464740753174,376,16036124,0.05517983436584473
4.27880859375,377,16078887,0.055388689041137695
4.254208087921143,378,16121650,0.05585980415344238
4.2640509605407715,379,16164413,0.05528879165649414
4.264413833618164,380,16207176,0.05521202087402344
4.2270636558532715,381,16249939,0.05540633201599121
4.276403903961182,382,16292702,0.05540156364440918
4.2450175285339355,383,16335465,0.055478811264038086
4.279633045196533,384,16378228,0.055246829986572266
4.259524822235107,385,16420991,0.05510449409484863
4.241221904754639,386,16463754,0.05576372146606445
4.206124782562256,387,16506517,0.05595707893371582
4.302428245544434,388,16549280,0.05545377731323242
4.266432285308838,389,16592043,0.05532693862915039
4.26382303237915,390,16634806,0.05532503128051758
4.274269104003906,391,16677569,0.05524730682373047
4.250414848327637,392,16720332,0.05522274971008301
4.258691787719727,393,16763095,0.05504441261291504
4.2316741943359375,394,16805858,0.05516338348388672
4.217806816101074,395,16848621,0.0551908016204834
4.2509965896606445,396,16891384,0.05524945259094238
4.235562801361084,397,16934147,0.05527830123901367
4.262316703796387,398,16976910,0.05506753921508789
4.254909515380859,399,17019673,0.05544471740722656
4.266236305236816,400,17062436,0.05518150329589844
4.263453483581543,401,17105199,0.055056095123291016
4.236754894256592,402,17147962,0.05529594421386719
4.252948760986328,403,17190725,0.0553433895111084
4.1956024169921875,404,17233488,0.055713653564453125
4.280584812164307,405,17276251,0.05559372901916504
4.249725341796875,406,17319014,0.055472612380981445
4.227813720703125,407,17361777,0.05538129806518555
4.259843826293945,408,17404540,0.0554347038269043
4.267733573913574,409,17447303,0.05525803565979004
4.251377105712891,410,17490066,0.0555112361907959
4.251013278961182,411,17532829,0.055201053619384766
4.206362724304199,412,17575592,0.055260658264160156
4.243011474609375,413,17618355,0.05553293228149414
4.258400917053223,414,17661118,0.05554032325744629
4.226572036743164,415,17703881,0.05524730682373047
4.203217029571533,416,17746644,0.0552976131439209
4.233070373535156,417,17789407,0.054972171783447266
4.239938735961914,418,17832170,0.05498242378234863
4.242274284362793,419,17874933,0.05539870262145996
4.241787910461426,420,17917696,0.05518770217895508
4.215207099914551,421,17960459,0.055145263671875
4.270382881164551,422,18003222,0.05537152290344238
4.258408546447754,423,18045985,0.05520892143249512
4.269796848297119,424,18088748,0.05521059036254883
4.246058464050293,425,18131511,0.05545949935913086
4.25313138961792,426,18174274,0.055243492126464844
4.229719161987305,427,18217037,0.05528903007507324
4.236014366149902,428,18259800,0.05493664741516113
4.249760627746582,429,18302563,0.05527663230895996
4.255692481994629,430,18345326,0.055654048919677734
4.21643590927124,431,18388089,0.05480790138244629
4.238309383392334,432,18430852,0.054741859436035156
4.201265335083008,433,18473615,0.054585933685302734
4.246127128601074,434,18516378,0.05493450164794922
4.191259860992432,435,18559141,0.05499768257141113
4.264644622802734,436,18601904,0.0545806884765625
4.249046802520752,437,18644667,0.05478334426879883
4.225235462188721,438,18687430,0.054825782775878906
4.215496063232422,439,18730193,0.05471467971801758
4.186464309692383,440,18772956,0.05467414855957031
4.171818256378174,441,18815719,0.05461382865905762
4.221118927001953,442,18858482,0.05464887619018555
4.219295024871826,443,18901245,0.054557085037231445
4.1753740310668945,444,18944008,0.0550999641418457
4.245602130889893,445,18986771,0.05454826354980469
4.218067646026611,446,19029534,0.054816246032714844
4.232935428619385,447,19072297,0.05485677719116211
4.2234272956848145,448,19115060,0.054555416107177734
4.210173606872559,449,19157823,0.05503392219543457
4.2138519287109375,450,19200586,0.05473041534423828
4.240499973297119,451,19243349,0.05475974082946777
4.216534614562988,452,19286112,0.0546870231628418
4.203764915466309,453,19328875,0.05482220649719238
4.185820579528809,454,19371638,0.05458331108093262
4.2052764892578125,455,19414401,0.05458664894104004
4.239470481872559,456,19457164,0.054595232009887695
4.201683521270752,457,19499927,0.05473732948303223
4.201872825622559,458,19542690,0.05491161346435547
4.229343891143799,459,19585453,0.054819583892822266
4.225660800933838,460,19628216,0.054712533950805664
4.2071638107299805,461,19670979,0.05449318885803223
4.237071990966797,462,19713742,0.05460524559020996
4.209892749786377,463,19756505,0.055057525634765625
4.2274394035339355,464,19799268,0.054528236389160156
4.224597454071045,465,19842031,0.05484199523925781
4.2289228439331055,466,19884794,0.05455303192138672
4.17147159576416,467,19927557,0.05465531349182129
4.24429178237915,468,19970320,0.0547184944152832
4.179949760437012,469,20013083,0.054724693298339844
4.236658096313477,470,20055846,0.0546879768371582
4.161724090576172,471,20098609,0.054595947265625
4.2226667404174805,472,20141372,0.05491805076599121
4.179610252380371,473,20184135,0.05471968650817871
4.173563480377197,474,20226898,0.05469512939453125
4.211335182189941,475,20269661,0.05458331108093262
4.225183010101318,476,20312424,0.05480813980102539
4.197566509246826,477,20355187,0.054596900939941406
4.218554973602295,478,20397950,0.05451560020446777
4.216592788696289,479,20440713,0.05469202995300293
4.218594551086426,480,20483476,0.05465507507324219
4.218340873718262,481,20526239,0.05493307113647461
4.229715347290039,482,20569002,0.054551124572753906
4.189906597137451,483,20611765,0.05478358268737793
4.196575164794922,484,20654528,0.05460476875305176
4.1538496017456055,485,20697291,0.05464291572570801
4.173897743225098,486,20740054,0.05499768257141113
4.140102863311768,487,20782817,0.05482649803161621
4.16499662399292,488,20825580,0.05457615852355957
4.2034010887146,489,20868343,0.055023193359375
4.172028541564941,490,20911106,0.05481076240539551
4.227669715881348,491,20953869,0.05464649200439453
4.215783596038818,492,20996632,0.05467844009399414
4.186614036560059,493,21039395,0.05477094650268555
4.204513072967529,494,21082158,0.05469322204589844
4.1634039878845215,495,21124921,0.05473518371582031
4.174823760986328,496,21167684,0.054958343505859375
4.175356864929199,497,21210447,0.05452680587768555
4.189966678619385,498,21253210,0.0545198917388916
4.213540554046631,499,21295973,0.055379629135131836
4.216083526611328,500,21338736,0.0548093318939209
4.200753688812256,501,21381499,0.05479288101196289
4.200464248657227,502,21424262,0.05707716941833496
4.213615417480469,503,21467025,0.05484342575073242
4.194915294647217,504,21509788,0.05493950843811035
4.176196575164795,505,21552551,0.05582475662231445
4.154205799102783,506,21595314,0.0551602840423584
4.196376800537109,507,21638077,0.05483198165893555
4.15910005569458,508,21680840,0.05465292930603027
4.178245544433594,509,21723603,0.054982900619506836
4.183493137359619,510,21766366,0.055516719818115234
4.218398571014404,511,21809129,0.054715871810913086
4.157340049743652,512,21851892,0.054702043533325195
4.153078556060791,513,21894655,0.055826425552368164
4.22158670425415,514,21937418,0.05522465705871582
4.144688606262207,515,21980181,0.054715633392333984
4.193922996520996,516,22022944,0.05469822883605957
4.18743371963501,517,22065707,0.054619550704956055
4.154522895812988,518,22108470,0.055062294006347656
4.20121431350708,519,22151233,0.05471944808959961
4.208642959594727,520,22193996,0.05461406707763672
4.218962669372559,521,22236759,0.0554354190826416
4.187697410583496,522,22279522,0.055177927017211914
4.20239782333374,523,22322285,0.05475139617919922
4.195274353027344,524,22365048,0.05471205711364746
4.188211917877197,525,22407811,0.054831504821777344
4.165757656097412,526,22450574,0.05465960502624512
4.201832294464111,527,22493337,0.05463600158691406
4.1406941413879395,528,22536100,0.05462312698364258
4.157896995544434,529,22578863,0.05517697334289551
4.160915374755859,530,22621626,0.05471634864807129
4.185959339141846,531,22664389,0.054825544357299805
4.205519199371338,532,22707152,0.05488085746765137
4.159417152404785,533,22749915,0.05469179153442383
4.141220569610596,534,22792678,0.05534553527832031
4.198477268218994,535,22835441,0.05472159385681152
4.196547508239746,536,22878204,0.05470728874206543
4.223247528076172,537,22920967,0.0546574592590332
4.177248001098633,538,22963730,0.05519676208496094
4.181167125701904,539,23006493,0.054720163345336914
4.146874904632568,540,23049256,0.05473470687866211
4.176607131958008,541,23092019,0.0545954704284668
4.169922351837158,542,23134782,0.05494236946105957
4.169255256652832,543,23177545,0.05462479591369629
4.191774368286133,544,23220308,0.05460333824157715
4.173998832702637,545,23263071,0.05476570129394531
4.183740615844727,546,23305834,0.05458402633666992
4.1791534423828125,547,23348597,0.05552387237548828
4.192932605743408,548,23391360,0.0550694465637207
4.121810436248779,549,23434123,0.05460524559020996
4.159878730773926,550,23476886,0.05458664894104004
4.164802551269531,551,23519649,0.05490231513977051
4.202693462371826,552,23562412,0.054779767990112305
4.202760219573975,553,23605175,0.05475163459777832
4.183773040771484,554,23647938,0.05465364456176758
4.204807281494141,555,23690701,0.05473828315734863
4.201940536499023,556,23733464,0.05484151840209961
4.186880588531494,557,23776227,0.0547487735748291
4.1875104904174805,558,23818990,0.055253028869628906
4.197044372558594,559,23861753,0.05486345291137695
4.122561454772949,560,23904516,0.05486345291137695
4.160711288452148,561,23947279,0.0549778938293457
4.143680572509766,562,23990042,0.054840803146362305
4.157872200012207,563,24032805,0.05561518669128418
4.149624824523926,564,24075568,0.054902076721191406
4.151319980621338,565,24118331,0.05458831787109375
4.162603378295898,566,24161094,0.05452537536621094
4.151003837585449,567,24203857,0.05458259582519531
4.162703514099121,568,24246620,0.054666757583618164
4.210326671600342,569,24289383,0.0549931526184082
4.150106906890869,570,24332146,0.05458354949951172
4.110485076904297,571,24374909,0.05471491813659668
4.141923904418945,572,24417672,0.0546422004699707
4.175271034240723,573,24460435,0.054584503173828125
4.173159122467041,574,24503198,0.05531501770019531
4.13270902633667,575,24545961,0.05496788024902344
4.145712852478027,576,24588724,0.05479931831359863
4.205789566040039,577,24631487,0.05479907989501953
4.188904762268066,578,24674250,0.054682016372680664
4.144055366516113,579,24717013,0.054574012756347656
4.165153503417969,580,24759776,0.05495500564575195
4.144057750701904,581,24802539,0.05458378791809082
4.1779255867004395,582,24845302,0.054775238037109375
4.1354498863220215,583,24888065,0.05457115173339844
4.2122368812561035,584,24930828,0.05455136299133301
4.150724411010742,585,24973591,0.05462956428527832
4.162719249725342,586,25016354,0.055211544036865234
4.149490833282471,587,25059117,0.05480241775512695
4.123939037322998,588,25101880,0.05508756637573242
4.179594039916992,589,25144643,0.05490279197692871
4.162836074829102,590,25187406,0.055002689361572266
4.143866539001465,591,25230169,0.05466580390930176
4.160501480102539,592,25272932,0.05498814582824707
4.144892692565918,593,25315695,0.05467939376831055
4.153876781463623,594,25358458,0.05469703674316406
4.121978282928467,595,25401221,0.056650400161743164
4.167401313781738,596,25443984,0.05510830879211426
4.15863037109375,597,25486747,0.05507969856262207
4.151449203491211,598,25529510,0.054567575454711914
4.186999797821045,599,25572273,0.05457949638366699
4.1402812004089355,600,25615036,0.054918766021728516
4.136054515838623,601,25657799,0.054592132568359375
4.156039714813232,602,25700562,0.05455303192138672
4.159645080566406,603,25743325,0.054540395736694336
4.178940773010254,604,25786088,0.054610252380371094
4.15025520324707,605,25828851,0.05464577674865723
4.216957092285156,606,25871614,0.05466151237487793
4.103217601776123,607,25914377,0.05461311340332031
4.1930251121521,608,25957140,0.05455136299133301
4.113092422485352,609,25999903,0.05457806587219238
4.139625549316406,610,26042666,0.055440425872802734
4.131048202514648,611,26085429,0.05487060546875
4.186281681060791,612,26128192,0.0547785758972168
4.135712623596191,613,26170955,0.05470848083496094
4.169391632080078,614,26213718,0.054534196853637695
4.138616561889648,615,26256481,0.05462026596069336
4.129242420196533,616,26299244,0.054743051528930664
4.170498847961426,617,26342007,0.05467653274536133
4.152202606201172,618,26384770,0.05483055114746094
4.191064357757568,619,26427533,0.05481863021850586
4.194210529327393,620,26470296,0.05476570129394531
4.117518424987793,621,26513059,0.054833173751831055
4.15926456451416,622,26555822,0.05473732948303223
4.160815238952637,623,26598585,0.05455899238586426
4.130055904388428,624,26641348,0.05463361740112305
4.183427333831787,625,26684111,0.05452466011047363
4.161409378051758,626,26726874,0.05471539497375488
4.154198169708252,627,26769637,0.05469846725463867
4.138193130493164,628,26812400,0.054888010025024414
4.165453910827637,629,26855163,0.05468249320983887
4.119248390197754,630,26897926,0.05474281311035156
4.130462169647217,631,26940689,0.054702043533325195
4.154179573059082,632,26983452,0.054492950439453125
4.1678080558776855,633,27026215,0.05452466011047363
4.134267807006836,634,27068978,0.05464053153991699
4.0987091064453125,635,27111741,0.0547490119934082
4.105730056762695,636,27154504,0.05478668212890625
4.147055625915527,637,27197267,0.05470466613769531
4.140372276306152,638,27240030,0.055992841720581055
4.142518043518066,639,27282793,0.05468344688415527
4.170078754425049,640,27325556,0.054808855056762695
4.116909503936768,641,27368319,0.054602622985839844
4.179624080657959,642,27411082,0.05466175079345703
4.131624698638916,643,27453845,0.054552316665649414
4.166690349578857,644,27496608,0.05460500717163086
4.137913227081299,645,27539371,0.05474066734313965
4.12391471862793,646,27582134,0.054914236068725586
4.151554107666016,647,27624897,0.05491185188293457
4.140702247619629,648,27667660,0.05519700050354004
4.165589809417725,649,27710423,0.055057525634765625
4.146876335144043,650,27753186,0.05517005920410156
4.144272327423096,651,27795949,0.05519604682922363
4.145473480224609,652,27838712,0.05519843101501465
4.180947780609131,653,27881475,0.055153846740722656
4.166190147399902,654,27924238,0.0552217960357666
4.121243953704834,655,27967001,0.05514955520629883
4.089347839355469,656,28009764,0.05606675148010254
4.155970096588135,657,28052527,0.05570387840270996
4.156353950500488,658,28095290,0.05544710159301758
4.113400936126709,659,28138053,0.055380821228027344
4.138235092163086,660,28180816,0.05540180206298828
4.118606090545654,661,28223579,0.05539131164550781
4.166262149810791,662,28266342,0.055359601974487305
4.103366851806641,663,28309105,0.05534076690673828
4.156506061553955,664,28351868,0.055419206619262695
4.128359317779541,665,28394631,0.05536842346191406
4.110378265380859,666,28437394,0.0553896427154541
4.144949913024902,667,28480157,0.0556180477142334
4.106938362121582,668,28522920,0.05559945106506348
4.132564067840576,669,28565683,0.055382728576660156
4.111331462860107,670,28608446,0.055417537689208984
4.120057106018066,671,28651209,0.055292367935180664
4.145811557769775,672,28693972,0.055429697036743164
4.105811595916748,673,28736735,0.055309295654296875
4.149203777313232,674,28779498,0.05485272407531738
4.120299339294434,675,28822261,0.05543231964111328
4.117776393890381,676,28865024,0.05532717704772949
4.1112446784973145,677,28907787,0.05522465705871582
4.112493991851807,678,28950550,0.05516195297241211
4.095462799072266,679,28993313,0.05520200729370117
4.1479997634887695,680,29036076,0.05565929412841797
4.138648509979248,681,29078839,0.055075883865356445
4.11848258972168,682,29121602,0.05530357360839844
4.150182247161865,683,29164365,0.05527138710021973
4.164327144622803,684,29207128,0.05554842948913574
4.1308064460754395,685,29249891,0.05521249771118164
4.1309099197387695,686,29292654,0.055414676666259766
4.128040313720703,687,29335417,0.05542612075805664
4.111455917358398,688,29378180,0.055406808853149414
4.132833003997803,689,29420943,0.05540943145751953
4.117602825164795,690,29463706,0.05539703369140625
4.132867813110352,691,29506469,0.0553433895111084
4.137476444244385,692,29549232,0.056508779525756836
4.119515419006348,693,29591995,0.055526018142700195
4.1537322998046875,694,29634758,0.05540609359741211
4.131659030914307,695,29677521,0.05548906326293945
4.110435962677002,696,29720284,0.055310964584350586
4.0857343673706055,697,29763047,0.0554964542388916
4.1493754386901855,698,29805810,0.05473661422729492
4.115611553192139,699,29848573,0.05534052848815918
4.135770320892334,700,29891336,0.05546283721923828
4.188281536102295,701,29934099,0.05540585517883301
4.126256465911865,702,29976862,0.055200815200805664
4.127240180969238,703,30019625,0.05533099174499512
4.123214244842529,704,30062388,0.05538773536682129
4.145361423492432,705,30105151,0.055419921875
4.137700080871582,706,30147914,0.05507802963256836
4.153059005737305,707,30190677,0.05488157272338867
4.1488142013549805,708,30233440,0.05534553527832031
4.141444683074951,709,30276203,0.055358171463012695
4.085842609405518,710,30318966,0.05524253845214844
4.160170078277588,711,30361729,0.05543088912963867
4.120357036590576,712,30404492,0.05506181716918945
4.164122581481934,713,30447255,0.05530381202697754
4.143678665161133,714,30490018,0.05547332763671875
4.1573872566223145,715,30532781,0.05497312545776367
4.109531879425049,716,30575544,0.05595707893371582
4.1147661209106445,717,30618307,0.05549454689025879
4.1367340087890625,718,30661070,0.05517101287841797
4.129669666290283,719,30703833,0.05582904815673828
4.107448577880859,720,30746596,0.055464982986450195
4.088759422302246,721,30789359,0.054836273193359375
4.142156600952148,722,30832122,0.055206298828125
4.1176934242248535,723,30874885,0.05525469779968262
4.128888130187988,724,30917648,0.055390357971191406
4.109236240386963,725,30960411,0.05532693862915039
4.167759418487549,726,31003174,0.05527973175048828
4.109315395355225,727,31045937,0.055294036865234375
4.112701416015625,728,31088700,0.05531191825866699
4.1447014808654785,729,31131463,0.055474281311035156
4.119246482849121,730,31174226,0.055524587631225586
4.13441276550293,731,31216989,0.055478811264038086
4.116158962249756,732,31259752,0.05570411682128906
4.113319396972656,733,31302515,0.05541253089904785
4.102049350738525,734,31345278,0.05526089668273926
4.086620330810547,735,31388041,0.05552077293395996
4.103387832641602,736,31430804,0.05554389953613281
4.107161045074463,737,31473567,0.05491471290588379
4.1537299156188965,738,31516330,0.055235862731933594
4.064474105834961,739,31559093,0.05498909950256348
4.079741477966309,740,31601856,0.05512642860412598
4.0848846435546875,741,31644619,0.05489516258239746
4.184722900390625,742,31687382,0.054697275161743164
4.076904296875,743,31730145,0.055274248123168945
4.12136697769165,744,31772908,0.055193185806274414
4.133874416351318,745,31815671,0.055036306381225586
4.126615047454834,746,31858434,0.0551908016204834
4.101018905639648,747,31901197,0.055835723876953125
4.108255386352539,748,31943960,0.05517697334289551
4.132574558258057,749,31986723,0.05491757392883301
4.123274326324463,750,32029486,0.05529212951660156
4.090904712677002,751,32072249,0.055389404296875
4.068662166595459,752,32115012,0.05536937713623047
4.086843967437744,753,32157775,0.05530548095703125
4.1593708992004395,754,32200538,0.05476045608520508
4.0981221199035645,755,32243301,0.0553436279296875
4.140259265899658,756,32286064,0.055299997329711914
4.130600452423096,757,32328827,0.055440425872802734
4.1013641357421875,758,32371590,0.055391788482666016
4.129235744476318,759,32414353,0.05552029609680176
4.155767440795898,760,32457116,0.05534791946411133
4.134003162384033,761,32499879,0.05495500564575195
4.090511798858643,762,32542642,0.0552675724029541
4.107814311981201,763,32585405,0.056017398834228516
4.11236047744751,764,32628168,0.05536651611328125
4.080012798309326,765,32670931,0.05535483360290527
4.081137657165527,766,32713694,0.05518627166748047
4.137477874755859,767,32756457,0.05508160591125488
4.103645324707031,768,32799220,0.05531668663024902
4.127125263214111,769,32841983,0.05539512634277344
4.065529823303223,770,32884746,0.055307865142822266
4.12632942199707,771,32927509,0.055008649826049805
4.122797012329102,772,32970272,0.05524754524230957
4.105508804321289,773,33013035,0.05547809600830078
4.1155009269714355,774,33055798,0.055234432220458984
4.100213050842285,775,33098561,0.054880619049072266
4.107417106628418,776,33141324,0.05542278289794922
4.107009410858154,777,33184087,0.05582904815673828
4.1276068687438965,778,33226850,0.05569863319396973
4.11088228225708,779,33269613,0.055519819259643555
4.143524646759033,780,33312376,0.05507922172546387
4.097353935241699,781,33355139,0.055400848388671875
4.118917465209961,782,33397902,0.05549955368041992
4.1092400550842285,783,33440665,0.05497455596923828
4.110489845275879,784,33483428,0.054891347885131836
4.050276279449463,785,33526191,0.055313825607299805
4.112973690032959,786,33568954,0.05547165870666504
4.07828426361084,787,33611717,0.055359840393066406
4.10934591293335,788,33654480,0.05548596382141113
4.104943752288818,789,33697243,0.0554654598236084
4.129862308502197,790,33740006,0.05550694465637207
4.087733745574951,791,33782769,0.055403709411621094
4.104427337646484,792,33825532,0.05558061599731445
4.132306098937988,793,33868295,0.05525469779968262
4.10366678237915,794,33911058,0.05559802055358887
4.143640995025635,795,33953821,0.055341482162475586
4.078968048095703,796,33996584,0.0553746223449707
4.163450717926025,797,34039347,0.05526328086853027
4.076400279998779,798,34082110,0.05534219741821289
4.0872344970703125,799,34124873,0.05665707588195801
4.093602657318115,800,34167636,0.05713295936584473
4.129047870635986,801,34210399,0.05759906768798828
4.115486145019531,802,34253162,0.05530118942260742
4.115741729736328,803,34295925,0.05608177185058594
4.1004462242126465,804,34338688,0.05539107322692871
4.073216438293457,805,34381451,0.055051565170288086
4.115598678588867,806,34424214,0.05674600601196289
4.0655517578125,807,34466977,0.056584835052490234
4.113291263580322,808,34509740,0.05572056770324707
4.0892767906188965,809,34552503,0.05599641799926758
4.130690097808838,810,34595266,0.05509543418884277
4.145049095153809,811,34638029,0.056185245513916016
4.074557781219482,812,34680792,0.055858612060546875
4.077339172363281,813,34723555,0.055680274963378906
4.054111480712891,814,34766318,0.05658602714538574
4.134903430938721,815,34809081,0.056464433670043945
4.083686351776123,816,34851844,0.0568387508392334
4.090972900390625,817,34894607,0.05594491958618164
4.111133575439453,818,34937370,0.05532264709472656
4.100043296813965,819,34980133,0.05555868148803711
4.133346080780029,820,35022896,0.055197954177856445
4.069852828979492,821,35065659,0.055637359619140625
4.1082444190979,822,35108422,0.055380821228027344
4.096232891082764,823,35151185,0.05567145347595215
4.076760292053223,824,35193948,0.05498480796813965
4.106500625610352,825,35236711,0.055586814880371094
4.1132965087890625,826,35279474,0.05573892593383789
4.070278644561768,827,35322237,0.05552864074707031
4.095754146575928,828,35365000,0.05562996864318848
4.117366790771484,829,35407763,0.055405616760253906
4.088685989379883,830,35450526,0.055526018142700195
4.097697734832764,831,35493289,0.05535387992858887
4.121232986450195,832,35536052,0.05549168586730957
4.114409923553467,833,35578815,0.055887460708618164
4.108272552490234,834,35621578,0.05606889724731445
4.096164703369141,835,35664341,0.05569624900817871
4.082437992095947,836,35707104,0.05524945259094238
4.10626220703125,837,35749867,0.055962562561035156
4.072893142700195,838,35792630,0.05541276931762695
4.101037979125977,839,35835393,0.05504775047302246
4.111578464508057,840,35878156,0.055450439453125
4.081180095672607,841,35920919,0.05552196502685547
4.098670959472656,842,35963682,0.05543065071105957
4.124165058135986,843,36006445,0.05540752410888672
4.070281028747559,844,36049208,0.0555419921875
4.091628551483154,845,36091971,0.05553746223449707
4.112459182739258,846,36134734,0.055564165115356445
4.101500034332275,847,36177497,0.055478572845458984
4.13240385055542,848,36220260,0.055249929428100586
4.107054233551025,849,36263023,0.055539846420288086
4.115909099578857,850,36305786,0.05559110641479492
4.092841625213623,851,36348549,0.05562853813171387
4.108611106872559,852,36391312,0.055661916732788086
4.090974807739258,853,36434075,0.0572965145111084
4.111387252807617,854,36476838,0.055829524993896484
4.1046552658081055,855,36519601,0.05540919303894043
4.097614288330078,856,36562364,0.057149410247802734
4.096611499786377,857,36605127,0.05595064163208008
4.10880708694458,858,36647890,0.05667757987976074
4.099498748779297,859,36690653,0.055808067321777344
4.123167514801025,860,36733416,0.05630922317504883
4.077479362487793,861,36776179,0.05643200874328613
4.098264217376709,862,36818942,0.05629897117614746
4.061159133911133,863,36861705,0.05572056770324707
4.028133869171143,864,36904468,0.05570340156555176
4.123689651489258,865,36947231,0.054862022399902344
4.114686489105225,866,36989994,0.05671334266662598
4.108553886413574,867,37032757,0.05680584907531738
4.049842834472656,868,37075520,0.055713653564453125
4.103935718536377,869,37118283,0.05633211135864258
4.097817897796631,870,37161046,0.05636882781982422
4.134020805358887,871,37203809,0.05519723892211914
4.111222267150879,872,37246572,0.05511927604675293
4.087648391723633,873,37289335,0.05597376823425293
4.107824802398682,874,37332098,0.05546140670776367
4.090475082397461,875,37374861,0.05539584159851074
4.116403102874756,876,37417624,0.057653188705444336
4.1045308113098145,877,37460387,0.056070804595947266
4.082866191864014,878,37503150,0.055834293365478516
4.135029315948486,879,37545913,0.05509233474731445
4.0567097663879395,880,37588676,0.05541849136352539
4.085414409637451,881,37631439,0.05581164360046387
4.104123592376709,882,37674202,0.055399179458618164
4.127320766448975,883,37716965,0.05496048927307129
4.084295272827148,884,37759728,0.055106163024902344
4.110922813415527,885,37802491,0.055403947830200195
4.090106010437012,886,37845254,0.05540871620178223
4.091238021850586,887,37888017,0.05528450012207031
4.06749153137207,888,37930780,0.055494070053100586
4.073686599731445,889,37973543,0.05498456954956055
4.035058975219727,890,38016306,0.05547928810119629
4.076137542724609,891,38059069,0.055181264877319336
4.082851886749268,892,38101832,0.055234670639038086
4.092198848724365,893,38144595,0.05622291564941406
4.099771499633789,894,38187358,0.05571913719177246
4.110439777374268,895,38230121,0.05529022216796875
4.100955963134766,896,38272884,0.05537724494934082
4.107685565948486,897,38315647,0.05537104606628418
4.055404186248779,898,38358410,0.055269718170166016
4.101911544799805,899,38401173,0.055530548095703125
4.080385684967041,900,38443936,0.0551297664642334
4.126408100128174,901,38486699,0.05539417266845703
4.105605602264404,902,38529462,0.05541086196899414
4.093818664550781,903,38572225,0.05553936958312988
4.082233905792236,904,38614988,0.05512189865112305
4.088874816894531,905,38657751,0.05549430847167969
4.079761981964111,906,38700514,0.05507993698120117
4.101415157318115,907,38743277,0.05529308319091797
4.0997161865234375,908,38786040,0.0554354190826416
4.062087535858154,909,38828803,0.05502772331237793
4.080257415771484,910,38871566,0.05486035346984863
4.067713737487793,911,38914329,0.055272817611694336
4.078002452850342,912,38957092,0.055483341217041016
4.055310249328613,913,38999855,0.055136680603027344
4.058788776397705,914,39042618,0.055298566818237305
4.062124252319336,915,39085381,0.05549764633178711
4.097975730895996,916,39128144,0.05556082725524902
4.106616973876953,917,39170907,0.05526542663574219
4.088741302490234,918,39213670,0.055316925048828125
4.0690016746521,919,39256433,0.05573248863220215
4.0969462394714355,920,39299196,0.05576515197753906
4.084389686584473,921,39341959,0.05532646179199219
4.043361186981201,922,39384722,0.05515098571777344
4.102171897888184,923,39427485,0.05536961555480957
4.0669684410095215,924,39470248,0.05549025535583496
4.09173059463501,925,39513011,0.05558276176452637
4.056629180908203,926,39555774,0.05514645576477051
4.096497058868408,927,39598537,0.05554795265197754
4.079844951629639,928,39641300,0.05548977851867676
4.1040873527526855,929,39684063,0.05544781684875488
4.083337783813477,930,39726826,0.05529618263244629
4.093160629272461,931,39769589,0.05542922019958496
4.064479827880859,932,39812352,0.05553579330444336
4.079610347747803,933,39855115,0.05519914627075195
4.0777740478515625,934,39897878,0.05549144744873047
4.064141750335693,935,39940641,0.05551409721374512
4.080544948577881,936,39983404,0.0555422306060791
4.0681657791137695,937,40026167,0.0551910400390625
4.096020221710205,938,40068930,0.05561518669128418
4.092774868011475,939,40111693,0.05600333213806152
4.086801052093506,940,40154456,0.055043935775756836
4.106595516204834,941,40197219,0.055260419845581055
4.087785243988037,942,40239982,0.05562448501586914
4.086660861968994,943,40282745,0.0558772087097168
4.07850980758667,944,40325508,0.05551767349243164
4.058138847351074,945,40368271,0.05570101737976074
4.097414016723633,946,40411034,0.05592536926269531
4.0835394859313965,947,40453797,0.0549774169921875
4.089918613433838,948,40496560,0.054811954498291016
4.123846530914307,949,40539323,0.05499267578125
4.092848777770996,950,40582086,0.05516338348388672
4.116981506347656,951,40624849,0.05532073974609375
4.100529670715332,952,40667612,0.05540299415588379
4.104363918304443,953,40710375,0.0555112361907959
4.084743499755859,954,40753138,0.05541205406188965
4.084892749786377,955,40795901,0.05549788475036621
4.035025596618652,956,40838664,0.05536508560180664
4.095223903656006,957,40881427,0.05537295341491699
4.073267459869385,958,40924190,0.05529618263244629
4.039435386657715,959,40966953,0.05531668663024902
4.048806190490723,960,41009716,0.05557727813720703
4.082661151885986,961,41052479,0.0553739070892334
4.077895164489746,962,41095242,0.055541038513183594
4.064816951751709,963,41138005,0.05545783042907715
4.076046466827393,964,41180768,0.05549025535583496
4.087690830230713,965,41223531,0.055620431900024414
4.077072620391846,966,41266294,0.05550050735473633
4.104780197143555,967,41309057,0.055411338806152344
4.10903263092041,968,41351820,0.05538058280944824
4.064969062805176,969,41394583,0.05542874336242676
4.064325332641602,970,41437346,0.05548739433288574
4.04693078994751,971,41480109,0.05546927452087402
4.0546112060546875,972,41522872,0.05624270439147949
4.09181547164917,973,41565635,0.05543923377990723
4.0786895751953125,974,41608398,0.0554962158203125
4.040117263793945,975,41651161,0.05546164512634277
4.045030117034912,976,41693924,0.05543112754821777
4.053438663482666,977,41736687,0.05536460876464844
4.103610038757324,978,41779450,0.05533027648925781
4.081669330596924,979,41822213,0.05552196502685547
4.08280611038208,980,41864976,0.05492377281188965
4.091666221618652,981,41907739,0.055005550384521484
4.06857967376709,982,41950502,0.05465555191040039
4.084261894226074,983,41993265,0.054730892181396484
4.034478187561035,984,42036028,0.05475497245788574
4.1105451583862305,985,42078791,0.0547947883605957
4.089902400970459,986,42121554,0.05481839179992676
4.0803728103637695,987,42164317,0.054808616638183594
4.054681301116943,988,42207080,0.054918527603149414
4.0936126708984375,989,42249843,0.05468869209289551
4.074641704559326,990,42292606,0.054728031158447266
4.09830904006958,991,42335369,0.054735660552978516
4.052470684051514,992,42378132,0.05478692054748535
4.119769096374512,993,42420895,0.054947853088378906
4.089743137359619,994,42463658,0.05497384071350098
4.058360576629639,995,42506421,0.054574012756347656
4.072533130645752,996,42549184,0.05469655990600586
4.0898637771606445,997,42591947,0.05475115776062012
4.054841041564941,998,42634710,0.0548863410949707
4.054244041442871,999,42677473,0.054877519607543945
4.0808820724487305,1000,42720236,0.05483388900756836
4.059866428375244,1001,42762999,0.05478072166442871
4.09427547454834,1002,42805762,0.060591936111450195
4.071762561798096,1003,42848525,0.05492401123046875
4.065201759338379,1004,42891288,0.05498981475830078
4.096258163452148,1005,42934051,0.05491018295288086
4.0992865562438965,1006,42976814,0.05512571334838867
4.087474346160889,1007,43019577,0.05499744415283203
4.079808712005615,1008,43062340,0.055025577545166016
4.083889007568359,1009,43105103,0.05504322052001953
4.0751142501831055,1010,43147866,0.05502963066101074
4.078362464904785,1011,43190629,0.05649113655090332
4.076813697814941,1012,43233392,0.05591177940368652
4.105978012084961,1013,43276155,0.055370330810546875
4.04363489151001,1014,43318918,0.05508232116699219
4.101186275482178,1015,43361681,0.05505037307739258
4.0732879638671875,1016,43404444,0.054921865463256836
4.082304000854492,1017,43447207,0.054958343505859375
4.073919773101807,1018,43489970,0.05521583557128906
4.070720672607422,1019,43532733,0.05495429039001465
4.038590908050537,1020,43575496,0.05496859550476074
4.059208393096924,1021,43618259,0.05573916435241699
4.0981364250183105,1022,43661022,0.05512857437133789
4.082515716552734,1023,43703785,0.055054426193237305
4.0557966232299805,1024,43746548,0.055585622787475586
4.0782318115234375,1025,43789311,0.05529379844665527
4.080976486206055,1026,43832074,0.05502152442932129
4.07007360458374,1027,43874837,0.0550689697265625
4.1108622550964355,1028,43917600,0.054981231689453125
4.069080829620361,1029,43960363,0.054915666580200195
4.095420837402344,1030,44003126,0.055837392807006836
4.0744242668151855,1031,44045889,0.05536246299743652
4.093606948852539,1032,44088652,0.05499410629272461
4.078759670257568,1033,44131415,0.05495047569274902
4.067946910858154,1034,44174178,0.05473732948303223
4.079551696777344,1035,44216941,0.05543804168701172
4.099799156188965,1036,44259704,0.05493426322937012
4.081577301025391,1037,44302467,0.054781436920166016
4.106468200683594,1038,44345230,0.054778337478637695
4.076009750366211,1039,44387993,0.05498003959655762
4.070473670959473,1040,44430756,0.05468606948852539
4.066666603088379,1041,44473519,0.05468320846557617
4.087188243865967,1042,44516282,0.054731130599975586
4.042555809020996,1043,44559045,0.05540585517883301
4.050800800323486,1044,44601808,0.05497884750366211
4.069195747375488,1045,44644571,0.05465078353881836
4.083637714385986,1046,44687334,0.0545656681060791
4.051438331604004,1047,44730097,0.05525016784667969
4.066307544708252,1048,44772860,0.05480146408081055
4.071926593780518,1049,44815623,0.05476021766662598
4.099311828613281,1050,44858386,0.05468630790710449
4.025778293609619,1051,44901149,0.054987430572509766
4.057714462280273,1052,44943912,0.05461835861206055
4.086817741394043,1053,44986675,0.05458998680114746
4.039275646209717,1054,45029438,0.05456686019897461
4.049483776092529,1055,45072201,0.05567812919616699
4.0468010902404785,1056,45114964,0.055205345153808594
4.100248336791992,1057,45157727,0.05487966537475586
4.043217658996582,1058,45200490,0.05476808547973633
4.060000419616699,1059,45243253,0.05470848083496094
4.064847469329834,1060,45286016,0.05491948127746582
4.032569408416748,1061,45328779,0.054882049560546875
4.072091579437256,1062,45371542,0.05504751205444336
4.078303813934326,1063,45414305,0.055072784423828125
4.035141468048096,1064,45457068,0.055008649826049805
4.085192680358887,1065,45499831,0.05487561225891113
4.100058078765869,1066,45542594,0.054936885833740234
4.068207740783691,1067,45585357,0.05464649200439453
4.097613334655762,1068,45628120,0.05460476875305176
4.0623459815979,1069,45670883,0.05468940734863281
4.07222843170166,1070,45713646,0.05493664741516113
4.043903827667236,1071,45756409,0.05481314659118652
4.078372001647949,1072,45799172,0.05607485771179199
4.0556488037109375,1073,45841935,0.05484747886657715
4.082180976867676,1074,45884698,0.05459856986999512
4.100210189819336,1075,45927461,0.054672956466674805
4.057798862457275,1076,45970224,0.05482077598571777
4.053401947021484,1077,46012987,0.05510997772216797
4.030483722686768,1078,46055750,0.05492663383483887
4.070522785186768,1079,46098513,0.05467557907104492
4.0879130363464355,1080,46141276,0.05475878715515137
4.045962333679199,1081,46184039,0.05486631393432617
4.116044998168945,1082,46226802,0.054700374603271484
4.0845232009887695,1083,46269565,0.05466270446777344
4.124954700469971,1084,46312328,0.05470085144042969
4.073732376098633,1085,46355091,0.05468630790710449
4.039030075073242,1086,46397854,0.0546879768371582
4.0355095863342285,1087,46440617,0.05483865737915039
4.071113109588623,1088,46483380,0.055361270904541016
4.057655334472656,1089,46526143,0.055631399154663086
4.08883810043335,1090,46568906,0.054988861083984375
4.0769243240356445,1091,46611669,0.05514240264892578
4.071770668029785,1092,46654432,0.05474424362182617
4.053005695343018,1093,46697195,0.05478024482727051
4.04996919631958,1094,46739958,0.05478358268737793
4.071489334106445,1095,46782721,0.05473804473876953
4.062069892883301,1096,46825484,0.05477452278137207
4.059502124786377,1097,46868247,0.054837703704833984
4.011784553527832,1098,46911010,0.05490255355834961
4.075440406799316,1099,46953773,0.054854631423950195
4.084532260894775,1100,46996536,0.05495142936706543
4.0610127449035645,1101,47039299,0.054650306701660156
4.076026916503906,1102,47082062,0.05509066581726074
4.040632724761963,1103,47124825,0.05506157875061035
4.024965763092041,1104,47167588,0.05480456352233887
4.073963165283203,1105,47210351,0.05483579635620117
4.098191261291504,1106,47253114,0.054610252380371094
4.089751243591309,1107,47295877,0.05484175682067871
4.078105449676514,1108,47338640,0.05462980270385742
4.097385883331299,1109,47381403,0.05468893051147461
4.038481712341309,1110,47424166,0.0554957389831543
4.091423511505127,1111,47466929,0.05477643013000488
4.074615478515625,1112,47509692,0.054718017578125
4.04774284362793,1113,47552455,0.054700374603271484
4.112995624542236,1114,47595218,0.05479574203491211
4.06488037109375,1115,47637981,0.05480647087097168
4.069772243499756,1116,47680744,0.054898977279663086
4.085809230804443,1117,47723507,0.05518984794616699
4.076570987701416,1118,47766270,0.05486440658569336
4.070218563079834,1119,47809033,0.0548405647277832
4.060060024261475,1120,47851796,0.054871320724487305
4.058292865753174,1121,47894559,0.05467581748962402
4.081223487854004,1122,47937322,0.05457496643066406
4.034750938415527,1123,47980085,0.05460333824157715
4.062779903411865,1124,48022848,0.05469346046447754
4.0505146980285645,1125,48065611,0.05484962463378906
4.065911293029785,1126,48108374,0.054639577865600586
4.031559467315674,1127,48151137,0.05488157272338867
4.0663275718688965,1128,48193900,0.054921865463256836
4.02813196182251,1129,48236663,0.05471348762512207
4.099428176879883,1130,48279426,0.054636240005493164
4.083968162536621,1131,48322189,0.055594682693481445
4.064670562744141,1132,48364952,0.05526590347290039
4.029857158660889,1133,48407715,0.0547177791595459
4.067403316497803,1134,48450478,0.055145978927612305
4.067898750305176,1135,48493241,0.054851531982421875
4.028204441070557,1136,48536004,0.05503106117248535
4.029499053955078,1137,48578767,0.05458545684814453
4.051024436950684,1138,48621530,0.054670095443725586
4.07387638092041,1139,48664293,0.0546722412109375
4.0497565269470215,1140,48707056,0.055155038833618164
4.049159049987793,1141,48749819,0.05507850646972656
4.080367088317871,1142,48792582,0.05473756790161133
4.070164203643799,1143,48835345,0.05501675605773926
4.095961570739746,1144,48878108,0.054740190505981445
4.0752129554748535,1145,48920871,0.054776668548583984
4.068759441375732,1146,48963634,0.05468416213989258
4.069424629211426,1147,49006397,0.054747819900512695
4.059250831604004,1148,49049160,0.054790496826171875
4.079181671142578,1149,49091923,0.05512499809265137
4.089498996734619,1150,49134686,0.054888010025024414
4.074588775634766,1151,49177449,0.05478048324584961
4.053857326507568,1152,49220212,0.0547487735748291
4.062788009643555,1153,49262975,0.05466914176940918
4.067070960998535,1154,49305738,0.05478310585021973
4.031607151031494,1155,49348501,0.0548553466796875
4.052670955657959,1156,49391264,0.05456233024597168
4.066584587097168,1157,49434027,0.05473661422729492
4.037869930267334,1158,49476790,0.0547022819519043
4.038684368133545,1159,49519553,0.05614280700683594
4.10012149810791,1160,49562316,0.054822444915771484
4.047804355621338,1161,49605079,0.05474281311035156
4.083150863647461,1162,49647842,0.05467629432678223
4.033775806427002,1163,49690605,0.054731130599975586
4.052786350250244,1164,49733368,0.05470561981201172
4.0273919105529785,1165,49776131,0.05467724800109863
4.087888240814209,1166,49818894,0.05462455749511719
4.069571018218994,1167,49861657,0.055106401443481445
4.058225154876709,1168,49904420,0.05521392822265625
4.046955585479736,1169,49947183,0.05492353439331055
4.03788948059082,1170,49989946,0.05462765693664551
4.025321006774902,1171,50032709,0.054662227630615234
4.056840419769287,1172,50075472,0.05472159385681152
4.068646430969238,1173,50118235,0.05454897880554199
4.05751895904541,1174,50160998,0.05481386184692383
4.053695201873779,1175,50203761,0.054674625396728516
4.02915620803833,1176,50246524,0.05487966537475586
4.060466766357422,1177,50289287,0.05485343933105469
4.125509262084961,1178,50332050,0.0547330379486084
4.041143894195557,1179,50374813,0.054575204849243164
4.056395530700684,1180,50417576,0.05455589294433594
4.086901664733887,1181,50460339,0.05475783348083496
4.077968120574951,1182,50503102,0.05471992492675781
4.076222896575928,1183,50545865,0.05497860908508301
4.053307056427002,1184,50588628,0.05478715896606445
4.1060004234313965,1185,50631391,0.054517507553100586
4.066200256347656,1186,50674154,0.05590653419494629
4.036002159118652,1187,50716917,0.054984331130981445
4.0156755447387695,1188,50759680,0.054587364196777344
4.023446559906006,1189,50802443,0.05486583709716797
4.087732791900635,1190,50845206,0.05469059944152832
4.070533275604248,1191,50887969,0.05463147163391113
4.061763763427734,1192,50930732,0.054763078689575195
4.089793682098389,1193,50973495,0.05504012107849121
4.05869197845459,1194,51016258,0.05487322807312012
4.05237340927124,1195,51059021,0.05478858947753906
4.062293529510498,1196,51101784,0.05485963821411133
4.080000400543213,1197,51144547,0.05481266975402832
4.042967796325684,1198,51187310,0.054805755615234375
4.068612098693848,1199,51230073,0.05473613739013672
4.079136371612549,1200,51272836,0.05478692054748535
4.0459418296813965,1201,51315599,0.05472588539123535
4.06117057800293,1202,51358362,0.05481767654418945
4.028512477874756,1203,51401125,0.05470752716064453
4.080962181091309,1204,51443888,0.05482649803161621
4.053599834442139,1205,51486651,0.054686784744262695
4.062938213348389,1206,51529414,0.054800987243652344
4.084410667419434,1207,51572177,0.054720401763916016
4.034285545349121,1208,51614940,0.05473756790161133
4.044944763183594,1209,51657703,0.054898738861083984
4.050956726074219,1210,51700466,0.05475473403930664
4.075823783874512,1211,51743229,0.054900407791137695
4.072182655334473,1212,51785992,0.05478549003601074
4.059134483337402,1213,51828755,0.054639339447021484
4.041020393371582,1214,51871518,0.05468606948852539
4.083642482757568,1215,51914281,0.05488896369934082
4.047890663146973,1216,51957044,0.055001020431518555
4.061385154724121,1217,51999807,0.054648399353027344
4.034683704376221,1218,52042570,0.054552555084228516
3.9876868724823,1219,52085333,0.05469822883605957
4.067079067230225,1220,52128096,0.05473828315734863
4.0530781745910645,1221,52170859,0.054841041564941406
4.057888031005859,1222,52213622,0.05482769012451172
4.015435218811035,1223,52256385,0.05628037452697754
4.073363304138184,1224,52299148,0.05474567413330078
4.058943271636963,1225,52341911,0.05490899085998535
4.069004058837891,1226,52384674,0.05473518371582031
4.067647457122803,1227,52427437,0.05475926399230957
4.0956268310546875,1228,52470200,0.0546722412109375
4.053508281707764,1229,52512963,0.054823875427246094
4.058333873748779,1230,52555726,0.05477142333984375
4.069746494293213,1231,52598489,0.0547335147857666
4.0285491943359375,1232,52641252,0.054660797119140625
4.077649116516113,1233,52684015,0.05485343933105469
4.05049991607666,1234,52726778,0.054608821868896484
4.051796913146973,1235,52769541,0.055084943771362305
4.0222578048706055,1236,52812304,0.05465292930603027
4.071613311767578,1237,52855067,0.054573774337768555
4.087058067321777,1238,52897830,0.05463266372680664
4.090424537658691,1239,52940593,0.05475449562072754
4.077574253082275,1240,52983356,0.05471372604370117
4.0978193283081055,1241,53026119,0.05481743812561035
4.048491477966309,1242,53068882,0.05457663536071777
4.061364650726318,1243,53111645,0.05480384826660156
4.084620475769043,1244,53154408,0.0548403263092041
4.0272722244262695,1245,53197171,0.054639577865600586
4.08613920211792,1246,53239934,0.05452299118041992
4.075560092926025,1247,53282697,0.05459189414978027
4.048645496368408,1248,53325460,0.05518698692321777
4.028835296630859,1249,53368223,0.05489754676818848
4.028509616851807,1250,53410986,0.055086374282836914
4.077385902404785,1251,53453749,0.05510401725769043
4.0949907302856445,1252,53496512,0.05518317222595215
4.026737689971924,1253,53539275,0.05516767501831055
4.030048847198486,1254,53582038,0.05516672134399414
4.042885780334473,1255,53624801,0.055194854736328125
4.040594577789307,1256,53667564,0.055373430252075195
4.02927303314209,1257,53710327,0.05520129203796387
4.068010330200195,1258,53753090,0.055414438247680664
4.0519561767578125,1259,53795853,0.05612969398498535
4.034261703491211,1260,53838616,0.05585908889770508
4.055018424987793,1261,53881379,0.055262088775634766
4.076163291931152,1262,53924142,0.05545473098754883
4.039186000823975,1263,53966905,0.05532383918762207
4.047112464904785,1264,54009668,0.05535769462585449
4.0635833740234375,1265,54052431,0.05533957481384277
4.080705165863037,1266,54095194,0.055326223373413086
4.048506259918213,1267,54137957,0.05540347099304199
4.018146991729736,1268,54180720,0.0557398796081543
4.085732936859131,1269,54223483,0.057443857192993164
4.0683274269104,1270,54266246,0.05680489540100098
4.03488302230835,1271,54309009,0.05652785301208496
4.068549156188965,1272,54351772,0.05680394172668457
4.050534248352051,1273,54394535,0.05544900894165039
4.045201778411865,1274,54437298,0.05546236038208008
4.028128623962402,1275,54480061,0.05597043037414551
4.064383506774902,1276,54522824,0.05533576011657715
4.076014995574951,1277,54565587,0.0550236701965332
4.11490535736084,1278,54608350,0.055536508560180664
4.052812576293945,1279,54651113,0.05540299415588379
4.081760883331299,1280,54693876,0.055474042892456055
4.044107437133789,1281,54736639,0.05533766746520996
4.052815914154053,1282,54779402,0.05536293983459473
4.07595682144165,1283,54822165,0.055260658264160156
4.070164680480957,1284,54864928,0.055320024490356445
4.081561088562012,1285,54907691,0.055321455001831055
4.043182849884033,1286,54950454,0.055403709411621094
3.9833459854125977,1287,54993217,0.05556130409240723
4.03631067276001,1288,55035980,0.0552973747253418
4.049973964691162,1289,55078743,0.05558919906616211
4.0461225509643555,1290,55121506,0.05559372901916504
4.07673978805542,1291,55164269,0.05528378486633301
4.064457893371582,1292,55207032,0.05553436279296875
4.043612957000732,1293,55249795,0.055487871170043945
4.070512294769287,1294,55292558,0.055409908294677734
4.038205623626709,1295,55335321,0.05552387237548828
4.029977321624756,1296,55378084,0.0555574893951416
4.02744722366333,1297,55420847,0.05536603927612305
4.059403896331787,1298,55463610,0.055521488189697266
4.061263561248779,1299,55506373,0.05556201934814453
3.9952640533447266,1300,55549136,0.05499768257141113
4.052717685699463,1301,55591899,0.05519986152648926
4.023608684539795,1302,55634662,0.05535411834716797
4.086034297943115,1303,55677425,0.05520319938659668
4.0558085441589355,1304,55720188,0.05527853965759277
4.062779903411865,1305,55762951,0.05668783187866211
4.070037841796875,1306,55805714,0.0557708740234375
4.089295387268066,1307,55848477,0.055470943450927734
4.076360702514648,1308,55891240,0.05550360679626465
4.064152240753174,1309,55934003,0.05512237548828125
4.088221549987793,1310,55976766,0.05527186393737793
4.0929975509643555,1311,56019529,0.05515241622924805
4.0364861488342285,1312,56062292,0.0554196834564209
4.050655364990234,1313,56105055,0.0553131103515625
4.0594658851623535,1314,56147818,0.05537748336791992
4.052637100219727,1315,56190581,0.05526399612426758
4.048386573791504,1316,56233344,0.055100440979003906
4.052399158477783,1317,56276107,0.055307626724243164
4.039004802703857,1318,56318870,0.05505847930908203
4.0234808921813965,1319,56361633,0.05530285835266113
4.039421081542969,1320,56404396,0.05544114112854004
4.013673305511475,1321,56447159,0.05549478530883789
4.004449844360352,1322,56489922,0.05558347702026367
4.047903060913086,1323,56532685,0.055533647537231445
4.056546688079834,1324,56575448,0.055397748947143555
4.047361850738525,1325,56618211,0.05549311637878418
4.064730167388916,1326,56660974,0.0553133487701416
4.021044731140137,1327,56703737,0.05511188507080078
4.065337657928467,1328,56746500,0.055022478103637695
4.034461498260498,1329,56789263,0.05552959442138672
4.061297416687012,1330,56832026,0.05552482604980469
4.039717674255371,1331,56874789,0.0555727481842041
4.08881950378418,1332,56917552,0.05521059036254883
4.010181903839111,1333,56960315,0.055489301681518555
4.051440715789795,1334,57003078,0.05533552169799805
4.055224418640137,1335,57045841,0.054846763610839844
4.018446445465088,1336,57088604,0.055405378341674805
4.060689449310303,1337,57131367,0.055384159088134766
4.0815653800964355,1338,57174130,0.05534219741821289
4.081228256225586,1339,57216893,0.055420637130737305
4.0797810554504395,1340,57259656,0.05503225326538086
4.069811820983887,1341,57302419,0.05525803565979004
4.06892204284668,1342,57345182,0.05536293983459473
4.00078010559082,1343,57387945,0.05534648895263672
4.071631908416748,1344,57430708,0.05517721176147461
4.055809020996094,1345,57473471,0.055025577545166016
4.045248031616211,1346,57516234,0.05482888221740723
4.039656639099121,1347,57558997,0.055100202560424805
4.042508602142334,1348,57601760,0.05520153045654297
4.049495697021484,1349,57644523,0.05523276329040527
4.081888675689697,1350,57687286,0.05496716499328613
4.040246486663818,1351,57730049,0.05518388748168945
4.0598649978637695,1352,57772812,0.05610179901123047
4.107326507568359,1353,57815575,0.055452585220336914
4.006922721862793,1354,57858338,0.055528879165649414
4.065305709838867,1355,57901101,0.055063724517822266
4.042425155639648,1356,57943864,0.055449724197387695
4.073770999908447,1357,57986627,0.05495405197143555
4.048573970794678,1358,58029390,0.05536985397338867
4.0799055099487305,1359,58072153,0.05506587028503418
4.05238676071167,1360,58114916,0.055429697036743164
4.082622051239014,1361,58157679,0.0554506778717041
4.0261406898498535,1362,58200442,0.055429697036743164
4.006773471832275,1363,58243205,0.05528759956359863
4.018862247467041,1364,58285968,0.055519819259643555
4.042268753051758,1365,58328731,0.05540943145751953
3.9994609355926514,1366,58371494,0.05487799644470215
4.074013710021973,1367,58414257,0.05510878562927246
4.046348571777344,1368,58457020,0.05548524856567383
4.041811466217041,1369,58499783,0.05542874336242676
4.058091163635254,1370,58542546,0.05510520935058594
4.050474643707275,1371,58585309,0.05537819862365723
4.043546676635742,1372,58628072,0.05561375617980957
4.065359592437744,1373,58670835,0.05530405044555664
4.030576705932617,1374,58713598,0.05531954765319824
4.075026512145996,1375,58756361,0.05544257164001465
4.000796318054199,1376,58799124,0.05550551414489746
4.083932399749756,1377,58841887,0.05534815788269043
4.081744194030762,1378,58884650,0.05536246299743652
4.068140029907227,1379,58927413,0.05547165870666504
4.017793655395508,1380,58970176,0.05557751655578613
4.023690700531006,1381,59012939,0.0552976131439209
4.048767566680908,1382,59055702,0.05546760559082031
4.07545804977417,1383,59098465,0.05533099174499512
4.040836334228516,1384,59141228,0.05554914474487305
4.0739545822143555,1385,59183991,0.05528903007507324
4.040159702301025,1386,59226754,0.055457353591918945
4.057309627532959,1387,59269517,0.05533599853515625
4.042157173156738,1388,59312280,0.05536675453186035
4.069962024688721,1389,59355043,0.05672740936279297
4.068184852600098,1390,59397806,0.05662131309509277
4.032007694244385,1391,59440569,0.05657625198364258
4.045854568481445,1392,59483332,0.05702662467956543
4.034343719482422,1393,59526095,0.0556488037109375
4.05783748626709,1394,59568858,0.05648922920227051
4.03310489654541,1395,59611621,0.055367231369018555
4.107834339141846,1396,59654384,0.05521202087402344
4.04494571685791,1397,59697147,0.05507373809814453
4.029077529907227,1398,59739910,0.055368661880493164
4.017926216125488,1399,59782673,0.05541276931762695
4.054130554199219,1400,59825436,0.05532264709472656
4.004236698150635,1401,59868199,0.05554676055908203
4.0678300857543945,1402,59910962,0.055530548095703125
4.041964054107666,1403,59953725,0.05544543266296387
4.0683817863464355,1404,59996488,0.05541396141052246
4.053752422332764,1405,60039251,0.05500030517578125
4.036732196807861,1406,60082014,0.05527234077453613
4.022718906402588,1407,60124777,0.05528998374938965
4.059602737426758,1408,60167540,0.0554051399230957
4.029400825500488,1409,60210303,0.05537533760070801
4.016385555267334,1410,60253066,0.055559396743774414
4.009927749633789,1411,60295829,0.05536508560180664
3.9795100688934326,1412,60338592,0.05665874481201172
4.054492950439453,1413,60381355,0.055594682693481445
4.038522720336914,1414,60424118,0.05548405647277832
4.0511603355407715,1415,60466881,0.05543780326843262
4.060986518859863,1416,60509644,0.05552506446838379
4.048332691192627,1417,60552407,0.055124759674072266
3.994795560836792,1418,60595170,0.05515146255493164
3.9789717197418213,1419,60637933,0.05522346496582031
4.039705753326416,1420,60680696,0.055583953857421875
4.028592109680176,1421,60723459,0.05594444274902344
4.0578413009643555,1422,60766222,0.0566866397857666
4.005287170410156,1423,60808985,0.05677056312561035
4.0262227058410645,1424,60851748,0.05516695976257324
4.049158573150635,1425,60894511,0.05532503128051758
4.03311014175415,1426,60937274,0.05630850791931152
4.053300380706787,1427,60980037,0.056937456130981445
4.031610012054443,1428,61022800,0.05657815933227539
4.0874152183532715,1429,61065563,0.05521726608276367
4.070565223693848,1430,61108326,0.05675554275512695
4.064753532409668,1431,61151089,0.05556440353393555
4.008677005767822,1432,61193852,0.05570554733276367
4.075007915496826,1433,61236615,0.05544018745422363
4.011586666107178,1434,61279378,0.05542778968811035
4.065499782562256,1435,61322141,0.05541229248046875
4.065186977386475,1436,61364904,0.05502796173095703
4.054385662078857,1437,61407667,0.05541634559631348
4.050660133361816,1438,61450430,0.055484771728515625
4.063643932342529,1439,61493193,0.05480051040649414
4.055830478668213,1440,61535956,0.05552554130554199
4.0540971755981445,1441,61578719,0.055524349212646484
4.054729461669922,1442,61621482,0.05634641647338867
4.0234856605529785,1443,61664245,0.056028127670288086
4.029501438140869,1444,61707008,0.05540013313293457
4.053967475891113,1445,61749771,0.05537819862365723
4.019602298736572,1446,61792534,0.054851531982421875
4.023232936859131,1447,61835297,0.05537867546081543
4.088598728179932,1448,61878060,0.055565834045410156
4.004518985748291,1449,61920823,0.055371999740600586
4.051385879516602,1450,61963586,0.055487871170043945
4.060225009918213,1451,62006349,0.055445194244384766
4.061771869659424,1452,62049112,0.05542325973510742
4.067542552947998,1453,62091875,0.055328369140625
4.071264743804932,1454,62134638,0.055724382400512695
4.045849800109863,1455,62177401,0.05626654624938965
4.024853706359863,1456,62220164,0.05559968948364258
4.03501558303833,1457,62262927,0.05573582649230957
3.991354465484619,1458,62305690,0.05562138557434082
4.060586452484131,1459,62348453,0.05544304847717285
4.066766738891602,1460,62391216,0.05539250373840332
4.052101135253906,1461,62433979,0.05551266670227051
4.07723331451416,1462,62476742,0.05563187599182129
4.0285868644714355,1463,62519505,0.05557894706726074
4.046401500701904,1464,62562268,0.055474042892456055
4.0857319831848145,1465,62605031,0.05530738830566406
4.040070056915283,1466,62647794,0.055387258529663086
4.030373573303223,1467,62690557,0.0549769401550293
4.073411464691162,1468,62733320,0.055460453033447266
4.0391387939453125,1469,62776083,0.05628514289855957
4.036321640014648,1470,62818846,0.05675768852233887
4.0472731590271,1471,62861609,0.05632829666137695
4.054544448852539,1472,62904372,0.05631399154663086
4.039700508117676,1473,62947135,0.05612540245056152
4.043963432312012,1474,62989898,0.05586504936218262
4.067205429077148,1475,63032661,0.05551433563232422
4.063514232635498,1476,63075424,0.055577993392944336
4.076447010040283,1477,63118187,0.05554509162902832
4.053111553192139,1478,63160950,0.05529022216796875
4.012097358703613,1479,63203713,0.05526852607727051
4.039459228515625,1480,63246476,0.05561661720275879
4.02034854888916,1481,63289239,0.05538177490234375
4.056658744812012,1482,63332002,0.05708050727844238
4.045480728149414,1483,63374765,0.05600619316101074
4.050815105438232,1484,63417528,0.055563926696777344
4.059610843658447,1485,63460291,0.05519843101501465
4.036816596984863,1486,63503054,0.05737161636352539
4.014346599578857,1487,63545817,0.05565166473388672
4.037055969238281,1488,63588580,0.05548238754272461
4.065508842468262,1489,63631343,0.05494976043701172
4.029397010803223,1490,63674106,0.05511593818664551
4.049840450286865,1491,63716869,0.0554654598236084
4.061872482299805,1492,63759632,0.05596280097961426
4.050452709197998,1493,63802395,0.0553135871887207
4.04100227355957,1494,63845158,0.05632162094116211
3.998115301132202,1495,63887921,0.05610489845275879
4.01594352722168,1496,63930684,0.05772137641906738
4.028609752655029,1497,63973447,0.0558466911315918
3.9886879920959473,1498,64016210,0.0561366081237793
4.064600467681885,1499,64058973,0.058982133865356445
4.045368194580078,1500,64101736,0.056015729904174805
4.1083760261535645,1501,64144499,0.05703997611999512
4.016724586486816,1502,64187262,0.05955076217651367
4.044193267822266,1503,64230025,0.06035733222961426
4.030709743499756,1504,64272788,0.05868196487426758
4.047628402709961,1505,64315551,0.05842757225036621
4.088240623474121,1506,64358314,0.06026721000671387
4.023337364196777,1507,64401077,0.058597564697265625
4.006386756896973,1508,64443840,0.058736562728881836
4.048604488372803,1509,64486603,0.05832195281982422
4.061717987060547,1510,64529366,0.058349609375
4.068889141082764,1511,64572129,0.05792355537414551
4.0493340492248535,1512,64614892,0.05826425552368164
4.034287929534912,1513,64657655,0.05915498733520508
4.0402984619140625,1514,64700418,0.05888557434082031
4.04923677444458,1515,64743181,0.05790901184082031
4.053118705749512,1516,64785944,0.05828046798706055
4.048126697540283,1517,64828707,0.057824134826660156
4.022891998291016,1518,64871470,0.057820796966552734
4.061124801635742,1519,64914233,0.058608055114746094
4.014493465423584,1520,64956996,0.05830025672912598
4.043525218963623,1521,64999759,0.05853438377380371
4.042718410491943,1522,65042522,0.05809283256530762
4.089059829711914,1523,65085285,0.0572972297668457
4.048537731170654,1524,65128048,0.05752134323120117
4.054877758026123,1525,65170811,0.0575101375579834
4.0532026290893555,1526,65213574,0.057272911071777344
4.040925025939941,1527,65256337,0.057219505310058594
4.059887409210205,1528,65299100,0.057906150817871094
4.0355706214904785,1529,65341863,0.05732226371765137
3.983412981033325,1530,65384626,0.0573420524597168
4.030854225158691,1531,65427389,0.05723857879638672
3.995547294616699,1532,65470152,0.05812716484069824
4.0511651039123535,1533,65512915,0.05721640586853027
4.036306858062744,1534,65555678,0.0573427677154541
4.01857328414917,1535,65598441,0.057419776916503906
4.0240373611450195,1536,65641204,0.05758523941040039
4.01824951171875,1537,65683967,0.05713653564453125
4.010798454284668,1538,65726730,0.05728936195373535
4.060329437255859,1539,65769493,0.05754733085632324
4.045468330383301,1540,65812256,0.05797696113586426
4.022225856781006,1541,65855019,0.05765795707702637
4.038546085357666,1542,65897782,0.057491302490234375
4.060835838317871,1543,65940545,0.05804085731506348
4.01809549331665,1544,65983308,0.0573885440826416
4.055014610290527,1545,66026071,0.057390451431274414
4.070049285888672,1546,66068834,0.057329654693603516
4.030545711517334,1547,66111597,0.05903768539428711
4.054597854614258,1548,66154360,0.058997392654418945
4.032520771026611,1549,66197123,0.057991743087768555
4.011096477508545,1550,66239886,0.0573267936706543
4.017020225524902,1551,66282649,0.05755329132080078
4.0367207527160645,1552,66325412,0.05782508850097656
4.02468204498291,1553,66368175,0.05793118476867676
4.0326690673828125,1554,66410938,0.057671308517456055
4.035600662231445,1555,66453701,0.05766415596008301
4.082897663116455,1556,66496464,0.05764412879943848
4.085008144378662,1557,66539227,0.057676076889038086
4.003497123718262,1558,66581990,0.058147430419921875
4.046823978424072,1559,66624753,0.058164119720458984
4.032535076141357,1560,66667516,0.05761218070983887
4.051345348358154,1561,66710279,0.057428836822509766
4.022450923919678,1562,66753042,0.05763673782348633
4.075246334075928,1563,66795805,0.05858469009399414
4.069347858428955,1564,66838568,0.05791211128234863
4.018144130706787,1565,66881331,0.0576024055480957
3.997558116912842,1566,66924094,0.05761432647705078
4.055697917938232,1567,66966857,0.05764603614807129
4.047739028930664,1568,67009620,0.05751538276672363
4.079090595245361,1569,67052383,0.05761432647705078
4.007663249969482,1570,67095146,0.05732107162475586
4.082062244415283,1571,67137909,0.0575258731842041
4.05279016494751,1572,67180672,0.05745577812194824
4.033342361450195,1573,67223435,0.05821585655212402
4.066682815551758,1574,67266198,0.057904958724975586
3.9952809810638428,1575,67308961,0.05757474899291992
4.026626110076904,1576,67351724,0.05752158164978027
4.086379528045654,1577,67394487,0.05772137641906738
4.023867607116699,1578,67437250,0.05746173858642578
4.063937664031982,1579,67480013,0.05756735801696777
4.022485256195068,1580,67522776,0.05756092071533203
4.036566257476807,1581,67565539,0.05733442306518555
4.038923263549805,1582,67608302,0.05776023864746094
4.0557122230529785,1583,67651065,0.05726122856140137
4.075860023498535,1584,67693828,0.05741143226623535
3.9824652671813965,1585,67736591,0.05733299255371094
4.02123498916626,1586,67779354,0.057393789291381836
4.067473411560059,1587,67822117,0.05762147903442383
4.03366756439209,1588,67864880,0.05740928649902344
4.0341901779174805,1589,67907643,0.05720329284667969
4.038023471832275,1590,67950406,0.05736517906188965
4.0546650886535645,1591,67993169,0.057618141174316406
4.05019998550415,1592,68035932,0.057602882385253906
4.043784141540527,1593,68078695,0.058515071868896484
4.012856483459473,1594,68121458,0.057627201080322266
4.052725791931152,1595,68164221,0.05736112594604492
4.017298221588135,1596,68206984,0.0573427677154541
4.0252227783203125,1597,68249747,0.05729317665100098
4.0029425621032715,1598,68292510,0.05753755569458008
4.021169662475586,1599,68335273,0.057286739349365234
4.034359931945801,1600,68378036,0.05755424499511719
4.052212238311768,1601,68420799,0.057512521743774414
4.013850688934326,1602,68463562,0.0572967529296875
4.040439128875732,1603,68506325,0.05726456642150879
4.0596160888671875,1604,68549088,0.05732011795043945
4.006504535675049,1605,68591851,0.05734753608703613
4.0302414894104,1606,68634614,0.05714750289916992
4.033148765563965,1607,68677377,0.058088064193725586
4.017747402191162,1608,68720140,0.05778765678405762
4.027636528015137,1609,68762903,0.057207584381103516
4.033106327056885,1610,68805666,0.05717873573303223
4.027685642242432,1611,68848429,0.05741477012634277
4.015339374542236,1612,68891192,0.05714774131774902
4.063601016998291,1613,68933955,0.05753016471862793
4.041465759277344,1614,68976718,0.057474613189697266
4.049966335296631,1615,69019481,0.05740547180175781
4.012280464172363,1616,69062244,0.057392120361328125
4.075551509857178,1617,69105007,0.05771064758300781
4.058089733123779,1618,69147770,0.0575408935546875
3.993043899536133,1619,69190533,0.05735182762145996
4.055595397949219,1620,69233296,0.05714893341064453
4.009660243988037,1621,69276059,0.057286977767944336
4.05504846572876,1622,69318822,0.057157278060913086
4.066606521606445,1623,69361585,0.05738353729248047
4.022906303405762,1624,69404348,0.05783653259277344
4.056293964385986,1625,69447111,0.05710554122924805
4.055423259735107,1626,69489874,0.05722379684448242
4.040279388427734,1627,69532637,0.057224273681640625
4.016656398773193,1628,69575400,0.05756711959838867
4.017586708068848,1629,69618163,0.057669878005981445
4.017637252807617,1630,69660926,0.0572514533996582
4.045794486999512,1631,69703689,0.05723094940185547
3.992393970489502,1632,69746452,0.05734968185424805
4.051210403442383,1633,69789215,0.05824995040893555
4.002793788909912,1634,69831978,0.05750846862792969
4.029042720794678,1635,69874741,0.05742335319519043
4.050892353057861,1636,69917504,0.05767512321472168
4.043351173400879,1637,69960267,0.05722951889038086
4.0326008796691895,1638,70003030,0.05744218826293945
4.085189342498779,1639,70045793,0.057173728942871094
4.053057670593262,1640,70088556,0.05713987350463867
4.040121555328369,1641,70131319,0.05739736557006836
4.053579807281494,1642,70174082,0.05712175369262695
4.042239665985107,1643,70216845,0.05754590034484863
4.036362171173096,1644,70259608,0.05728578567504883
4.018635272979736,1645,70302371,0.057283639907836914
4.063342094421387,1646,70345134,0.05729961395263672
4.07340669631958,1647,70387897,0.0572361946105957
4.033125877380371,1648,70430660,0.05709075927734375
4.0647664070129395,1649,70473423,0.057013511657714844
4.04164981842041,1650,70516186,0.05762171745300293
4.045745849609375,1651,70558949,0.057501792907714844
4.063144683837891,1652,70601712,0.05752444267272949
4.02901029586792,1653,70644475,0.05697917938232422
4.0242533683776855,1654,70687238,0.05730152130126953
4.038700580596924,1655,70730001,0.05734682083129883
4.04635763168335,1656,70772764,0.057299137115478516
4.0339131355285645,1657,70815527,0.05766463279724121
4.067663669586182,1658,70858290,0.05728626251220703
4.089502811431885,1659,70901053,0.057321786880493164
3.997040033340454,1660,70943816,0.05735015869140625
4.038812160491943,1661,70986579,0.057332515716552734
4.028234958648682,1662,71029342,0.0573422908782959
4.064345836639404,1663,71072105,0.05773806571960449
4.033761024475098,1664,71114868,0.05745220184326172
4.074929714202881,1665,71157631,0.05734395980834961
4.038823127746582,1666,71200394,0.05715584754943848
4.013934135437012,1667,71243157,0.05722856521606445
4.037700176239014,1668,71285920,0.05748558044433594
4.066612243652344,1669,71328683,0.057762861251831055
4.003117561340332,1670,71371446,0.05736351013183594
4.068211078643799,1671,71414209,0.05728888511657715
4.038692474365234,1672,71456972,0.057537078857421875
4.003052711486816,1673,71499735,0.05726361274719238
4.016894817352295,1674,71542498,0.057518959045410156
4.038971424102783,1675,71585261,0.057471513748168945
4.065072059631348,1676,71628024,0.05709505081176758
4.050172328948975,1677,71670787,0.057507991790771484
4.0485734939575195,1678,71713550,0.05734133720397949
4.0224456787109375,1679,71756313,0.05739235877990723
4.027919292449951,1680,71799076,0.05729365348815918
4.03224515914917,1681,71841839,0.057195186614990234
4.047955513000488,1682,71884602,0.05738687515258789
4.051926612854004,1683,71927365,0.05728745460510254
4.0662760734558105,1684,71970128,0.057344675064086914
4.048131942749023,1685,72012891,0.05829596519470215
4.046794414520264,1686,72055654,0.05748558044433594
3.9845566749572754,1687,72098417,0.05766415596008301
4.053501129150391,1688,72141180,0.05706310272216797
3.989703893661499,1689,72183943,0.057305335998535156
4.013239860534668,1690,72226706,0.05721855163574219
4.057787895202637,1691,72269469,0.0573277473449707
4.055048942565918,1692,72312232,0.057344675064086914
4.051614284515381,1693,72354995,0.05733036994934082
4.024205684661865,1694,72397758,0.057735443115234375
4.033179759979248,1695,72440521,0.05734705924987793
4.0518598556518555,1696,72483284,0.05714702606201172
4.071468353271484,1697,72526047,0.057363033294677734
4.020961761474609,1698,72568810,0.057166337966918945
4.033941268920898,1699,72611573,0.05723381042480469
4.02938175201416,1700,72654336,0.05718564987182617
3.990553617477417,1701,72697099,0.05734133720397949
4.018869400024414,1702,72739862,0.057421207427978516
4.030138969421387,1703,72782625,0.0572962760925293
4.034459114074707,1704,72825388,0.05740976333618164
4.019618511199951,1705,72868151,0.05756425857543945
4.0126471519470215,1706,72910914,0.055062294006347656
4.067067623138428,1707,72953677,0.054761409759521484
4.0426716804504395,1708,72996440,0.055397987365722656
4.023205757141113,1709,73039203,0.05515575408935547
4.056898593902588,1710,73081966,0.05472111701965332
4.029657363891602,1711,73124729,0.05486416816711426
4.05792760848999,1712,73167492,0.05460619926452637
4.031830310821533,1713,73210255,0.05472874641418457
3.999887704849243,1714,73253018,0.05469918251037598
4.035134315490723,1715,73295781,0.05465197563171387
4.028895378112793,1716,73338544,0.05475640296936035
4.037655353546143,1717,73381307,0.054567813873291016
4.013725757598877,1718,73424070,0.05461430549621582
4.087453365325928,1719,73466833,0.05467581748962402
4.036379814147949,1720,73509596,0.055021047592163086
4.065417289733887,1721,73552359,0.05491471290588379
4.019110679626465,1722,73595122,0.05491018295288086
4.022271633148193,1723,73637885,0.05459022521972656
4.012301921844482,1724,73680648,0.05472230911254883
3.9945504665374756,1725,73723411,0.054798126220703125
4.085725784301758,1726,73766174,0.054674386978149414
4.036194324493408,1727,73808937,0.054627180099487305
4.03633975982666,1728,73851700,0.055066585540771484
3.9986493587493896,1729,73894463,0.054598093032836914
4.026125907897949,1730,73937226,0.054532527923583984
4.0510029792785645,1731,73979989,0.05454301834106445
4.063750267028809,1732,74022752,0.054563045501708984
4.002472877502441,1733,74065515,0.05466008186340332
4.055966377258301,1734,74108278,0.05455303192138672
4.034107208251953,1735,74151041,0.05491042137145996
4.0480523109436035,1736,74193804,0.05491352081298828
4.019294738769531,1737,74236567,0.05461859703063965
4.060627460479736,1738,74279330,0.0546109676361084
4.0243120193481445,1739,74322093,0.0545957088470459
4.055578231811523,1740,74364856,0.05468344688415527
4.057074546813965,1741,74407619,0.05462288856506348
3.984912872314453,1742,74450382,0.05469918251037598
4.055343151092529,1743,74493145,0.05467677116394043
4.020906448364258,1744,74535908,0.05474352836608887
4.044247627258301,1745,74578671,0.05470776557922363
4.052592754364014,1746,74621434,0.05699300765991211
4.0255961418151855,1747,74664197,0.05761218070983887
4.033929347991943,1748,74706960,0.057631492614746094
4.003116607666016,1749,74749723,0.057225704193115234
4.046110153198242,1750,74792486,0.05729842185974121
4.008162975311279,1751,74835249,0.057562828063964844
4.053102493286133,1752,74878012,0.05727696418762207
4.081222057342529,1753,74920775,0.05751609802246094
4.053042888641357,1754,74963538,0.05731558799743652
4.050886154174805,1755,75006301,0.058252573013305664
4.023950576782227,1756,75049064,0.05752420425415039
4.030342102050781,1757,75091827,0.05734562873840332
4.058212757110596,1758,75134590,0.05731964111328125
4.023366451263428,1759,75177353,0.057189226150512695
4.006011009216309,1760,75220116,0.05742645263671875
4.022692680358887,1761,75262879,0.057274580001831055
4.044163703918457,1762,75305642,0.05715513229370117
3.994100570678711,1763,75348405,0.05726814270019531
4.026468753814697,1764,75391168,0.05747342109680176
4.005429744720459,1765,75433931,0.05717802047729492
4.074333667755127,1766,75476694,0.05718684196472168
4.023741722106934,1767,75519457,0.05722403526306152
4.038773059844971,1768,75562220,0.057366132736206055
4.041478633880615,1769,75604983,0.05731606483459473
4.01679801940918,1770,75647746,0.057271480560302734
4.069758892059326,1771,75690509,0.05719161033630371
4.033209800720215,1772,75733272,0.057375192642211914
4.05817985534668,1773,75776035,0.05756664276123047
4.039294242858887,1774,75818798,0.05728793144226074
4.034336090087891,1775,75861561,0.05707836151123047
4.007238864898682,1776,75904324,0.05715012550354004
4.0140814781188965,1777,75947087,0.05755472183227539
4.022615432739258,1778,75989850,0.05736875534057617
4.020407199859619,1779,76032613,0.05714130401611328
4.022299289703369,1780,76075376,0.05716419219970703
4.020120143890381,1781,76118139,0.05716514587402344
4.055625915527344,1782,76160902,0.057353973388671875
4.0331220626831055,1783,76203665,0.057196617126464844
4.063097953796387,1784,76246428,0.05727100372314453
4.0189971923828125,1785,76289191,0.05860733985900879
4.028637409210205,1786,76331954,0.05730867385864258
4.039211273193359,1787,76374717,0.0573725700378418
4.040375709533691,1788,76417480,0.0574336051940918
4.055461883544922,1789,76460243,0.057281494140625
4.028838157653809,1790,76503006,0.05724024772644043
4.024827480316162,1791,76545769,0.05762171745300293
4.010385036468506,1792,76588532,0.05726432800292969
4.039938926696777,1793,76631295,0.057364702224731445
4.048303604125977,1794,76674058,0.057178497314453125
4.0308613777160645,1795,76716821,0.05737471580505371
4.026602268218994,1796,76759584,0.05728769302368164
4.014726161956787,1797,76802347,0.05719947814941406
4.008527755737305,1798,76845110,0.05741119384765625
4.023380756378174,1799,76887873,0.0575108528137207
4.0162200927734375,1800,76930636,0.05737423896789551
3.9936814308166504,1801,76973399,0.05729103088378906
4.060180187225342,1802,77016162,0.05705976486206055
4.0574493408203125,1803,77058925,0.05724906921386719
4.037044048309326,1804,77101688,0.057549238204956055
4.059530735015869,1805,77144451,0.05736351013183594
4.0223541259765625,1806,77187214,0.05742621421813965
3.996378183364868,1807,77229977,0.057317256927490234
4.014745235443115,1808,77272740,0.05732154846191406
4.0165815353393555,1809,77315503,0.05712723731994629
4.008579254150391,1810,77358266,0.05731701850891113
4.035701751708984,1811,77401029,0.05748248100280762
4.007511615753174,1812,77443792,0.057071685791015625
4.0396528244018555,1813,77486555,0.05732369422912598
4.025254726409912,1814,77529318,0.057149648666381836
4.032968521118164,1815,77572081,0.057323455810546875
4.022793769836426,1816,77614844,0.05732917785644531
4.017806053161621,1817,77657607,0.05718851089477539
4.041402816772461,1818,77700370,0.05746817588806152
4.032293319702148,1819,77743133,0.05710148811340332
4.057141304016113,1820,77785896,0.057265281677246094
4.014107704162598,1821,77828659,0.05723309516906738
4.0207953453063965,1822,77871422,0.05739617347717285
3.9950668811798096,1823,77914185,0.05750441551208496
4.047184467315674,1824,77956948,0.057456254959106445
4.038272380828857,1825,77999711,0.057570695877075195
4.00017786026001,1826,78042474,0.057333946228027344
4.052344799041748,1827,78085237,0.05722665786743164
4.05122709274292,1828,78128000,0.057637691497802734
4.003508567810059,1829,78170763,0.057178497314453125
4.044339656829834,1830,78213526,0.057482004165649414
3.9974703788757324,1831,78256289,0.05702018737792969
4.016818523406982,1832,78299052,0.057318925857543945
4.0230393409729,1833,78341815,0.05742287635803223
4.0289998054504395,1834,78384578,0.05726766586303711
4.002218723297119,1835,78427341,0.05740547180175781
4.030619144439697,1836,78470104,0.05720996856689453
3.993699550628662,1837,78512867,0.05750751495361328
4.0066962242126465,1838,78555630,0.05743145942687988
4.036869049072266,1839,78598393,0.05726480484008789
4.040139198303223,1840,78641156,0.05734586715698242
4.005837917327881,1841,78683919,0.05715775489807129
4.037658214569092,1842,78726682,0.05759906768798828
4.030651092529297,1843,78769445,0.058197975158691406
4.056752681732178,1844,78812208,0.057268381118774414
4.007866382598877,1845,78854971,0.05749821662902832
4.012201309204102,1846,78897734,0.05722332000732422
4.004375457763672,1847,78940497,0.0572199821472168
4.0414509773254395,1848,78983260,0.057343244552612305
3.994128465652466,1849,79026023,0.05732083320617676
3.993053913116455,1850,79068786,0.058159828186035156
4.026838779449463,1851,79111549,0.05741071701049805
4.0192718505859375,1852,79154312,0.05798530578613281
4.057490825653076,1853,79197075,0.05787968635559082
4.010959625244141,1854,79239838,0.05780291557312012
4.030031204223633,1855,79282601,0.05794692039489746
3.992431402206421,1856,79325364,0.05795645713806152
4.088174819946289,1857,79368127,0.05793905258178711
4.01711893081665,1858,79410890,0.05786633491516113
3.9847402572631836,1859,79453653,0.05803704261779785
4.042634963989258,1860,79496416,0.057897329330444336
4.056138038635254,1861,79539179,0.05806422233581543
4.067684650421143,1862,79581942,0.05823659896850586
4.022849082946777,1863,79624705,0.0579218864440918
4.036084175109863,1864,79667468,0.05819249153137207
4.052735328674316,1865,79710231,0.05818533897399902
4.058691024780273,1866,79752994,0.05823683738708496
4.037097454071045,1867,79795757,0.05817770957946777
4.059648513793945,1868,79838520,0.05836987495422363
3.9881153106689453,1869,79881283,0.05810403823852539
4.072432518005371,1870,79924046,0.058272600173950195
4.024807929992676,1871,79966809,0.05818796157836914
4.016422748565674,1872,80009572,0.05840897560119629
4.037652015686035,1873,80052335,0.05823493003845215
4.054379940032959,1874,80095098,0.058164119720458984
4.036569118499756,1875,80137861,0.05824637413024902
4.072516918182373,1876,80180624,0.058286190032958984
3.9959239959716797,1877,80223387,0.05810141563415527
4.041778087615967,1878,80266150,0.058321237564086914
4.037570953369141,1879,80308913,0.0581212043762207
3.9918670654296875,1880,80351676,0.05827927589416504
4.021269798278809,1881,80394439,0.058332204818725586
4.018668174743652,1882,80437202,0.05803370475769043
4.036746978759766,1883,80479965,0.05818629264831543
4.022862911224365,1884,80522728,0.058095455169677734
4.050003528594971,1885,80565491,0.05814313888549805
4.0370378494262695,1886,80608254,0.05828690528869629
4.030144691467285,1887,80651017,0.05817699432373047
4.007259368896484,1888,80693780,0.0579373836517334
4.001898765563965,1889,80736543,0.057530879974365234
4.0309576988220215,1890,80779306,0.05778098106384277
4.044377326965332,1891,80822069,0.05751156806945801
4.0358171463012695,1892,80864832,0.05753159523010254
4.037391185760498,1893,80907595,0.058287858963012695
4.01836633682251,1894,80950358,0.05803394317626953
4.046970844268799,1895,80993121,0.057676076889038086
4.007509708404541,1896,81035884,0.058193206787109375
4.017131805419922,1897,81078647,0.05817127227783203
4.0544562339782715,1898,81121410,0.057712554931640625
4.032662391662598,1899,81164173,0.05810236930847168
4.039852142333984,1900,81206936,0.057585716247558594
4.021215915679932,1901,81249699,0.0574946403503418
4.048903465270996,1902,81292462,0.05823469161987305
4.017031192779541,1903,81335225,0.057639360427856445
4.088569641113281,1904,81377988,0.057227134704589844
4.032776832580566,1905,81420751,0.058118581771850586
4.017241954803467,1906,81463514,0.057585716247558594
4.029738426208496,1907,81506277,0.05798983573913574
4.105027198791504,1908,81549040,0.05823516845703125
4.019761085510254,1909,81591803,0.058174848556518555
4.06943416595459,1910,81634566,0.0573575496673584
3.9929964542388916,1911,81677329,0.05754733085632324
4.03191614151001,1912,81720092,0.05785703659057617
4.053153991699219,1913,81762855,0.05812525749206543
4.0325422286987305,1914,81805618,0.05800175666809082
4.031627655029297,1915,81848381,0.05809521675109863
4.015249252319336,1916,81891144,0.05817604064941406
4.035135746002197,1917,81933907,0.058338165283203125
4.015828609466553,1918,81976670,0.05801749229431152
4.01942777633667,1919,82019433,0.058240413665771484
4.051214218139648,1920,82062196,0.058179378509521484
4.015257358551025,1921,82104959,0.05811142921447754
4.046572208404541,1922,82147722,0.05779886245727539
4.000627040863037,1923,82190485,0.05794644355773926
4.003450870513916,1924,82233248,0.058257341384887695
4.065706253051758,1925,82276011,0.05808234214782715
4.016439914703369,1926,82318774,0.05785775184631348
4.020664691925049,1927,82361537,0.05807971954345703
4.000863075256348,1928,82404300,0.058130741119384766
3.971205472946167,1929,82447063,0.0580594539642334
4.026691436767578,1930,82489826,0.05830550193786621
4.024416446685791,1931,82532589,0.0580143928527832
3.9990766048431396,1932,82575352,0.05806231498718262
4.108355522155762,1933,82618115,0.058318376541137695
4.0499749183654785,1934,82660878,0.05734753608703613
3.9967124462127686,1935,82703641,0.0579378604888916
4.021437168121338,1936,82746404,0.05742311477661133
4.058211803436279,1937,82789167,0.05811643600463867
4.021174430847168,1938,82831930,0.05808568000793457
4.000699520111084,1939,82874693,0.057813167572021484
4.008209705352783,1940,82917456,0.058213233947753906
4.044946193695068,1941,82960219,0.05819058418273926
4.056851387023926,1942,83002982,0.058175086975097656
4.048206806182861,1943,83045745,0.0580291748046875
4.006311416625977,1944,83088508,0.05767011642456055
4.026289463043213,1945,83131271,0.058168888092041016
4.024984836578369,1946,83174034,0.05776667594909668
3.971809148788452,1947,83216797,0.057527780532836914
4.013333320617676,1948,83259560,0.05785012245178223
4.001516819000244,1949,83302323,0.05781698226928711
4.028127193450928,1950,83345086,0.05739927291870117
4.053349018096924,1951,83387849,0.0577394962310791
4.013269901275635,1952,83430612,0.057839393615722656
4.048971176147461,1953,83473375,0.05774641036987305
4.014415740966797,1954,83516138,0.05761122703552246
4.0120086669921875,1955,83558901,0.057862043380737305
4.035662651062012,1956,83601664,0.057349443435668945
4.028465747833252,1957,83644427,0.058116912841796875
4.017650127410889,1958,83687190,0.057935237884521484
4.016783714294434,1959,83729953,0.05838155746459961
4.000504016876221,1960,83772716,0.05828976631164551
4.032921314239502,1961,83815479,0.058167457580566406
4.035174369812012,1962,83858242,0.05823707580566406
4.049452304840088,1963,83901005,0.05922365188598633
4.060545444488525,1964,83943768,0.060015201568603516
4.048343181610107,1965,83986531,0.059496164321899414
4.0020904541015625,1966,84029294,0.05889081954956055
4.030231475830078,1967,84072057,0.05874896049499512
4.023965835571289,1968,84114820,0.05838179588317871
4.052550792694092,1969,84157583,0.05825948715209961
4.037164211273193,1970,84200346,0.05826306343078613
3.9940829277038574,1971,84243109,0.05837082862854004
3.9851226806640625,1972,84285872,0.058161020278930664
4.005982875823975,1973,84328635,0.057927846908569336
3.9901721477508545,1974,84371398,0.05834674835205078
4.030849456787109,1975,84414161,0.05791592597961426
4.0535407066345215,1976,84456924,0.05829906463623047
4.0195817947387695,1977,84499687,0.058257341384887695
4.019343852996826,1978,84542450,0.05753016471862793
4.047041416168213,1979,84585213,0.05822634696960449
3.9831011295318604,1980,84627976,0.05819535255432129
4.039003372192383,1981,84670739,0.058211326599121094
4.070408344268799,1982,84713502,0.05828571319580078
4.048290729522705,1983,84756265,0.0581667423248291
4.04360818862915,1984,84799028,0.05822587013244629
4.010335445404053,1985,84841791,0.05786252021789551
4.065675735473633,1986,84884554,0.058173418045043945
4.014765739440918,1987,84927317,0.05817985534667969
4.038260459899902,1988,84970080,0.05820012092590332
4.030928611755371,1989,85012843,0.05850982666015625
4.0605974197387695,1990,85055606,0.05831718444824219
4.053403377532959,1991,85098369,0.05824923515319824
4.0143022537231445,1992,85141132,0.05830979347229004
3.9979052543640137,1993,85183895,0.0591120719909668
4.001900672912598,1994,85226658,0.05934906005859375
4.03639030456543,1995,85269421,0.059362173080444336
4.032349586486816,1996,85312184,0.05765080451965332
4.0108489990234375,1997,85354947,0.05826234817504883
4.057647705078125,1998,85397710,0.05822587013244629
4.069849967956543,1999,85440473,0.05821681022644043
4.034855842590332,2000,85483236,0.058325767517089844
4.046284198760986,2001,85525999,0.05832219123840332
4.037476539611816,2002,85568762,0.07708597183227539
4.035284042358398,2003,85611525,0.05528903007507324
4.054483890533447,2004,85654288,0.05669212341308594
4.042004585266113,2005,85697051,0.055614471435546875
3.9982314109802246,2006,85739814,0.055516958236694336
4.002850532531738,2007,85782577,0.055530548095703125
4.028188705444336,2008,85825340,0.056812286376953125
4.04427433013916,2009,85868103,0.05610299110412598
4.018431186676025,2010,85910866,0.055091142654418945
4.0263471603393555,2011,85953629,0.05539345741271973
4.029545783996582,2012,85996392,0.05525016784667969
3.982813835144043,2013,86039155,0.05620121955871582
4.03772497177124,2014,86081918,0.05728030204772949
4.041766166687012,2015,86124681,0.055695533752441406
4.090404510498047,2016,86167444,0.05579686164855957
4.064346790313721,2017,86210207,0.057151079177856445
3.992777109146118,2018,86252970,0.056723594665527344
4.058015823364258,2019,86295733,0.05600094795227051
4.05415678024292,2020,86338496,0.05649876594543457
4.016017436981201,2021,86381259,0.05677509307861328
4.076629638671875,2022,86424022,0.055826425552368164
4.021844387054443,2023,86466785,0.05595874786376953
4.042950630187988,2024,86509548,0.056267738342285156
3.994739055633545,2025,86552311,0.05503273010253906
4.050917625427246,2026,86595074,0.0562129020690918
4.011842250823975,2027,86637837,0.05544924736022949
4.022829055786133,2028,86680600,0.05509042739868164
4.062509536743164,2029,86723363,0.0570833683013916
4.044424533843994,2030,86766126,0.05629301071166992
4.000091552734375,2031,86808889,0.05506443977355957
4.026542663574219,2032,86851652,0.05579876899719238
4.040534973144531,2033,86894415,0.05689096450805664
4.030971527099609,2034,86937178,0.05665326118469238
3.9869325160980225,2035,86979941,0.055443525314331055
4.018413543701172,2036,87022704,0.05533003807067871
4.038105010986328,2037,87065467,0.05567193031311035
4.0138654708862305,2038,87108230,0.05549883842468262
4.049239635467529,2039,87150993,0.05523824691772461
3.9838461875915527,2040,87193756,0.0569758415222168
4.008919715881348,2041,87236519,0.055316925048828125
4.029778003692627,2042,87279282,0.05525851249694824
4.0504865646362305,2043,87322045,0.05532097816467285
4.0527663230896,2044,87364808,0.05515027046203613
4.006803512573242,2045,87407571,0.05593132972717285
4.0258307456970215,2046,87450334,0.05529642105102539
4.036810874938965,2047,87493097,0.05496335029602051
4.03790807723999,2048,87535860,0.05669045448303223
4.05922269821167,2049,87578623,0.05639362335205078
4.010429859161377,2050,87621386,0.055579423904418945
4.005904674530029,2051,87664149,0.05504941940307617
4.038475513458252,2052,87706912,0.05556917190551758
4.0228352546691895,2053,87749675,0.05556607246398926
4.044164180755615,2054,87792438,0.0560145378112793
3.9570422172546387,2055,87835201,0.05537891387939453
4.020796775817871,2056,87877964,0.05569887161254883
4.034635543823242,2057,87920727,0.05563974380493164
4.020277976989746,2058,87963490,0.05535078048706055
4.013619899749756,2059,88006253,0.056894779205322266
4.057116985321045,2060,88049016,0.05551004409790039
4.039404392242432,2061,88091779,0.056836843490600586
3.9975011348724365,2062,88134542,0.05618619918823242
4.003033638000488,2063,88177305,0.05599236488342285
3.992734432220459,2064,88220068,0.055220842361450195
4.044025421142578,2065,88262831,0.055603981018066406
4.040648937225342,2066,88305594,0.055288076400756836
4.046394348144531,2067,88348357,0.055296897888183594
4.040434837341309,2068,88391120,0.05650806427001953
4.026311874389648,2069,88433883,0.05627584457397461
4.079980850219727,2070,88476646,0.056488037109375
4.0199127197265625,2071,88519409,0.055577754974365234
4.005287170410156,2072,88562172,0.0555262565612793
4.010299205780029,2073,88604935,0.055347442626953125
4.010547637939453,2074,88647698,0.05601358413696289
4.013829231262207,2075,88690461,0.055628061294555664
3.996551752090454,2076,88733224,0.055304527282714844
3.9698705673217773,2077,88775987,0.05542397499084473
4.027703285217285,2078,88818750,0.055492401123046875
4.050053119659424,2079,88861513,0.05543637275695801
4.068639278411865,2080,88904276,0.055528879165649414
4.004001617431641,2081,88947039,0.05531644821166992
4.025782108306885,2082,88989802,0.05576920509338379
4.029540538787842,2083,89032565,0.05537295341491699
4.008172035217285,2084,89075328,0.05552983283996582
4.049388408660889,2085,89118091,0.05578446388244629
4.069457530975342,2086,89160854,0.05605053901672363
4.027858734130859,2087,89203617,0.05635213851928711
3.996915340423584,2088,89246380,0.05578017234802246
4.004611968994141,2089,89289143,0.055561065673828125
4.022782802581787,2090,89331906,0.055715084075927734
4.043349266052246,2091,89374669,0.05558013916015625
4.018784999847412,2092,89417432,0.055573225021362305
4.034140110015869,2093,89460195,0.05558133125305176
4.009690761566162,2094,89502958,0.05556082725524902
4.020874977111816,2095,89545721,0.05569314956665039
4.050524711608887,2096,89588484,0.05548858642578125
4.008805274963379,2097,89631247,0.05554938316345215
4.041905403137207,2098,89674010,0.055475473403930664
4.003585338592529,2099,89716773,0.05582737922668457
3.9812214374542236,2100,89759536,0.055397987365722656
4.024153709411621,2101,89802299,0.055565595626831055
4.0642852783203125,2102,89845062,0.05641508102416992
4.032842636108398,2103,89887825,0.0559999942779541
4.000604629516602,2104,89930588,0.055339813232421875
4.01400899887085,2105,89973351,0.055429935455322266
4.046262741088867,2106,90016114,0.05526423454284668
3.9832372665405273,2107,90058877,0.0554506778717041
4.017247676849365,2108,90101640,0.05553841590881348
4.037391662597656,2109,90144403,0.055437564849853516
4.045678615570068,2110,90187166,0.055702924728393555
4.050217628479004,2111,90229929,0.05548882484436035
4.014598369598389,2112,90272692,0.056127309799194336
4.0084147453308105,2113,90315455,0.05524396896362305
4.031527996063232,2114,90358218,0.055258750915527344
4.007128715515137,2115,90400981,0.0554957389831543
4.019038200378418,2116,90443744,0.055373430252075195
4.030992031097412,2117,90486507,0.05525851249694824
4.046812057495117,2118,90529270,0.05478167533874512
4.0021772384643555,2119,90572033,0.05490899085998535
4.071041107177734,2120,90614796,0.05486774444580078
4.046022891998291,2121,90657559,0.05467057228088379
4.012551784515381,2122,90700322,0.05454373359680176
3.962786912918091,2123,90743085,0.05451202392578125
4.031880855560303,2124,90785848,0.054666996002197266
3.9848806858062744,2125,90828611,0.054718017578125
4.07631254196167,2126,90871374,0.05469322204589844
4.0405426025390625,2127,90914137,0.05466103553771973
4.010089874267578,2128,90956900,0.05533480644226074
4.033677101135254,2129,90999663,0.054723262786865234
3.985074281692505,2130,91042426,0.05460357666015625
3.9861502647399902,2131,91085189,0.05456900596618652
4.000920295715332,2132,91127952,0.05499076843261719
4.027328014373779,2133,91170715,0.054848670959472656
4.008317470550537,2134,91213478,0.05468559265136719
4.018450736999512,2135,91256241,0.05459475517272949
4.005363941192627,2136,91299004,0.05468273162841797
4.019437789916992,2137,91341767,0.05457019805908203
4.026897430419922,2138,91384530,0.05469059944152832
3.9877192974090576,2139,91427293,0.05461764335632324
4.025023937225342,2140,91470056,0.05473732948303223
4.00900411605835,2141,91512819,0.05490517616271973
4.054793357849121,2142,91555582,0.05470561981201172
3.9999425411224365,2143,91598345,0.05463385581970215
4.066047191619873,2144,91641108,0.054735422134399414
4.020407676696777,2145,91683871,0.055626869201660156
4.054266929626465,2146,91726634,0.05506277084350586
3.9747791290283203,2147,91769397,0.054837942123413086
3.9950432777404785,2148,91812160,0.05479097366333008
3.9797606468200684,2149,91854923,0.05476999282836914
4.014585018157959,2150,91897686,0.054787635803222656
4.0221662521362305,2151,91940449,0.05481910705566406
4.020789623260498,2152,91983212,0.054837942123413086
4.010178089141846,2153,92025975,0.05483436584472656
4.0003838539123535,2154,92068738,0.05470681190490723
4.011877536773682,2155,92111501,0.05505776405334473
4.040712356567383,2156,92154264,0.05496978759765625
3.993454694747925,2157,92197027,0.05494046211242676
3.9829657077789307,2158,92239790,0.05484914779663086
4.032906532287598,2159,92282553,0.054781198501586914
4.04283332824707,2160,92325316,0.05471158027648926
4.058358669281006,2161,92368079,0.054735660552978516
4.033084869384766,2162,92410842,0.05485820770263672
4.025846481323242,2163,92453605,0.05466103553771973
4.053238868713379,2164,92496368,0.054766178131103516
4.024539947509766,2165,92539131,0.05474257469177246
3.9902682304382324,2166,92581894,0.05488276481628418
4.035218715667725,2167,92624657,0.055110931396484375
4.012471675872803,2168,92667420,0.054877519607543945
3.969951868057251,2169,92710183,0.054685354232788086
4.0277509689331055,2170,92752946,0.05462455749511719
4.017519950866699,2171,92795709,0.05466103553771973
4.0162034034729,2172,92838472,0.05475473403930664
3.9913136959075928,2173,92881235,0.05470895767211914
3.9625332355499268,2174,92923998,0.05468559265136719
4.0131940841674805,2175,92966761,0.05479860305786133
4.035000801086426,2176,93009524,0.05459761619567871
3.999845027923584,2177,93052287,0.05473446846008301
4.041828632354736,2178,93095050,0.05569291114807129
4.0318989753723145,2179,93137813,0.05495119094848633
3.980926513671875,2180,93180576,0.05470585823059082
3.9809389114379883,2181,93223339,0.05478620529174805
4.04628849029541,2182,93266102,0.05501532554626465
4.035337924957275,2183,93308865,0.05493021011352539
4.0304789543151855,2184,93351628,0.0547032356262207
4.006443500518799,2185,93394391,0.05479001998901367
3.9701523780822754,2186,93437154,0.05464982986450195
4.0538010597229,2187,93479917,0.05474686622619629
3.9900062084198,2188,93522680,0.05496788024902344
4.008277893066406,2189,93565443,0.05470442771911621
4.02392053604126,2190,93608206,0.05487513542175293
3.9787614345550537,2191,93650969,0.05484771728515625
4.019159317016602,2192,93693732,0.05474042892456055
4.019289493560791,2193,93736495,0.054711341857910156
4.0525360107421875,2194,93779258,0.054854631423950195
4.026075839996338,2195,93822021,0.054752349853515625
4.059722900390625,2196,93864784,0.054784536361694336
4.027155876159668,2197,93907547,0.054914236068725586
4.010319232940674,2198,93950310,0.054602861404418945
3.985893726348877,2199,93993073,0.05475211143493652
4.001627445220947,2200,94035836,0.05466175079345703
4.008729934692383,2201,94078599,0.05554652214050293
4.059962272644043,2202,94121362,0.05534768104553223
4.004713535308838,2203,94164125,0.0546116828918457
4.030015468597412,2204,94206888,0.05476236343383789
3.9990670680999756,2205,94249651,0.05483841896057129
4.007137775421143,2206,94292414,0.054981231689453125
4.031035900115967,2207,94335177,0.054674625396728516
4.021609306335449,2208,94377940,0.05466198921203613
4.016590118408203,2209,94420703,0.05502438545227051
3.972226858139038,2210,94463466,0.05474543571472168
4.011053085327148,2211,94506229,0.054676055908203125
3.995661735534668,2212,94548992,0.054872989654541016
4.0406951904296875,2213,94591755,0.05454564094543457
4.020977973937988,2214,94634518,0.05482006072998047
4.028003692626953,2215,94677281,0.055136680603027344
4.0340471267700195,2216,94720044,0.054811716079711914
4.031479835510254,2217,94762807,0.0546574592590332
4.021849632263184,2218,94805570,0.05475735664367676
4.045746326446533,2219,94848333,0.054604291915893555
4.00626277923584,2220,94891096,0.05473208427429199
4.01826286315918,2221,94933859,0.05459403991699219
4.0033955574035645,2222,94976622,0.05474424362182617
4.050550937652588,2223,95019385,0.05480313301086426
4.039348125457764,2224,95062148,0.05472254753112793
4.006627082824707,2225,95104911,0.054624319076538086
4.00645637512207,2226,95147674,0.05466485023498535
4.074654579162598,2227,95190437,0.054709434509277344
4.012822151184082,2228,95233200,0.054624080657958984
4.031373500823975,2229,95275963,0.054865121841430664
4.035140037536621,2230,95318726,0.05493950843811035
3.998514413833618,2231,95361489,0.05472421646118164
4.007018089294434,2232,95404252,0.05468010902404785
4.0527873039245605,2233,95447015,0.0547487735748291
4.05621337890625,2234,95489778,0.05469322204589844
4.018309593200684,2235,95532541,0.055327653884887695
4.0109357833862305,2236,95575304,0.055005788803100586
4.018198013305664,2237,95618067,0.05498647689819336
4.064594268798828,2238,95660830,0.05473732948303223
4.015678882598877,2239,95703593,0.0548253059387207
4.0369086265563965,2240,95746356,0.0546417236328125
4.052603244781494,2241,95789119,0.054567813873291016
3.9899134635925293,2242,95831882,0.05455207824707031
4.029633045196533,2243,95874645,0.0547027587890625
4.063434600830078,2244,95917408,0.056136131286621094
4.069490432739258,2245,95960171,0.05475592613220215
4.007483005523682,2246,96002934,0.05489802360534668
4.0202460289001465,2247,96045697,0.05466890335083008
4.022687911987305,2248,96088460,0.05453372001647949
4.038371562957764,2249,96131223,0.05471181869506836
4.023555278778076,2250,96173986,0.05474066734313965
4.016677379608154,2251,96216749,0.0546107292175293
4.0305891036987305,2252,96259512,0.05472159385681152
4.014625072479248,2253,96302275,0.05470538139343262
4.012631416320801,2254,96345038,0.05470132827758789
4.049201488494873,2255,96387801,0.05482172966003418
4.029177665710449,2256,96430564,0.05477547645568848
4.023346900939941,2257,96473327,0.05484652519226074
3.998932361602783,2258,96516090,0.05482602119445801
3.9923012256622314,2259,96558853,0.05500507354736328
3.9882447719573975,2260,96601616,0.054999351501464844
3.9999964237213135,2261,96644379,0.05489921569824219
4.007011890411377,2262,96687142,0.05492401123046875
4.021746635437012,2263,96729905,0.054917097091674805
4.0402398109436035,2264,96772668,0.055014848709106445
4.051201343536377,2265,96815431,0.05479025840759277
4.044435024261475,2266,96858194,0.0549466609954834
3.9997451305389404,2267,96900957,0.05453133583068848
3.9900808334350586,2268,96943720,0.05475187301635742
4.050874710083008,2269,96986483,0.05451011657714844
4.0435895919799805,2270,97029246,0.05466341972351074
4.018929481506348,2271,97072009,0.05490899085998535
4.000954627990723,2272,97114772,0.05467414855957031
3.9992473125457764,2273,97157535,0.054724931716918945
4.035628795623779,2274,97200298,0.05491375923156738
4.028984546661377,2275,97243061,0.055094003677368164
3.999692916870117,2276,97285824,0.0546262264251709
3.9949376583099365,2277,97328587,0.05459713935852051
4.024475574493408,2278,97371350,0.05481529235839844
4.060765266418457,2279,97414113,0.0548548698425293
4.047212600708008,2280,97456876,0.05458641052246094
4.035960674285889,2281,97499639,0.05462026596069336
4.056980133056641,2282,97542402,0.05458331108093262
4.042753219604492,2283,97585165,0.05464792251586914
4.030277252197266,2284,97627928,0.05476999282836914
4.011533737182617,2285,97670691,0.05475735664367676
4.087038516998291,2286,97713454,0.05468106269836426
4.048625469207764,2287,97756217,0.05461597442626953
4.009049892425537,2288,97798980,0.05487823486328125
4.052079200744629,2289,97841743,0.05463218688964844
4.014678478240967,2290,97884506,0.05493044853210449
4.0225958824157715,2291,97927269,0.054791927337646484
3.995934247970581,2292,97970032,0.05489969253540039
4.0535078048706055,2293,98012795,0.055043935775756836
4.012241840362549,2294,98055558,0.05469012260437012
4.029200553894043,2295,98098321,0.054758548736572266
4.024289131164551,2296,98141084,0.05478334426879883
4.0235981941223145,2297,98183847,0.05472683906555176
3.977349042892456,2298,98226610,0.054509878158569336
4.021699905395508,2299,98269373,0.05465841293334961
4.003158092498779,2300,98312136,0.05468297004699707
3.992826461791992,2301,98354899,0.05466270446777344
4.042910099029541,2302,98397662,0.05472135543823242
4.041690826416016,2303,98440425,0.05459856986999512
4.063425064086914,2304,98483188,0.05458998680114746
4.006986141204834,2305,98525951,0.0545353889465332
4.0941314697265625,2306,98568714,0.05475139617919922
4.022514820098877,2307,98611477,0.05463147163391113
4.00042200088501,2308,98654240,0.05456709861755371
4.057566165924072,2309,98697003,0.05470705032348633
3.989086866378784,2310,98739766,0.05470561981201172
4.0276689529418945,2311,98782529,0.054917335510253906
4.020113945007324,2312,98825292,0.055021047592163086
4.052810192108154,2313,98868055,0.05481553077697754
4.004297733306885,2314,98910818,0.05461716651916504
4.0087199211120605,2315,98953581,0.054908037185668945
4.034879207611084,2316,98996344,0.054665327072143555
4.025021076202393,2317,99039107,0.05510258674621582
4.00324821472168,2318,99081870,0.05488181114196777
4.012694835662842,2319,99124633,0.05468487739562988
4.026492118835449,2320,99167396,0.054709672927856445
4.00380277633667,2321,99210159,0.0547027587890625
4.039547920227051,2322,99252922,0.05477023124694824
4.067882061004639,2323,99295685,0.05463862419128418
4.003415584564209,2324,99338448,0.05473637580871582
4.041224479675293,2325,99381211,0.054692983627319336
4.041780948638916,2326,99423974,0.05461382865905762
4.020049095153809,2327,99466737,0.05483078956604004
4.0268940925598145,2328,99509500,0.05469489097595215
4.071447372436523,2329,99552263,0.054563045501708984
4.06417179107666,2330,99595026,0.05474281311035156
4.049280166625977,2331,99637789,0.055657148361206055
3.9673845767974854,2332,99680552,0.05482316017150879
4.025506496429443,2333,99723315,0.05468249320983887
4.054910182952881,2334,99766078,0.054824113845825195
4.039810657501221,2335,99808841,0.054767608642578125
4.010734558105469,2336,99851604,0.05457711219787598
4.070230484008789,2337,99894367,0.05474352836608887
4.064779281616211,2338,99937130,0.05466723442077637
3.968092441558838,2339,99979893,0.05483388900756836
4.028399467468262,2340,100022656,0.05463242530822754
