6.986771106719971,2,42762,0.4460890293121338
6.988471508026123,3,85525,0.056461334228515625
6.985483169555664,4,128288,0.08321332931518555
6.9863200187683105,5,171051,0.06151843070983887
6.98415994644165,6,213814,0.058104515075683594
6.986361026763916,7,256577,0.05829644203186035
6.9835205078125,8,299340,0.05732011795043945
6.979365348815918,9,342103,0.05608081817626953
6.977889060974121,10,384866,0.05595040321350098
6.975685119628906,11,427629,0.05541706085205078
6.972970485687256,12,470392,0.05556321144104004
6.97237491607666,13,513155,0.055721282958984375
6.968039512634277,14,555918,0.055815696716308594
6.965999603271484,15,598681,0.05563831329345703
6.960565090179443,16,641444,0.055930137634277344
6.955252170562744,17,684207,0.05582284927368164
6.952032089233398,18,726970,0.055777549743652344
6.946491241455078,19,769733,0.055678606033325195
6.942587852478027,20,812496,0.055213212966918945
6.935122489929199,21,855259,0.05615735054016113
6.931128978729248,22,898022,0.05601954460144043
6.923939228057861,23,940785,0.05574822425842285
6.917680740356445,24,983548,0.05593991279602051
6.912005424499512,25,1026311,0.0556941032409668
6.90120792388916,26,1069074,0.05556058883666992
6.897374153137207,27,1111837,0.055776119232177734
6.889750957489014,28,1154600,0.055526018142700195
6.879152774810791,29,1197363,0.05585002899169922
6.8731889724731445,30,1240126,0.05586838722229004
6.865425109863281,31,1282889,0.0559535026550293
6.857415676116943,32,1325652,0.055873870849609375
6.846737861633301,33,1368415,0.05533885955810547
6.835803985595703,34,1411178,0.055793046951293945
6.82736349105835,35,1453941,0.055635929107666016
6.8190813064575195,36,1496704,0.055617332458496094
6.807509899139404,37,1539467,0.05580854415893555
6.797882080078125,38,1582230,0.05597376823425293
6.786212921142578,39,1624993,0.055954694747924805
6.774011135101318,40,1667756,0.05617570877075195
6.764347076416016,41,1710519,0.05562734603881836
6.751213073730469,42,1753282,0.05562472343444824
6.74137020111084,43,1796045,0.05553102493286133
6.729553699493408,44,1838808,0.05544137954711914
6.713955402374268,45,1881571,0.05510139465332031
6.7032012939453125,46,1924334,0.055074453353881836
6.692110538482666,47,1967097,0.05494093894958496
6.6807684898376465,48,2009860,0.05516552925109863
6.671606063842773,49,2052623,0.05533099174499512
6.659331798553467,50,2095386,0.05558896064758301
6.64291524887085,51,2138149,0.05620098114013672
6.632083415985107,52,2180912,0.05521202087402344
6.619367599487305,53,2223675,0.055391788482666016
6.609283924102783,54,2266438,0.05524754524230957
6.594000816345215,55,2309201,0.0552220344543457
6.5845465660095215,56,2351964,0.055535316467285156
6.573095798492432,57,2394727,0.05516934394836426
6.561948776245117,58,2437490,0.055207252502441406
6.548989295959473,59,2480253,0.055339813232421875
6.532286167144775,60,2523016,0.05507826805114746
6.516006946563721,61,2565779,0.055341243743896484
6.509589672088623,62,2608542,0.055434226989746094
6.492279052734375,63,2651305,0.055307865142822266
6.4791483879089355,64,2694068,0.055428504943847656
6.466915607452393,65,2736831,0.05535483360290527
6.458836555480957,66,2779594,0.05525469779968262
6.44429349899292,67,2822357,0.055242300033569336
6.429877281188965,68,2865120,0.05522942543029785
6.414343357086182,69,2907883,0.05556774139404297
6.407575607299805,70,2950646,0.05547928810119629
6.387930870056152,71,2993409,0.05496096611022949
6.378660678863525,72,3036172,0.055464982986450195
6.367888450622559,73,3078935,0.05510687828063965
6.354416370391846,74,3121698,0.05511307716369629
6.335759162902832,75,3164461,0.055023908615112305
6.333246231079102,76,3207224,0.05508303642272949
6.317353248596191,77,3249987,0.055327415466308594
6.307755470275879,78,3292750,0.05533266067504883
6.292276382446289,79,3335513,0.054952144622802734
6.279487609863281,80,3378276,0.05508732795715332
6.266779899597168,81,3421039,0.05537128448486328
6.254678249359131,82,3463802,0.054964303970336914
6.234030723571777,83,3506565,0.05512237548828125
6.230339527130127,84,3549328,0.055258989334106445
6.217627048492432,85,3592091,0.05529975891113281
6.20711612701416,86,3634854,0.05521655082702637
6.190014839172363,87,3677617,0.055106163024902344
6.1826958656311035,88,3720380,0.05496859550476074
6.166820526123047,89,3763143,0.055794715881347656
6.151515007019043,90,3805906,0.05534839630126953
6.139714241027832,91,3848669,0.055283308029174805
6.128879070281982,92,3891432,0.055016279220581055
6.112655162811279,93,3934195,0.05507373809814453
6.108854293823242,94,3976958,0.05521440505981445
6.09040641784668,95,4019721,0.055609703063964844
6.068389415740967,96,4062484,0.05554986000061035
6.065523147583008,97,4105247,0.05520510673522949
6.061703681945801,98,4148010,0.054918766021728516
6.042103290557861,99,4190773,0.05518603324890137
6.027875900268555,100,4233536,0.05509305000305176
6.01932954788208,101,4276299,0.0551295280456543
6.000622749328613,102,4319062,0.055039167404174805
5.991701126098633,103,4361825,0.055042266845703125
5.976969242095947,104,4404588,0.05496358871459961
5.966088771820068,105,4447351,0.05532360076904297
5.951347827911377,106,4490114,0.05503058433532715
5.935510635375977,107,4532877,0.05513310432434082
5.923178195953369,108,4575640,0.05498194694519043
5.917840480804443,109,4618403,0.05586814880371094
5.899029731750488,110,4661166,0.055249929428100586
5.875792503356934,111,4703929,0.055109262466430664
5.874472618103027,112,4746692,0.05515742301940918
5.862856864929199,113,4789455,0.05541539192199707
5.854979991912842,114,4832218,0.055104732513427734
5.829924583435059,115,4874981,0.055078744888305664
5.816373348236084,116,4917744,0.0551760196685791
5.801864147186279,117,4960507,0.05485844612121582
5.791953086853027,118,5003270,0.05507659912109375
5.773134231567383,119,5046033,0.05516815185546875
5.763296604156494,120,5088796,0.05505728721618652
5.75040340423584,121,5131559,0.055274009704589844
5.742427825927734,122,5174322,0.05538368225097656
5.723263263702393,123,5217085,0.055144548416137695
5.703367233276367,124,5259848,0.05503392219543457
5.705854415893555,125,5302611,0.055130958557128906
5.686909198760986,126,5345374,0.05517077445983887
5.6756792068481445,127,5388137,0.05495166778564453
5.661149024963379,128,5430900,0.054886579513549805
5.636758804321289,129,5473663,0.05489158630371094
5.642691612243652,130,5516426,0.05505967140197754
5.622740268707275,131,5559189,0.05516386032104492
5.604095935821533,132,5601952,0.055150747299194336
5.599830150604248,133,5644715,0.055085182189941406
5.583371162414551,134,5687478,0.05507063865661621
5.57339334487915,135,5730241,0.0549159049987793
5.56618070602417,136,5773004,0.0548405647277832
5.548610687255859,137,5815767,0.05518698692321777
5.522992134094238,138,5858530,0.05509352684020996
5.51591157913208,139,5901293,0.05514645576477051
5.514525890350342,140,5944056,0.055207014083862305
5.493858814239502,141,5986819,0.054935455322265625
5.474185943603516,142,6029582,0.054935455322265625
5.464518070220947,143,6072345,0.054869890213012695
5.450489521026611,144,6115108,0.05491471290588379
5.43923282623291,145,6157871,0.05523800849914551
5.423068046569824,146,6200634,0.05511951446533203
5.415621280670166,147,6243397,0.055277347564697266
5.41073751449585,148,6286160,0.0558779239654541
5.385343551635742,149,6328923,0.05559492111206055
5.3732380867004395,150,6371686,0.05499839782714844
5.369505405426025,151,6414449,0.05501818656921387
5.335891246795654,152,6457212,0.055103302001953125
5.345205783843994,153,6499975,0.05535435676574707
5.318466663360596,154,6542738,0.055066823959350586
5.301978588104248,155,6585501,0.055167198181152344
5.293015480041504,156,6628264,0.054996490478515625
5.257282257080078,157,6671027,0.05484628677368164
5.266530513763428,158,6713790,0.054994821548461914
5.238207817077637,159,6756553,0.05492353439331055
5.231278896331787,160,6799316,0.055299997329711914
5.2134928703308105,161,6842079,0.05782365798950195
5.2291340827941895,162,6884842,0.0550384521484375
5.195036888122559,163,6927605,0.05477714538574219
5.173637866973877,164,6970368,0.05468559265136719
5.158670902252197,165,7013131,0.05473518371582031
5.139108657836914,166,7055894,0.054634809494018555
5.1400580406188965,167,7098657,0.0548861026763916
5.123181343078613,168,7141420,0.05485081672668457
5.086760520935059,169,7184183,0.05489349365234375
5.098506450653076,170,7226946,0.0550389289855957
5.064295768737793,171,7269709,0.05480837821960449
5.071194171905518,172,7312472,0.05494546890258789
5.041386127471924,173,7355235,0.05485105514526367
5.029946327209473,174,7397998,0.05465817451477051
5.010140895843506,175,7440761,0.05496716499328613
5.0176920890808105,176,7483524,0.055310964584350586
4.986613750457764,177,7526287,0.0548090934753418
4.997939109802246,178,7569050,0.05463099479675293
4.958092212677002,179,7611813,0.05472421646118164
4.943423271179199,180,7654576,0.05480480194091797
4.939057350158691,181,7697339,0.05520033836364746
4.925177097320557,182,7740102,0.0548396110534668
4.918633460998535,183,7782865,0.05467367172241211
4.9286041259765625,184,7825628,0.05503487586975098
4.925901889801025,185,7868391,0.05473041534423828
4.891334533691406,186,7911154,0.054657697677612305
4.877345561981201,187,7953917,0.054692745208740234
4.889020919799805,188,7996680,0.054552316665649414
4.87160587310791,189,8039443,0.05481529235839844
4.847080230712891,190,8082206,0.05474233627319336
4.817975044250488,191,8124969,0.05459856986999512
4.818354606628418,192,8167732,0.05519223213195801
4.806884765625,193,8210495,0.05489063262939453
4.796817779541016,194,8253258,0.054639577865600586
4.775330066680908,195,8296021,0.05458545684814453
4.748075485229492,196,8338784,0.05454516410827637
4.738442420959473,197,8381547,0.054833173751831055
4.764019012451172,198,8424310,0.05461525917053223
4.730748653411865,199,8467073,0.054862260818481445
4.7323384284973145,200,8509836,0.05474519729614258
4.706630706787109,201,8552599,0.05472564697265625
4.704165458679199,202,8595362,0.054878950119018555
4.709847927093506,203,8638125,0.05470633506774902
4.659778118133545,204,8680888,0.05452728271484375
4.7106828689575195,205,8723651,0.054621219635009766
4.688965320587158,206,8766414,0.05481910705566406
4.673085689544678,207,8809177,0.05448341369628906
4.647856712341309,208,8851940,0.05464935302734375
4.646754741668701,209,8894703,0.05470108985900879
4.642573356628418,210,8937466,0.0544741153717041
4.643345832824707,211,8980229,0.05440092086791992
4.626254558563232,212,9022992,0.054439544677734375
4.629591941833496,213,9065755,0.05448651313781738
4.629720687866211,214,9108518,0.05467057228088379
4.61565637588501,215,9151281,0.054576873779296875
4.622926712036133,216,9194044,0.05456972122192383
4.577327251434326,217,9236807,0.05486297607421875
4.634267330169678,218,9279570,0.05462145805358887
4.648754119873047,219,9322333,0.05457782745361328
4.64326810836792,220,9365096,0.05462646484375
4.557024002075195,221,9407859,0.05499577522277832
4.649026870727539,222,9450622,0.05475735664367676
4.611013412475586,223,9493385,0.05466175079345703
4.541166305541992,224,9536148,0.05453681945800781
4.56348991394043,225,9578911,0.05505061149597168
4.5858025550842285,226,9621674,0.05483818054199219
4.543715953826904,227,9664437,0.05463767051696777
4.533065319061279,228,9707200,0.05466413497924805
4.550424098968506,229,9749963,0.05487704277038574
4.54280424118042,230,9792726,0.05480670928955078
4.542380332946777,231,9835489,0.054486751556396484
4.568273544311523,232,9878252,0.05464458465576172
4.592848300933838,233,9921015,0.05492973327636719
4.539339065551758,234,9963778,0.05486464500427246
4.550601005554199,235,10006541,0.054686546325683594
4.545966625213623,236,10049304,0.05473804473876953
4.5546345710754395,237,10092067,0.054738521575927734
4.493162155151367,238,10134830,0.054825544357299805
4.505848407745361,239,10177593,0.05465292930603027
4.532897472381592,240,10220356,0.05455303192138672
4.49729585647583,241,10263119,0.05476641654968262
4.53616189956665,242,10305882,0.05484318733215332
4.481621742248535,243,10348645,0.05489015579223633
4.4760355949401855,244,10391408,0.05468416213989258
4.548976898193359,245,10434171,0.05445528030395508
4.489998817443848,246,10476934,0.05522322654724121
4.471210956573486,247,10519697,0.05480504035949707
4.510951042175293,248,10562460,0.05455350875854492
4.4761457443237305,249,10605223,0.05482745170593262
4.4855570793151855,250,10647986,0.05467724800109863
4.456674575805664,251,10690749,0.05463767051696777
4.464612007141113,252,10733512,0.05478358268737793
4.467533111572266,253,10776275,0.05433011054992676
4.49943733215332,254,10819038,0.05473613739013672
4.489485740661621,255,10861801,0.054508209228515625
4.487833499908447,256,10904564,0.054738521575927734
4.417255878448486,257,10947327,0.055315494537353516
4.4701666831970215,258,10990090,0.05477499961853027
4.431872844696045,259,11032853,0.05459189414978027
4.495997428894043,260,11075616,0.05456209182739258
4.466184616088867,261,11118379,0.05465292930603027
4.450257778167725,262,11161142,0.05474662780761719
4.42884635925293,263,11203905,0.05477285385131836
4.381258010864258,264,11246668,0.05465340614318848
4.452293872833252,265,11289431,0.05472850799560547
4.472650527954102,266,11332194,0.05464601516723633
4.41822624206543,267,11374957,0.0545499324798584
4.45688009262085,268,11417720,0.05448293685913086
4.454312324523926,269,11460483,0.05442929267883301
4.447144508361816,270,11503246,0.0549161434173584
4.4109930992126465,271,11546009,0.05472230911254883
4.467498779296875,272,11588772,0.054743289947509766
4.3876824378967285,273,11631535,0.05462193489074707
4.420937538146973,274,11674298,0.0547637939453125
4.3817620277404785,275,11717061,0.05464887619018555
4.453131198883057,276,11759824,0.054522037506103516
4.461251258850098,277,11802587,0.054735660552978516
4.4557647705078125,278,11845350,0.054627180099487305
4.420422077178955,279,11888113,0.05460333824157715
4.4284515380859375,280,11930876,0.05455327033996582
4.402798652648926,281,11973639,0.054538726806640625
4.397059440612793,282,12016402,0.05505204200744629
4.405159950256348,283,12059165,0.054943084716796875
4.378529071807861,284,12101928,0.05475330352783203
4.434440612792969,285,12144691,0.05463004112243652
4.395882606506348,286,12187454,0.05442667007446289
4.426234722137451,287,12230217,0.0546574592590332
4.402636528015137,288,12272980,0.05454659461975098
4.431755065917969,289,12315743,0.054680585861206055
4.411696910858154,290,12358506,0.054854631423950195
4.412149429321289,291,12401269,0.0548703670501709
4.397309303283691,292,12444032,0.05490684509277344
4.392561435699463,293,12486795,0.0547490119934082
4.406490802764893,294,12529558,0.05440497398376465
4.370178699493408,295,12572321,0.054825782775878906
4.357776641845703,296,12615084,0.054608821868896484
4.352877140045166,297,12657847,0.05460977554321289
4.3943939208984375,298,12700610,0.05472064018249512
4.375834941864014,299,12743373,0.05470085144042969
4.37105655670166,300,12786136,0.054815053939819336
4.399787425994873,301,12828899,0.054633140563964844
4.408695697784424,302,12871662,0.0545351505279541
4.36297082901001,303,12914425,0.054952383041381836
4.349208354949951,304,12957188,0.054529428482055664
4.359644412994385,305,12999951,0.05456137657165527
4.336534023284912,306,13042714,0.05494117736816406
4.370743274688721,307,13085477,0.05463409423828125
4.395417213439941,308,13128240,0.05456805229187012
4.3417229652404785,309,13171003,0.05462074279785156
4.349590301513672,310,13213766,0.05471467971801758
4.344002723693848,311,13256529,0.05521106719970703
4.381474494934082,312,13299292,0.05458855628967285
4.389104843139648,313,13342055,0.05450010299682617
4.347896099090576,314,13384818,0.054901838302612305
4.3681464195251465,315,13427581,0.054599761962890625
4.338715553283691,316,13470344,0.05460715293884277
4.362231731414795,317,13513107,0.05464768409729004
4.311001777648926,318,13555870,0.05459737777709961
4.36651611328125,319,13598633,0.05472564697265625
4.3102922439575195,320,13641396,0.05455470085144043
4.336063861846924,321,13684159,0.05450606346130371
4.327507495880127,322,13726922,0.055307626724243164
4.3360276222229,323,13769685,0.05457329750061035
4.315595626831055,324,13812448,0.05465340614318848
4.359210014343262,325,13855211,0.05453944206237793
4.33428955078125,326,13897974,0.05478954315185547
4.309569835662842,327,13940737,0.0545344352722168
4.304630756378174,328,13983500,0.05465984344482422
4.341485977172852,329,14026263,0.054642438888549805
4.2997612953186035,330,14069026,0.05449986457824707
4.305321216583252,331,14111789,0.05514836311340332
4.361503601074219,332,14154552,0.054549455642700195
4.31717586517334,333,14197315,0.05452537536621094
4.277966499328613,334,14240078,0.05444931983947754
4.301810264587402,335,14282841,0.054465293884277344
4.335197925567627,336,14325604,0.05448746681213379
4.298661708831787,337,14368367,0.05489754676818848
4.305148601531982,338,14411130,0.054785728454589844
4.233641624450684,339,14453893,0.054711103439331055
4.303744316101074,340,14496656,0.05454063415527344
4.324628829956055,341,14539419,0.05437588691711426
4.29136848449707,342,14582182,0.054695844650268555
4.305264949798584,343,14624945,0.05478048324584961
4.293761253356934,344,14667708,0.05465841293334961
4.295767784118652,345,14710471,0.05453038215637207
4.291784286499023,346,14753234,0.05469512939453125
4.326647758483887,347,14795997,0.05481696128845215
4.292016983032227,348,14838760,0.054688453674316406
4.326109886169434,349,14881523,0.05465579032897949
4.313202381134033,350,14924286,0.05476713180541992
4.276533126831055,351,14967049,0.054462432861328125
4.286827564239502,352,15009812,0.05457592010498047
4.268837928771973,353,15052575,0.05476212501525879
4.30970573425293,354,15095338,0.0547330379486084
4.272756099700928,355,15138101,0.05476212501525879
4.288926124572754,356,15180864,0.05459904670715332
4.264446258544922,357,15223627,0.05473470687866211
4.3384108543396,358,15266390,0.05436420440673828
4.27622127532959,359,15309153,0.05470538139343262
4.267535209655762,360,15351916,0.054865360260009766
4.256846904754639,361,15394679,0.05467581748962402
4.278300762176514,362,15437442,0.05450844764709473
4.278563022613525,363,15480205,0.05488181114196777
4.236380577087402,364,15522968,0.0546572208404541
4.2863545417785645,365,15565731,0.05493807792663574
4.274148941040039,366,15608494,0.05458474159240723
4.26997184753418,367,15651257,0.054505109786987305
4.304894924163818,368,15694020,0.0549626350402832
4.287246227264404,369,15736783,0.05471992492675781
4.294922351837158,370,15779546,0.05464529991149902
4.2787604331970215,371,15822309,0.054900169372558594
4.254835605621338,372,15865072,0.05467104911804199
4.2222208976745605,373,15907835,0.05451059341430664
4.269673824310303,374,15950598,0.05472421646118164
4.271215915679932,375,15993361,0.05450105667114258
4.261431694030762,376,16036124,0.054839134216308594
4.242188930511475,377,16078887,0.05461263656616211
4.209310531616211,378,16121650,0.05440211296081543
4.229414463043213,379,16164413,0.054903507232666016
4.295764446258545,380,16207176,0.054512977600097656
4.236952781677246,381,16249939,0.0544590950012207
4.29081916809082,382,16292702,0.05441403388977051
4.275957107543945,383,16335465,0.05453348159790039
4.296047210693359,384,16378228,0.05470752716064453
4.241181373596191,385,16420991,0.054817914962768555
4.264804363250732,386,16463754,0.05435752868652344
4.218156337738037,387,16506517,0.05488848686218262
4.284524440765381,388,16549280,0.05456709861755371
4.267332553863525,389,16592043,0.05450630187988281
4.198822021484375,390,16634806,0.05443525314331055
4.270768165588379,391,16677569,0.0546879768371582
4.292888164520264,392,16720332,0.05483603477478027
4.241014003753662,393,16763095,0.0547330379486084
4.229990482330322,394,16805858,0.054467201232910156
4.22206449508667,395,16848621,0.05452537536621094
4.258752346038818,396,16891384,0.05480480194091797
4.2477264404296875,397,16934147,0.05464005470275879
4.221470832824707,398,16976910,0.05446791648864746
4.228967189788818,399,17019673,0.05442929267883301
4.232654571533203,400,17062436,0.05463552474975586
4.194160461425781,401,17105199,0.05475139617919922
4.2905402183532715,402,17147962,0.054636478424072266
4.232709884643555,403,17190725,0.054573774337768555
4.224936008453369,404,17233488,0.054880619049072266
4.250282287597656,405,17276251,0.05458974838256836
4.204869747161865,406,17319014,0.05469369888305664
4.247986793518066,407,17361777,0.05466437339782715
4.292663097381592,408,17404540,0.05449843406677246
4.2017364501953125,409,17447303,0.054587364196777344
4.218358516693115,410,17490066,0.054524898529052734
4.247547149658203,411,17532829,0.054576873779296875
4.232663154602051,412,17575592,0.05495429039001465
4.237529754638672,413,17618355,0.05456137657165527
4.251927375793457,414,17661118,0.054737091064453125
4.181115627288818,415,17703881,0.05469560623168945
4.216414451599121,416,17746644,0.05471301078796387
4.2745771408081055,417,17789407,0.05474972724914551
4.205964088439941,418,17832170,0.054528236389160156
4.245884418487549,419,17874933,0.05466914176940918
4.250283241271973,420,17917696,0.0549471378326416
4.216472148895264,421,17960459,0.05476999282836914
4.202177047729492,422,18003222,0.054816484451293945
4.218547344207764,423,18045985,0.05469393730163574
4.252511978149414,424,18088748,0.05491185188293457
4.20646333694458,425,18131511,0.054868221282958984
4.236257076263428,426,18174274,0.054915666580200195
4.211979866027832,427,18217037,0.055021047592163086
4.23678731918335,428,18259800,0.05496501922607422
4.2107672691345215,429,18302563,0.05511665344238281
4.225877285003662,430,18345326,0.05522465705871582
4.244774341583252,431,18388089,0.05449938774108887
4.224113464355469,432,18430852,0.05518460273742676
4.207637310028076,433,18473615,0.05502581596374512
4.174985408782959,434,18516378,0.055045127868652344
4.245173454284668,435,18559141,0.05515456199645996
4.223963260650635,436,18601904,0.055108070373535156
4.192151069641113,437,18644667,0.0549006462097168
4.201934337615967,438,18687430,0.055025577545166016
4.195773601531982,439,18730193,0.05524611473083496
4.228381633758545,440,18772956,0.05498027801513672
4.208219051361084,441,18815719,0.05529022216796875
4.227436065673828,442,18858482,0.05523037910461426
4.245268821716309,443,18901245,0.05505847930908203
4.257075309753418,444,18944008,0.055310964584350586
4.212804794311523,445,18986771,0.05518770217895508
4.235599040985107,446,19029534,0.05498194694519043
4.149127960205078,447,19072297,0.05490374565124512
4.206703186035156,448,19115060,0.05500006675720215
4.2436323165893555,449,19157823,0.05520009994506836
4.207495212554932,450,19200586,0.05525612831115723
4.223249912261963,451,19243349,0.055155038833618164
4.222679138183594,452,19286112,0.054805755615234375
4.236410617828369,453,19328875,0.05458641052246094
4.230112552642822,454,19371638,0.055562496185302734
4.203700065612793,455,19414401,0.054628849029541016
4.220965385437012,456,19457164,0.05493950843811035
4.181544780731201,457,19499927,0.05509161949157715
4.203883171081543,458,19542690,0.05528903007507324
4.204446315765381,459,19585453,0.05537271499633789
4.202455520629883,460,19628216,0.055312395095825195
4.23778772354126,461,19670979,0.05515789985656738
4.1808319091796875,462,19713742,0.05528402328491211
4.217222690582275,463,19756505,0.055310726165771484
4.219222068786621,464,19799268,0.05521726608276367
4.212502956390381,465,19842031,0.05552554130554199
4.1906232833862305,466,19884794,0.0562129020690918
4.179750919342041,467,19927557,0.05607748031616211
4.21544885635376,468,19970320,0.05543661117553711
4.159972667694092,469,20013083,0.05526232719421387
4.174133777618408,470,20055846,0.05528664588928223
4.24263858795166,471,20098609,0.05523490905761719
4.195080757141113,472,20141372,0.055298805236816406
4.202498912811279,473,20184135,0.05527997016906738
4.1966872215271,474,20226898,0.05535268783569336
4.206948280334473,475,20269661,0.05524873733520508
4.199045658111572,476,20312424,0.05539226531982422
4.221042156219482,477,20355187,0.05542945861816406
4.179508209228516,478,20397950,0.055600643157958984
4.267577171325684,479,20440713,0.05564737319946289
4.165593147277832,480,20483476,0.05547070503234863
4.214557647705078,481,20526239,0.05553102493286133
4.200969696044922,482,20569002,0.055461883544921875
4.182358264923096,483,20611765,0.05527853965759277
4.2122955322265625,484,20654528,0.05545496940612793
4.171848297119141,485,20697291,0.05536651611328125
4.220381736755371,486,20740054,0.05541586875915527
4.173806667327881,487,20782817,0.05681800842285156
4.194483757019043,488,20825580,0.056238412857055664
4.189179420471191,489,20868343,0.05609393119812012
4.204089164733887,490,20911106,0.057395219802856445
4.1909966468811035,491,20953869,0.05680704116821289
4.1659979820251465,492,20996632,0.0567929744720459
4.224527835845947,493,21039395,0.05587959289550781
4.199090003967285,494,21082158,0.056577444076538086
4.179535388946533,495,21124921,0.055890560150146484
4.156376361846924,496,21167684,0.05525922775268555
4.224064350128174,497,21210447,0.055284738540649414
4.163686752319336,498,21253210,0.05526566505432129
4.191159248352051,499,21295973,0.05526590347290039
4.148226261138916,500,21338736,0.05537676811218262
4.1526618003845215,501,21381499,0.05538368225097656
4.187628746032715,502,21424262,0.05790424346923828
4.216704368591309,503,21467025,0.055444955825805664
4.158094882965088,504,21509788,0.05613565444946289
4.212128162384033,505,21552551,0.05511736869812012
4.226390838623047,506,21595314,0.05458569526672363
4.143852233886719,507,21638077,0.05555295944213867
4.188311576843262,508,21680840,0.05533146858215332
4.19346284866333,509,21723603,0.054953813552856445
4.190460681915283,510,21766366,0.054566383361816406
4.192646503448486,511,21809129,0.054848670959472656
4.15028190612793,512,21851892,0.054947614669799805
4.181361198425293,513,21894655,0.054901123046875
4.163301944732666,514,21937418,0.05457925796508789
4.186181545257568,515,21980181,0.05577278137207031
4.200206279754639,516,22022944,0.055242061614990234
4.178569316864014,517,22065707,0.05504345893859863
4.1235761642456055,518,22108470,0.05526614189147949
4.194372177124023,519,22151233,0.05524039268493652
4.191481113433838,520,22193996,0.05598878860473633
4.175162315368652,521,22236759,0.05573225021362305
4.192589282989502,522,22279522,0.05528068542480469
4.174727916717529,523,22322285,0.05556845664978027
4.1835808753967285,524,22365048,0.0553128719329834
4.200345993041992,525,22407811,0.05517148971557617
4.186105251312256,526,22450574,0.05503082275390625
4.178382396697998,527,22493337,0.05553722381591797
4.169468879699707,528,22536100,0.055234432220458984
4.212724685668945,529,22578863,0.055121660232543945
4.170935153961182,530,22621626,0.05516695976257324
4.180954456329346,531,22664389,0.05576825141906738
4.2068634033203125,532,22707152,0.05511784553527832
4.145616054534912,533,22749915,0.05507993698120117
4.1767377853393555,534,22792678,0.05509352684020996
4.211183547973633,535,22835441,0.05505490303039551
4.145391941070557,536,22878204,0.05506324768066406
4.140998840332031,537,22920967,0.05501127243041992
4.181210517883301,538,22963730,0.055999040603637695
4.132688999176025,539,23006493,0.05548524856567383
4.165256500244141,540,23049256,0.05512690544128418
4.137838363647461,541,23092019,0.055090904235839844
4.1718974113464355,542,23134782,0.05510377883911133
4.164299011230469,543,23177545,0.055344581604003906
4.1707658767700195,544,23220308,0.05519556999206543
4.18020486831665,545,23263071,0.05505704879760742
4.183387756347656,546,23305834,0.055260658264160156
4.161078929901123,547,23348597,0.05557990074157715
4.162155628204346,548,23391360,0.055084228515625
4.104820728302002,549,23434123,0.0557560920715332
4.189566135406494,550,23476886,0.05512833595275879
4.189263343811035,551,23519649,0.056204795837402344
4.178264617919922,552,23562412,0.05563497543334961
4.200634479522705,553,23605175,0.0551457405090332
4.175467014312744,554,23647938,0.05500912666320801
4.157637119293213,555,23690701,0.0549163818359375
4.140556812286377,556,23733464,0.05533933639526367
4.1748480796813965,557,23776227,0.05567789077758789
4.177621364593506,558,23818990,0.05598282814025879
4.183727741241455,559,23861753,0.05585956573486328
4.12278413772583,560,23904516,0.055418968200683594
4.191833972930908,561,23947279,0.05526304244995117
4.145490646362305,562,23990042,0.055165767669677734
4.169491767883301,563,24032805,0.05622506141662598
4.15996789932251,564,24075568,0.056138038635253906
4.140229225158691,565,24118331,0.055516719818115234
4.146206378936768,566,24161094,0.05525517463684082
4.15925407409668,567,24203857,0.055235862731933594
4.131349563598633,568,24246620,0.055127859115600586
4.178399085998535,569,24289383,0.05505657196044922
4.191093921661377,570,24332146,0.05498218536376953
4.127559185028076,571,24374909,0.054967403411865234
4.174106121063232,572,24417672,0.05509519577026367
4.16011381149292,573,24460435,0.05523371696472168
4.171816349029541,574,24503198,0.055114030838012695
4.188959121704102,575,24545961,0.056030988693237305
4.180766582489014,576,24588724,0.05503129959106445
4.143645763397217,577,24631487,0.05530095100402832
4.192699432373047,578,24674250,0.05500674247741699
4.15704345703125,579,24717013,0.055024147033691406
4.140579700469971,580,24759776,0.05515408515930176
4.154364109039307,581,24802539,0.05529284477233887
4.158507347106934,582,24845302,0.05547332763671875
4.160759925842285,583,24888065,0.05494523048400879
4.150599002838135,584,24930828,0.05510282516479492
4.153356075286865,585,24973591,0.05602598190307617
4.141984939575195,586,25016354,0.05511903762817383
4.1467156410217285,587,25059117,0.054976463317871094
4.1207404136657715,588,25101880,0.05502438545227051
4.182450294494629,589,25144643,0.05488395690917969
4.161118030548096,590,25187406,0.0554051399230957
4.1327805519104,591,25230169,0.056217193603515625
4.143703460693359,592,25272932,0.05674290657043457
4.120010852813721,593,25315695,0.05502200126647949
4.141556739807129,594,25358458,0.05585956573486328
4.154688835144043,595,25401221,0.05615568161010742
4.175838947296143,596,25443984,0.055861473083496094
4.171472549438477,597,25486747,0.05537891387939453
4.160316467285156,598,25529510,0.05666708946228027
4.153529644012451,599,25572273,0.05541038513183594
4.138031959533691,600,25615036,0.055379629135131836
4.16320276260376,601,25657799,0.055882930755615234
4.136744499206543,602,25700562,0.05637669563293457
4.141340255737305,603,25743325,0.05552315711975098
4.103890419006348,604,25786088,0.05617022514343262
4.184729099273682,605,25828851,0.05548667907714844
4.1513872146606445,606,25871614,0.05507779121398926
4.152598857879639,607,25914377,0.05559277534484863
4.164007186889648,608,25957140,0.055387020111083984
4.150119781494141,609,25999903,0.05472826957702637
4.124543190002441,610,26042666,0.05436372756958008
4.173176288604736,611,26085429,0.05445551872253418
4.135122299194336,612,26128192,0.05473637580871582
4.1461405754089355,613,26170955,0.05463528633117676
4.174010753631592,614,26213718,0.05466318130493164
4.115825653076172,615,26256481,0.05442976951599121
4.150147438049316,616,26299244,0.05518603324890137
4.187510967254639,617,26342007,0.055104732513427734
4.193940162658691,618,26384770,0.054549455642700195
4.110908031463623,619,26427533,0.05443882942199707
4.189028263092041,620,26470296,0.05440187454223633
4.147557258605957,621,26513059,0.05488848686218262
4.124051094055176,622,26555822,0.05476665496826172
4.090610027313232,623,26598585,0.054474592208862305
4.123149394989014,624,26641348,0.054711341857910156
4.120983123779297,625,26684111,0.05463433265686035
4.178900241851807,626,26726874,0.054540395736694336
4.103331089019775,627,26769637,0.05446147918701172
4.1032209396362305,628,26812400,0.05483126640319824
4.122463703155518,629,26855163,0.05449867248535156
4.1472086906433105,630,26897926,0.05481576919555664
4.162208557128906,631,26940689,0.054853200912475586
4.112361431121826,632,26983452,0.05445146560668945
4.1688947677612305,633,27026215,0.05471348762512207
4.135418891906738,634,27068978,0.05453681945800781
4.134197235107422,635,27111741,0.05426931381225586
4.1396307945251465,636,27154504,0.05491757392883301
4.128329277038574,637,27197267,0.05459117889404297
4.129685878753662,638,27240030,0.056442975997924805
4.124636173248291,639,27282793,0.0550234317779541
4.154411792755127,640,27325556,0.054613590240478516
4.09527587890625,641,27368319,0.054570913314819336
4.144413948059082,642,27411082,0.05458855628967285
4.15527868270874,643,27453845,0.05446600914001465
4.131613254547119,644,27496608,0.054910898208618164
4.150087833404541,645,27539371,0.05454230308532715
4.115302085876465,646,27582134,0.054620981216430664
4.137217998504639,647,27624897,0.054470062255859375
4.156070709228516,648,27667660,0.05444002151489258
4.125430583953857,649,27710423,0.054444313049316406
4.0961127281188965,650,27753186,0.05459117889404297
4.149824619293213,651,27795949,0.05437779426574707
4.116601467132568,652,27838712,0.05458831787109375
4.117975234985352,653,27881475,0.055390357971191406
4.154648780822754,654,27924238,0.054917097091674805
4.110469818115234,655,27967001,0.05454230308532715
4.140222549438477,656,28009764,0.05434894561767578
4.1463398933410645,657,28052527,0.054674386978149414
4.152749061584473,658,28095290,0.054470062255859375
4.1237473487854,659,28138053,0.054492950439453125
4.129383563995361,660,28180816,0.05457353591918945
4.135218620300293,661,28223579,0.054921627044677734
4.155649662017822,662,28266342,0.054718017578125
4.14564323425293,663,28309105,0.05458498001098633
4.1047186851501465,664,28351868,0.05463838577270508
4.156740665435791,665,28394631,0.05461931228637695
4.121751308441162,666,28437394,0.05456733703613281
4.114816188812256,667,28480157,0.0546412467956543
4.123101711273193,668,28522920,0.054857492446899414
4.096981525421143,669,28565683,0.05488276481628418
4.095183372497559,670,28608446,0.054464101791381836
4.117086410522461,671,28651209,0.0549321174621582
4.061062812805176,672,28693972,0.05448198318481445
4.1027140617370605,673,28736735,0.054601192474365234
4.1474738121032715,674,28779498,0.05457735061645508
4.073638439178467,675,28822261,0.05443620681762695
4.140588283538818,676,28865024,0.05439257621765137
4.123351097106934,677,28907787,0.054648399353027344
4.12536096572876,678,28950550,0.05452680587768555
4.157502174377441,679,28993313,0.05459713935852051
4.122562885284424,680,29036076,0.05573844909667969
4.126048564910889,681,29078839,0.054834604263305664
4.132068157196045,682,29121602,0.05473732948303223
4.123048305511475,683,29164365,0.054548025131225586
4.13884973526001,684,29207128,0.054489850997924805
4.131481170654297,685,29249891,0.05451059341430664
4.141799449920654,686,29292654,0.05478382110595703
4.162993431091309,687,29335417,0.05471372604370117
4.125044822692871,688,29378180,0.054604530334472656
4.107144355773926,689,29420943,0.05451488494873047
4.101804256439209,690,29463706,0.05455374717712402
4.106672286987305,691,29506469,0.05449175834655762
4.123716831207275,692,29549232,0.054337263107299805
4.103728771209717,693,29591995,0.054491519927978516
4.122043132781982,694,29634758,0.05437278747558594
4.09458589553833,695,29677521,0.05470108985900879
4.098322868347168,696,29720284,0.054670095443725586
4.146515369415283,697,29763047,0.054407596588134766
4.145023822784424,698,29805810,0.05520224571228027
4.105147838592529,699,29848573,0.05499887466430664
4.131015300750732,700,29891336,0.054575204849243164
4.064270496368408,701,29934099,0.0548863410949707
4.0933403968811035,702,29976862,0.05462026596069336
4.129391193389893,703,30019625,0.0548703670501709
4.1104230880737305,704,30062388,0.054871320724487305
4.106656551361084,705,30105151,0.05429267883300781
4.075927734375,706,30147914,0.05473613739013672
4.1380720138549805,707,30190677,0.05467629432678223
4.121732234954834,708,30233440,0.054639339447021484
4.111151695251465,709,30276203,0.05467510223388672
4.149674892425537,710,30318966,0.0547633171081543
4.140970230102539,711,30361729,0.05460333824157715
4.139415264129639,712,30404492,0.054482460021972656
4.12890100479126,713,30447255,0.05442333221435547
4.144589424133301,714,30490018,0.05438685417175293
4.131472587585449,715,30532781,0.05467867851257324
4.120586395263672,716,30575544,0.05454874038696289
4.136911869049072,717,30618307,0.05472159385681152
4.145680904388428,718,30661070,0.05470013618469238
4.1255950927734375,719,30703833,0.05498814582824707
4.1478352546691895,720,30746596,0.054468631744384766
4.131221771240234,721,30789359,0.054451704025268555
4.119621276855469,722,30832122,0.054404258728027344
4.149160385131836,723,30874885,0.054724931716918945
4.128733158111572,724,30917648,0.05463886260986328
4.119157791137695,725,30960411,0.054294586181640625
4.135499477386475,726,31003174,0.054556846618652344
4.11467981338501,727,31045937,0.05494260787963867
4.07278299331665,728,31088700,0.05459141731262207
4.105899810791016,729,31131463,0.05471181869506836
4.10703706741333,730,31174226,0.05560898780822754
4.101300239562988,731,31216989,0.05472993850708008
4.075831890106201,732,31259752,0.05436372756958008
4.120678424835205,733,31302515,0.05436134338378906
4.10092830657959,734,31345278,0.054440975189208984
4.108817100524902,735,31388041,0.05467796325683594
4.1200151443481445,736,31430804,0.05451178550720215
4.104469299316406,737,31473567,0.054659366607666016
4.107668399810791,738,31516330,0.05457496643066406
4.107372283935547,739,31559093,0.05436253547668457
4.123424053192139,740,31601856,0.05489826202392578
4.108453273773193,741,31644619,0.054497718811035156
4.107854843139648,742,31687382,0.05486559867858887
4.102501392364502,743,31730145,0.0544736385345459
4.095770835876465,744,31772908,0.05469369888305664
4.079395294189453,745,31815671,0.05457806587219238
4.153543949127197,746,31858434,0.054538726806640625
4.1035542488098145,747,31901197,0.05455827713012695
4.150429725646973,748,31943960,0.054551124572753906
4.133647441864014,749,31986723,0.05439448356628418
4.123414516448975,750,32029486,0.0548553466796875
4.114902973175049,751,32072249,0.05552864074707031
4.087052822113037,752,32115012,0.055267333984375
4.081472396850586,753,32157775,0.054584503173828125
4.087793350219727,754,32200538,0.05455899238586426
4.138168811798096,755,32243301,0.05462312698364258
4.131269454956055,756,32286064,0.05469346046447754
4.126131057739258,757,32328827,0.05447077751159668
4.085902690887451,758,32371590,0.05485677719116211
4.113261699676514,759,32414353,0.054572343826293945
4.079251289367676,760,32457116,0.05470895767211914
4.1209187507629395,761,32499879,0.05442166328430176
4.065763473510742,762,32542642,0.05437517166137695
4.075479030609131,763,32585405,0.05442166328430176
4.114696025848389,764,32628168,0.05462932586669922
4.11043119430542,765,32670931,0.054815053939819336
4.053040981292725,766,32713694,0.05482745170593262
4.131130695343018,767,32756457,0.05465984344482422
4.1225786209106445,768,32799220,0.05460524559020996
4.106900691986084,769,32841983,0.0545961856842041
4.097560882568359,770,32884746,0.05454611778259277
4.11846923828125,771,32927509,0.05479550361633301
4.118921756744385,772,32970272,0.05466485023498535
4.127481937408447,773,33013035,0.05439877510070801
4.0598859786987305,774,33055798,0.054762840270996094
4.0858354568481445,775,33098561,0.054544925689697266
4.084198951721191,776,33141324,0.05446910858154297
4.1226725578308105,777,33184087,0.05457758903503418
4.078016757965088,778,33226850,0.054386138916015625
4.120306015014648,779,33269613,0.0548708438873291
4.1026763916015625,780,33312376,0.05491304397583008
4.0932159423828125,781,33355139,0.05444145202636719
4.112075328826904,782,33397902,0.05453753471374512
4.114607810974121,783,33440665,0.054535865783691406
4.114809036254883,784,33483428,0.05450797080993652
4.105904579162598,785,33526191,0.05457711219787598
4.077512264251709,786,33568954,0.054322004318237305
4.099761486053467,787,33611717,0.05480027198791504
4.0823798179626465,788,33654480,0.05466103553771973
4.140487194061279,789,33697243,0.054384708404541016
4.071476459503174,790,33740006,0.05606389045715332
4.093674659729004,791,33782769,0.054807186126708984
4.104886054992676,792,33825532,0.05452680587768555
4.097465991973877,793,33868295,0.0545806884765625
4.104777812957764,794,33911058,0.05439281463623047
4.11819314956665,795,33953821,0.054648399353027344
4.0728864669799805,796,33996584,0.05455946922302246
4.032280445098877,797,34039347,0.05436897277832031
4.116659164428711,798,34082110,0.05452561378479004
4.072354316711426,799,34124873,0.05452752113342285
4.126478672027588,800,34167636,0.054512977600097656
4.092851638793945,801,34210399,0.05457496643066406
4.089845180511475,802,34253162,0.05500435829162598
4.119462013244629,803,34295925,0.05474853515625
4.1291022300720215,804,34338688,0.05454373359680176
4.119929313659668,805,34381451,0.05443549156188965
4.147772789001465,806,34424214,0.054407596588134766
4.084969520568848,807,34466977,0.05490422248840332
4.1352643966674805,808,34509740,0.05476021766662598
4.087502956390381,809,34552503,0.05448412895202637
4.100081920623779,810,34595266,0.05458784103393555
4.105689525604248,811,34638029,0.05463671684265137
4.090996265411377,812,34680792,0.05449843406677246
4.072680950164795,813,34723555,0.05461239814758301
4.065071105957031,814,34766318,0.05457806587219238
4.129161834716797,815,34809081,0.05562591552734375
4.102510929107666,816,34851844,0.05486035346984863
4.144988059997559,817,34894607,0.0543825626373291
4.095351219177246,818,34937370,0.05494093894958496
4.092963218688965,819,34980133,0.05452156066894531
4.113080978393555,820,35022896,0.05466151237487793
4.080566883087158,821,35065659,0.05449843406677246
4.064291000366211,822,35108422,0.05475282669067383
4.131028175354004,823,35151185,0.05480384826660156
4.129807949066162,824,35193948,0.054590702056884766
4.074585437774658,825,35236711,0.05453038215637207
4.085197448730469,826,35279474,0.05477166175842285
4.11060094833374,827,35322237,0.0546870231628418
4.084648132324219,828,35365000,0.05449318885803223
4.100735664367676,829,35407763,0.05438661575317383
4.077415943145752,830,35450526,0.05442643165588379
4.082748889923096,831,35493289,0.054888010025024414
4.14089822769165,832,35536052,0.05473923683166504
4.110284805297852,833,35578815,0.0547943115234375
4.09598970413208,834,35621578,0.0546567440032959
4.058431625366211,835,35664341,0.054431915283203125
4.110973834991455,836,35707104,0.055024147033691406
4.069226264953613,837,35749867,0.05453610420227051
4.066786766052246,838,35792630,0.05440974235534668
4.1103668212890625,839,35835393,0.0548703670501709
4.106624603271484,840,35878156,0.05475735664367676
4.066111087799072,841,35920919,0.05478048324584961
4.051710605621338,842,35963682,0.054563045501708984
4.084209442138672,843,36006445,0.054532527923583984
4.145473003387451,844,36049208,0.05475211143493652
4.0721659660339355,845,36091971,0.054480791091918945
4.08388090133667,846,36134734,0.05469059944152832
4.124485969543457,847,36177497,0.05484199523925781
4.0924506187438965,848,36220260,0.05452704429626465
4.067360877990723,849,36263023,0.05470156669616699
4.07307767868042,850,36305786,0.054628610610961914
4.132327556610107,851,36348549,0.054476261138916016
4.096433162689209,852,36391312,0.054712772369384766
4.102097511291504,853,36434075,0.05449032783508301
4.062620639801025,854,36476838,0.05452132225036621
4.06351375579834,855,36519601,0.054975032806396484
4.090143203735352,856,36562364,0.05490589141845703
4.086215019226074,857,36605127,0.05478239059448242
4.070895671844482,858,36647890,0.05485868453979492
4.115264892578125,859,36690653,0.05467939376831055
4.096534252166748,860,36733416,0.05495715141296387
4.145536422729492,861,36776179,0.05482840538024902
4.050715446472168,862,36818942,0.05574607849121094
4.088534832000732,863,36861705,0.05542612075805664
4.1288652420043945,864,36904468,0.055179595947265625
4.11931037902832,865,36947231,0.05503082275390625
4.0796027183532715,866,36989994,0.0549161434173584
4.105042457580566,867,37032757,0.05483245849609375
4.103164196014404,868,37075520,0.054926395416259766
4.0385260581970215,869,37118283,0.05488705635070801
4.055535793304443,870,37161046,0.0548553466796875
4.100896835327148,871,37203809,0.05510854721069336
4.100749969482422,872,37246572,0.05485224723815918
4.109696388244629,873,37289335,0.05493474006652832
4.072828769683838,874,37332098,0.054788827896118164
4.115954399108887,875,37374861,0.05482006072998047
4.118289947509766,876,37417624,0.055021047592163086
4.121936321258545,877,37460387,0.05481863021850586
4.088308334350586,878,37503150,0.0547640323638916
4.114400386810303,879,37545913,0.05500626564025879
4.085898399353027,880,37588676,0.05487370491027832
4.106775760650635,881,37631439,0.05479598045349121
4.0937418937683105,882,37674202,0.0549163818359375
4.097164630889893,883,37716965,0.0548863410949707
4.037800312042236,884,37759728,0.054680824279785156
4.086233139038086,885,37802491,0.055007219314575195
4.0787272453308105,886,37845254,0.0547940731048584
4.1167497634887695,887,37888017,0.054868221282958984
4.1101908683776855,888,37930780,0.0549318790435791
4.097654342651367,889,37973543,0.05518031120300293
4.081300735473633,890,38016306,0.05487823486328125
4.1216325759887695,891,38059069,0.055071115493774414
4.105593204498291,892,38101832,0.05524158477783203
4.108328342437744,893,38144595,0.055785417556762695
4.102738857269287,894,38187358,0.05481433868408203
4.055300712585449,895,38230121,0.054765939712524414
4.086415767669678,896,38272884,0.05481863021850586
4.0864129066467285,897,38315647,0.054856061935424805
4.082509517669678,898,38358410,0.05482196807861328
4.023809909820557,899,38401173,0.05481457710266113
4.104519367218018,900,38443936,0.05485224723815918
4.077038288116455,901,38486699,0.0549013614654541
4.101832389831543,902,38529462,0.05479860305786133
4.039763450622559,903,38572225,0.05470538139343262
4.1128926277160645,904,38614988,0.05494570732116699
4.094931125640869,905,38657751,0.05486702919006348
4.163862228393555,906,38700514,0.05483365058898926
4.098297595977783,907,38743277,0.0547635555267334
4.093515872955322,908,38786040,0.054735422134399414
4.100891590118408,909,38828803,0.054908037185668945
4.080671310424805,910,38871566,0.05486655235290527
4.097996711730957,911,38914329,0.05513453483581543
4.114406585693359,912,38957092,0.055049896240234375
4.09276819229126,913,38999855,0.05482149124145508
4.099684715270996,914,39042618,0.05474138259887695
4.077503681182861,915,39085381,0.05480551719665527
4.11274528503418,916,39128144,0.054811954498291016
4.065535068511963,917,39170907,0.05481719970703125
4.1088995933532715,918,39213670,0.05495929718017578
4.041758060455322,919,39256433,0.05521845817565918
4.065940856933594,920,39299196,0.05522775650024414
4.11546516418457,921,39341959,0.05494379997253418
4.080148220062256,922,39384722,0.05483078956604004
4.067968845367432,923,39427485,0.054784536361694336
4.064872741699219,924,39470248,0.0547335147857666
4.113819122314453,925,39513011,0.054939985275268555
4.084148406982422,926,39555774,0.0548090934753418
4.095651626586914,927,39598537,0.05486273765563965
4.080498218536377,928,39641300,0.05494213104248047
4.068455219268799,929,39684063,0.05512857437133789
4.1509270668029785,930,39726826,0.05486750602722168
4.150618553161621,931,39769589,0.054738759994506836
4.061411380767822,932,39812352,0.05464529991149902
4.096733093261719,933,39855115,0.05476856231689453
4.031338691711426,934,39897878,0.05496406555175781
4.095994472503662,935,39940641,0.05489969253540039
4.0622358322143555,936,39983404,0.05494046211242676
4.062414169311523,937,40026167,0.05478215217590332
4.1107916831970215,938,40068930,0.054880380630493164
4.087522983551025,939,40111693,0.054789066314697266
4.120448112487793,940,40154456,0.05483245849609375
4.077340602874756,941,40197219,0.05475878715515137
4.082810401916504,942,40239982,0.05475258827209473
4.070776462554932,943,40282745,0.054782867431640625
4.0518107414245605,944,40325508,0.054888248443603516
4.04905366897583,945,40368271,0.05477786064147949
4.061846733093262,946,40411034,0.054938554763793945
4.043990135192871,947,40453797,0.05498147010803223
4.061600685119629,948,40496560,0.05599474906921387
4.114448070526123,949,40539323,0.05511665344238281
4.100184440612793,950,40582086,0.054819345474243164
4.074576377868652,951,40624849,0.054769277572631836
4.076617240905762,952,40667612,0.05483508110046387
4.0429253578186035,953,40710375,0.05486774444580078
4.072643280029297,954,40753138,0.05494427680969238
4.077975273132324,955,40795901,0.05483722686767578
4.08664608001709,956,40838664,0.05475640296936035
4.068276882171631,957,40881427,0.05491209030151367
4.106690883636475,958,40924190,0.054830074310302734
4.095401287078857,959,40966953,0.05486416816711426
4.079977035522461,960,41009716,0.05485177040100098
4.117533206939697,961,41052479,0.05495929718017578
4.094111442565918,962,41095242,0.054955482482910156
4.07475471496582,963,41138005,0.05487847328186035
4.106189250946045,964,41180768,0.05471038818359375
4.054825305938721,965,41223531,0.054968833923339844
4.042574882507324,966,41266294,0.05499267578125
4.076552391052246,967,41309057,0.05472159385681152
4.0755767822265625,968,41351820,0.05485343933105469
4.089504241943359,969,41394583,0.05480551719665527
4.079660892486572,970,41437346,0.05478024482727051
4.062948703765869,971,41480109,0.05482959747314453
4.083362102508545,972,41522872,0.05476522445678711
4.1414361000061035,973,41565635,0.0551605224609375
4.06020450592041,974,41608398,0.055132150650024414
4.0979461669921875,975,41651161,0.054917097091674805
4.021709442138672,976,41693924,0.05491161346435547
4.097133636474609,977,41736687,0.05497407913208008
4.1036272048950195,978,41779450,0.055021047592163086
4.073868274688721,979,41822213,0.054883718490600586
4.080693244934082,980,41864976,0.05475020408630371
4.106165885925293,981,41907739,0.0550074577331543
4.095624923706055,982,41950502,0.0547938346862793
4.08782434463501,983,41993265,0.054703474044799805
4.1029253005981445,984,42036028,0.056156158447265625
4.045834064483643,985,42078791,0.05521821975708008
4.033427715301514,986,42121554,0.05480170249938965
4.1055450439453125,987,42164317,0.05487322807312012
4.0548529624938965,988,42207080,0.054813385009765625
4.055210113525391,989,42249843,0.054856300354003906
4.108493804931641,990,42292606,0.05494427680969238
4.081679821014404,991,42335369,0.05470895767211914
4.055520057678223,992,42378132,0.05488896369934082
4.073683261871338,993,42420895,0.054868459701538086
4.09311056137085,994,42463658,0.05467700958251953
4.089095592498779,995,42506421,0.05483412742614746
4.090543270111084,996,42549184,0.05487680435180664
4.0915608406066895,997,42591947,0.0549921989440918
4.06785774230957,998,42634710,0.054845333099365234
4.057516574859619,999,42677473,0.05479741096496582
4.0572357177734375,1000,42720236,0.055173397064208984
4.086752414703369,1001,42762999,0.05557727813720703
4.066545009613037,1002,42805762,0.06677556037902832
4.0602288246154785,1003,42848525,0.05538439750671387
4.076907157897949,1004,42891288,0.05529642105102539
4.055150508880615,1005,42934051,0.05552530288696289
4.082488059997559,1006,42976814,0.055152177810668945
4.0869669914245605,1007,43019577,0.05615401268005371
4.050318241119385,1008,43062340,0.05545210838317871
4.081977367401123,1009,43105103,0.05665993690490723
4.099791526794434,1010,43147866,0.055289268493652344
4.046783924102783,1011,43190629,0.055094003677368164
4.021977424621582,1012,43233392,0.054789066314697266
4.0841898918151855,1013,43276155,0.05522441864013672
4.078702449798584,1014,43318918,0.0557560920715332
4.115499496459961,1015,43361681,0.05519223213195801
4.069902420043945,1016,43404444,0.05505847930908203
4.067607402801514,1017,43447207,0.05669236183166504
4.058028697967529,1018,43489970,0.05532956123352051
4.088625431060791,1019,43532733,0.05478835105895996
4.064334392547607,1020,43575496,0.05523872375488281
4.1095075607299805,1021,43618259,0.0549471378326416
4.087621212005615,1022,43661022,0.05507230758666992
4.04449987411499,1023,43703785,0.055823564529418945
4.093451499938965,1024,43746548,0.05529332160949707
4.0606513023376465,1025,43789311,0.05530261993408203
4.1075592041015625,1026,43832074,0.05598640441894531
4.06451416015625,1027,43874837,0.055637359619140625
4.09989595413208,1028,43917600,0.05526614189147949
4.060595989227295,1029,43960363,0.05530667304992676
4.0542311668396,1030,44003126,0.05531644821166992
4.102828502655029,1031,44045889,0.055269718170166016
4.082003593444824,1032,44088652,0.05601787567138672
4.0805535316467285,1033,44131415,0.05568385124206543
4.083378791809082,1034,44174178,0.055365562438964844
4.049478054046631,1035,44216941,0.05732297897338867
4.079214572906494,1036,44259704,0.0560917854309082
4.082788467407227,1037,44302467,0.05800008773803711
4.066080093383789,1038,44345230,0.055951833724975586
4.045888900756836,1039,44387993,0.05706477165222168
4.126004219055176,1040,44430756,0.05546092987060547
4.075734615325928,1041,44473519,0.05549931526184082
4.096180438995361,1042,44516282,0.055095672607421875
4.091891765594482,1043,44559045,0.055226802825927734
4.055116653442383,1044,44601808,0.05593538284301758
4.046988487243652,1045,44644571,0.055689334869384766
4.05475378036499,1046,44687334,0.05667853355407715
4.076174259185791,1047,44730097,0.05605888366699219
4.057776927947998,1048,44772860,0.05583071708679199
4.076173782348633,1049,44815623,0.056023597717285156
4.042288780212402,1050,44858386,0.055840492248535156
4.067285537719727,1051,44901149,0.05650186538696289
4.040200710296631,1052,44943912,0.05605340003967285
4.038772106170654,1053,44986675,0.05623984336853027
4.07516622543335,1054,45029438,0.05541563034057617
4.07465124130249,1055,45072201,0.05634450912475586
4.056033611297607,1056,45114964,0.0568084716796875
4.055614471435547,1057,45157727,0.05498075485229492
4.0900702476501465,1058,45200490,0.05543112754821777
4.098201274871826,1059,45243253,0.05633664131164551
4.073131084442139,1060,45286016,0.055611371994018555
4.062620639801025,1061,45328779,0.05570793151855469
4.114534378051758,1062,45371542,0.0552983283996582
4.030980587005615,1063,45414305,0.05554485321044922
4.031447410583496,1064,45457068,0.055150747299194336
4.072175979614258,1065,45499831,0.055405378341674805
4.055258750915527,1066,45542594,0.05554485321044922
4.078858375549316,1067,45585357,0.05687522888183594
4.058988094329834,1068,45628120,0.05649733543395996
4.032593727111816,1069,45670883,0.05717062950134277
4.077176570892334,1070,45713646,0.055886268615722656
4.063436508178711,1071,45756409,0.05518984794616699
4.068459987640381,1072,45799172,0.05594992637634277
4.084626197814941,1073,45841935,0.055357933044433594
4.043464660644531,1074,45884698,0.05524921417236328
4.0844926834106445,1075,45927461,0.0557403564453125
4.015324115753174,1076,45970224,0.05533480644226074
4.093288421630859,1077,46012987,0.055356740951538086
4.0519633293151855,1078,46055750,0.05690813064575195
4.096345901489258,1079,46098513,0.05551862716674805
4.0513153076171875,1080,46141276,0.0552978515625
4.081173896789551,1081,46184039,0.05513811111450195
4.062056541442871,1082,46226802,0.05577659606933594
4.110274314880371,1083,46269565,0.05543065071105957
4.033779621124268,1084,46312328,0.055274248123168945
4.069691181182861,1085,46355091,0.055562734603881836
4.038815498352051,1086,46397854,0.05518794059753418
4.090359210968018,1087,46440617,0.055040836334228516
4.050450325012207,1088,46483380,0.055481910705566406
4.099250793457031,1089,46526143,0.05619454383850098
4.084911346435547,1090,46568906,0.055857181549072266
4.070520401000977,1091,46611669,0.055325984954833984
4.065915107727051,1092,46654432,0.05529665946960449
4.0478515625,1093,46697195,0.055434226989746094
4.072931289672852,1094,46739958,0.055489301681518555
4.088883876800537,1095,46782721,0.05475735664367676
4.070306777954102,1096,46825484,0.05515718460083008
4.068504810333252,1097,46868247,0.05506110191345215
4.075489044189453,1098,46911010,0.055344343185424805
4.08221435546875,1099,46953773,0.05523681640625
4.089011192321777,1100,46996536,0.055300235748291016
4.0550456047058105,1101,47039299,0.05535411834716797
4.0546393394470215,1102,47082062,0.056452035903930664
4.049221515655518,1103,47124825,0.055643320083618164
4.075128555297852,1104,47167588,0.055196523666381836
4.099143981933594,1105,47210351,0.05525493621826172
4.082387447357178,1106,47253114,0.0554814338684082
4.066427707672119,1107,47295877,0.055506229400634766
4.098677635192871,1108,47338640,0.05539584159851074
4.029096603393555,1109,47381403,0.05559515953063965
4.0645246505737305,1110,47424166,0.05522465705871582
4.103674411773682,1111,47466929,0.05514788627624512
4.066814422607422,1112,47509692,0.05540871620178223
4.067956924438477,1113,47552455,0.055397748947143555
4.109555721282959,1114,47595218,0.05521750450134277
4.045959949493408,1115,47637981,0.055823564529418945
4.034120559692383,1116,47680744,0.055433034896850586
4.073103427886963,1117,47723507,0.05513119697570801
4.120650291442871,1118,47766270,0.05503392219543457
4.0680437088012695,1119,47809033,0.05502462387084961
4.082213878631592,1120,47851796,0.0554347038269043
4.075815677642822,1121,47894559,0.05548858642578125
4.057540416717529,1122,47937322,0.05530405044555664
4.0982794761657715,1123,47980085,0.05663871765136719
4.032261848449707,1124,48022848,0.054968833923339844
4.097127437591553,1125,48065611,0.05719590187072754
4.040426731109619,1126,48108374,0.0582737922668457
4.0833024978637695,1127,48151137,0.056427955627441406
4.03360652923584,1128,48193900,0.055562496185302734
4.061592102050781,1129,48236663,0.05568671226501465
4.057050704956055,1130,48279426,0.05694079399108887
4.077308654785156,1131,48322189,0.05638694763183594
4.033166408538818,1132,48364952,0.0558168888092041
4.081559181213379,1133,48407715,0.055815696716308594
4.100806713104248,1134,48450478,0.05634713172912598
4.076560974121094,1135,48493241,0.059052467346191406
4.034460544586182,1136,48536004,0.05922126770019531
4.083893299102783,1137,48578767,0.05794644355773926
4.0526018142700195,1138,48621530,0.058489084243774414
4.046985149383545,1139,48664293,0.05909895896911621
4.087827205657959,1140,48707056,0.05852460861206055
4.066472053527832,1141,48749819,0.057390451431274414
4.0992817878723145,1142,48792582,0.05849432945251465
4.0605669021606445,1143,48835345,0.05953192710876465
4.115155220031738,1144,48878108,0.05862164497375488
4.040879249572754,1145,48920871,0.06041669845581055
4.009458065032959,1146,48963634,0.05839419364929199
4.046868801116943,1147,49006397,0.058060646057128906
4.075681686401367,1148,49049160,0.058197021484375
4.043402671813965,1149,49091923,0.05804157257080078
4.09170389175415,1150,49134686,0.05589127540588379
4.062000751495361,1151,49177449,0.056710004806518555
4.066799163818359,1152,49220212,0.05698227882385254
4.069485664367676,1153,49262975,0.055747032165527344
4.071719169616699,1154,49305738,0.054686546325683594
4.081333637237549,1155,49348501,0.055060625076293945
4.051885604858398,1156,49391264,0.05543327331542969
4.0807390213012695,1157,49434027,0.055126190185546875
4.063727855682373,1158,49476790,0.05495738983154297
4.071379661560059,1159,49519553,0.05475163459777832
4.058870792388916,1160,49562316,0.054826974868774414
4.02703332901001,1161,49605079,0.05532503128051758
4.051825046539307,1162,49647842,0.05621647834777832
4.043044567108154,1163,49690605,0.05527186393737793
4.106662750244141,1164,49733368,0.0551304817199707
4.0570902824401855,1165,49776131,0.055153608322143555
4.045135021209717,1166,49818894,0.05523180961608887
4.09028434753418,1167,49861657,0.05520939826965332
4.047119140625,1168,49904420,0.05547595024108887
4.077239513397217,1169,49947183,0.05550646781921387
4.034069538116455,1170,49989946,0.05528092384338379
4.029613018035889,1171,50032709,0.05524945259094238
4.057575225830078,1172,50075472,0.055199384689331055
4.0304107666015625,1173,50118235,0.055321455001831055
4.029345989227295,1174,50160998,0.05500006675720215
4.036579132080078,1175,50203761,0.054723501205444336
4.060584545135498,1176,50246524,0.055159807205200195
4.056706428527832,1177,50289287,0.05485892295837402
4.044750690460205,1178,50332050,0.05500674247741699
4.050137042999268,1179,50374813,0.055294036865234375
4.094549179077148,1180,50417576,0.05610537528991699
4.029130458831787,1181,50460339,0.055353641510009766
4.05678129196167,1182,50503102,0.055207252502441406
4.043736457824707,1183,50545865,0.05537152290344238
4.028347969055176,1184,50588628,0.05511975288391113
4.021420955657959,1185,50631391,0.055280447006225586
4.08477783203125,1186,50674154,0.05523681640625
4.094543933868408,1187,50716917,0.05520963668823242
4.061837196350098,1188,50759680,0.05550575256347656
4.044928550720215,1189,50802443,0.05520224571228027
4.07950496673584,1190,50845206,0.05516481399536133
4.053533554077148,1191,50887969,0.055112361907958984
4.079307556152344,1192,50930732,0.055054664611816406
4.074941158294678,1193,50973495,0.05526995658874512
4.0727362632751465,1194,51016258,0.05515551567077637
4.097930908203125,1195,51059021,0.055513858795166016
4.070218086242676,1196,51101784,0.054750919342041016
4.0668158531188965,1197,51144547,0.0551753044128418
4.0475077629089355,1198,51187310,0.05504655838012695
4.072709083557129,1199,51230073,0.0550839900970459
4.079912185668945,1200,51272836,0.055068254470825195
4.07082462310791,1201,51315599,0.055074453353881836
4.093509197235107,1202,51358362,0.0563962459564209
4.048039436340332,1203,51401125,0.05532646179199219
4.101517677307129,1204,51443888,0.05538773536682129
4.039841651916504,1205,51486651,0.0552363395690918
4.079832553863525,1206,51529414,0.05522871017456055
4.04182767868042,1207,51572177,0.0555729866027832
4.068630218505859,1208,51614940,0.05610251426696777
4.072677135467529,1209,51657703,0.05540204048156738
4.044034004211426,1210,51700466,0.05582785606384277
4.0758771896362305,1211,51743229,0.05487775802612305
4.045638561248779,1212,51785992,0.05471944808959961
4.024164199829102,1213,51828755,0.054955244064331055
4.0135111808776855,1214,51871518,0.05485224723815918
4.068246364593506,1215,51914281,0.05492758750915527
4.048546314239502,1216,51957044,0.05492424964904785
4.084068775177002,1217,51999807,0.05484271049499512
4.05264139175415,1218,52042570,0.05471181869506836
4.068051815032959,1219,52085333,0.054851531982421875
4.056114673614502,1220,52128096,0.05482816696166992
4.093134880065918,1221,52170859,0.054888248443603516
4.073026180267334,1222,52213622,0.05477309226989746
4.104247093200684,1223,52256385,0.054746150970458984
4.083653926849365,1224,52299148,0.055711984634399414
4.018914222717285,1225,52341911,0.055210113525390625
4.0624284744262695,1226,52384674,0.054696083068847656
4.042974948883057,1227,52427437,0.05488443374633789
4.045892238616943,1228,52470200,0.05481839179992676
4.042642593383789,1229,52512963,0.0547184944152832
4.060344696044922,1230,52555726,0.05486941337585449
4.064742565155029,1231,52598489,0.054705142974853516
4.0643630027771,1232,52641252,0.05499148368835449
4.061903476715088,1233,52684015,0.05516219139099121
4.042550086975098,1234,52726778,0.05493426322937012
4.0571417808532715,1235,52769541,0.054747581481933594
4.014787197113037,1236,52812304,0.054868221282958984
4.051267147064209,1237,52855067,0.05489706993103027
4.04154109954834,1238,52897830,0.05483746528625488
4.036729335784912,1239,52940593,0.05498838424682617
4.038771629333496,1240,52983356,0.054871559143066406
4.116595268249512,1241,53026119,0.054999351501464844
4.0233283042907715,1242,53068882,0.0551600456237793
4.009769439697266,1243,53111645,0.054898738861083984
4.081826686859131,1244,53154408,0.05487656593322754
4.055530548095703,1245,53197171,0.05479860305786133
4.023579120635986,1246,53239934,0.05480480194091797
4.069599151611328,1247,53282697,0.05483651161193848
4.039318084716797,1248,53325460,0.05474996566772461
4.0933122634887695,1249,53368223,0.054816246032714844
4.058185577392578,1250,53410986,0.05480813980102539
4.1013970375061035,1251,53453749,0.05578255653381348
4.022395133972168,1252,53496512,0.054994821548461914
4.042933940887451,1253,53539275,0.054688453674316406
4.070629596710205,1254,53582038,0.05479884147644043
4.076451301574707,1255,53624801,0.054738759994506836
4.040433883666992,1256,53667564,0.054631710052490234
4.042232990264893,1257,53710327,0.05481576919555664
4.079707145690918,1258,53753090,0.054941415786743164
4.012277603149414,1259,53795853,0.05480790138244629
4.0485639572143555,1260,53838616,0.05530834197998047
4.055203437805176,1261,53881379,0.0549471378326416
4.045257091522217,1262,53924142,0.054717063903808594
4.120110988616943,1263,53966905,0.054860591888427734
4.024451732635498,1264,54009668,0.05501604080200195
4.0617523193359375,1265,54052431,0.05487346649169922
4.050300598144531,1266,54095194,0.05498337745666504
4.038702487945557,1267,54137957,0.05495190620422363
4.054622173309326,1268,54180720,0.05486178398132324
4.045376777648926,1269,54223483,0.05491948127746582
4.053484916687012,1270,54266246,0.054755210876464844
4.025346279144287,1271,54309009,0.05475282669067383
4.074178218841553,1272,54351772,0.05468869209289551
4.0981364250183105,1273,54394535,0.05488848686218262
4.0630106925964355,1274,54437298,0.054808855056762695
4.0406174659729,1275,54480061,0.05486702919006348
4.057737350463867,1276,54522824,0.05470466613769531
4.0211358070373535,1277,54565587,0.05478549003601074
4.0228190422058105,1278,54608350,0.05532526969909668
4.036494731903076,1279,54651113,0.0547943115234375
4.065082550048828,1280,54693876,0.05479931831359863
4.0395941734313965,1281,54736639,0.054851531982421875
4.021742820739746,1282,54779402,0.054837942123413086
4.0531325340271,1283,54822165,0.0548710823059082
4.082354545593262,1284,54864928,0.05473804473876953
4.0710039138793945,1285,54907691,0.054770469665527344
4.069540023803711,1286,54950454,0.05477643013000488
4.07102108001709,1287,54993217,0.05493283271789551
4.088493347167969,1288,55035980,0.054961442947387695
4.06622838973999,1289,55078743,0.055104970932006836
4.054537296295166,1290,55121506,0.05513763427734375
4.040230751037598,1291,55164269,0.055219411849975586
4.077718734741211,1292,55207032,0.05481457710266113
4.060391902923584,1293,55249795,0.054941654205322266
4.082906723022461,1294,55292558,0.057479143142700195
4.061969757080078,1295,55335321,0.05738949775695801
4.075812816619873,1296,55378084,0.05744791030883789
4.077291011810303,1297,55420847,0.05757713317871094
4.0549750328063965,1298,55463610,0.05780529975891113
4.068868637084961,1299,55506373,0.057528018951416016
4.107458591461182,1300,55549136,0.05741262435913086
4.0333571434021,1301,55591899,0.0573272705078125
4.035518169403076,1302,55634662,0.05731773376464844
4.069773197174072,1303,55677425,0.05739593505859375
4.055454254150391,1304,55720188,0.05739641189575195
4.083283424377441,1305,55762951,0.05761146545410156
4.039492130279541,1306,55805714,0.05755305290222168
4.057304382324219,1307,55848477,0.05733156204223633
4.070795059204102,1308,55891240,0.05745720863342285
4.056213855743408,1309,55934003,0.05822134017944336
4.0881218910217285,1310,55976766,0.05753040313720703
4.063820838928223,1311,56019529,0.057416439056396484
4.044276714324951,1312,56062292,0.05733656883239746
4.067723751068115,1313,56105055,0.057470083236694336
4.023598670959473,1314,56147818,0.05760550498962402
4.0181884765625,1315,56190581,0.05743670463562012
4.026073455810547,1316,56233344,0.05763530731201172
4.044135093688965,1317,56276107,0.057633161544799805
4.0288896560668945,1318,56318870,0.05741572380065918
4.049539566040039,1319,56361633,0.05828118324279785
4.082924842834473,1320,56404396,0.05771493911743164
4.065846920013428,1321,56447159,0.0574955940246582
4.117372989654541,1322,56489922,0.057497262954711914
4.046046257019043,1323,56532685,0.057616472244262695
4.089375019073486,1324,56575448,0.05738425254821777
4.056891918182373,1325,56618211,0.05742168426513672
4.0721354484558105,1326,56660974,0.05742168426513672
4.052084445953369,1327,56703737,0.05752992630004883
4.059283256530762,1328,56746500,0.057566165924072266
4.014389991760254,1329,56789263,0.05765247344970703
4.081623077392578,1330,56832026,0.05752158164978027
4.058952808380127,1331,56874789,0.05749154090881348
4.069736003875732,1332,56917552,0.05763578414916992
4.062766075134277,1333,56960315,0.05747556686401367
4.031596660614014,1334,57003078,0.05738520622253418
4.080959796905518,1335,57045841,0.05752754211425781
4.052985191345215,1336,57088604,0.05752134323120117
4.02883768081665,1337,57131367,0.05754280090332031
3.975233554840088,1338,57174130,0.05740666389465332
4.089640140533447,1339,57216893,0.0581517219543457
4.0596747398376465,1340,57259656,0.057862281799316406
4.064857006072998,1341,57302419,0.057662010192871094
4.0969672203063965,1342,57345182,0.05766439437866211
4.080378532409668,1343,57387945,0.057526588439941406
4.09741735458374,1344,57430708,0.05780529975891113
4.084175109863281,1345,57473471,0.057969093322753906
4.0608744621276855,1346,57516234,0.05746865272521973
4.066344261169434,1347,57558997,0.057450056076049805
4.051846981048584,1348,57601760,0.057413339614868164
4.041001796722412,1349,57644523,0.05742168426513672
4.094395160675049,1350,57687286,0.05771946907043457
4.0760579109191895,1351,57730049,0.05765199661254883
4.0291314125061035,1352,57772812,0.05750107765197754
4.080935478210449,1353,57815575,0.0573580265045166
4.055881023406982,1354,57858338,0.057286739349365234
4.079874038696289,1355,57901101,0.057765960693359375
4.048410892486572,1356,57943864,0.057447195053100586
4.041948318481445,1357,57986627,0.05745124816894531
4.0722432136535645,1358,58029390,0.05746626853942871
4.033483505249023,1359,58072153,0.05749845504760742
4.093562126159668,1360,58114916,0.05751466751098633
4.085595607757568,1361,58157679,0.05743908882141113
4.035473346710205,1362,58200442,0.05739712715148926
4.086476802825928,1363,58243205,0.05766487121582031
4.026810646057129,1364,58285968,0.05758523941040039
4.029522895812988,1365,58328731,0.05746293067932129
4.059452056884766,1366,58371494,0.057631492614746094
4.042970180511475,1367,58414257,0.057410240173339844
4.087207794189453,1368,58457020,0.05781292915344238
4.04740571975708,1369,58499783,0.057424068450927734
4.008732318878174,1370,58542546,0.0575556755065918
4.025075435638428,1371,58585309,0.05781292915344238
4.078674793243408,1372,58628072,0.05740690231323242
4.046215057373047,1373,58670835,0.05759429931640625
4.07445764541626,1374,58713598,0.05741477012634277
4.034358501434326,1375,58756361,0.058446407318115234
4.060075283050537,1376,58799124,0.057801246643066406
4.081132411956787,1377,58841887,0.05756497383117676
4.044198989868164,1378,58884650,0.05751395225524902
4.004577159881592,1379,58927413,0.05762124061584473
4.040439605712891,1380,58970176,0.057489633560180664
4.116057872772217,1381,59012939,0.057538747787475586
4.063216686248779,1382,59055702,0.05746746063232422
4.0297746658325195,1383,59098465,0.05766916275024414
4.0375657081604,1384,59141228,0.05747509002685547
4.023104667663574,1385,59183991,0.057356834411621094
4.028852939605713,1386,59226754,0.057419776916503906
4.023911476135254,1387,59269517,0.05781888961791992
4.0357184410095215,1388,59312280,0.057634830474853516
4.012435436248779,1389,59355043,0.05736112594604492
4.015439510345459,1390,59397806,0.05746316909790039
4.028436660766602,1391,59440569,0.05731916427612305
4.028710842132568,1392,59483332,0.05737161636352539
4.10882568359375,1393,59526095,0.05761575698852539
4.041060447692871,1394,59568858,0.057636260986328125
4.062496185302734,1395,59611621,0.057637929916381836
4.037875652313232,1396,59654384,0.05766177177429199
4.054377555847168,1397,59697147,0.05746626853942871
4.053003311157227,1398,59739910,0.057596683502197266
4.073385238647461,1399,59782673,0.05746102333068848
4.057702541351318,1400,59825436,0.05738210678100586
4.047652721405029,1401,59868199,0.05743741989135742
4.060081481933594,1402,59910962,0.05745124816894531
4.0012383460998535,1403,59953725,0.05741477012634277
4.02598762512207,1404,59996488,0.057610273361206055
4.092904567718506,1405,60039251,0.057364463806152344
4.039468765258789,1406,60082014,0.057479143142700195
4.050140857696533,1407,60124777,0.057454824447631836
4.056771278381348,1408,60167540,0.05753278732299805
4.048778057098389,1409,60210303,0.05738329887390137
4.071975231170654,1410,60253066,0.05738258361816406
4.065509796142578,1411,60295829,0.05823707580566406
4.044390678405762,1412,60338592,0.057891845703125
4.042191505432129,1413,60381355,0.05749917030334473
4.061977386474609,1414,60424118,0.05726742744445801
4.047662734985352,1415,60466881,0.05743551254272461
4.0501389503479,1416,60509644,0.05746173858642578
4.066920757293701,1417,60552407,0.05763506889343262
4.079572677612305,1418,60595170,0.05740952491760254
4.028746604919434,1419,60637933,0.05796003341674805
4.039523601531982,1420,60680696,0.05770564079284668
4.069101810455322,1421,60723459,0.05774998664855957
4.031604290008545,1422,60766222,0.05756020545959473
4.013130187988281,1423,60808985,0.05738258361816406
4.047130107879639,1424,60851748,0.05756068229675293
4.083263874053955,1425,60894511,0.0573880672454834
4.0634589195251465,1426,60937274,0.05759406089782715
4.062999725341797,1427,60980037,0.05759167671203613
4.074424743652344,1428,61022800,0.05746603012084961
4.03477668762207,1429,61065563,0.05745649337768555
4.064017295837402,1430,61108326,0.05732297897338867
4.053639888763428,1431,61151089,0.05733847618103027
4.0189948081970215,1432,61193852,0.057561635971069336
4.040085315704346,1433,61236615,0.05742526054382324
4.026575565338135,1434,61279378,0.057373762130737305
4.013149261474609,1435,61322141,0.05746650695800781
4.024415016174316,1436,61364904,0.05762362480163574
4.06922721862793,1437,61407667,0.057343244552612305
4.04669713973999,1438,61450430,0.057372331619262695
4.052417278289795,1439,61493193,0.057402849197387695
4.056023597717285,1440,61535956,0.057891845703125
4.078047275543213,1441,61578719,0.057442426681518555
4.060031890869141,1442,61621482,0.05766916275024414
4.037670135498047,1443,61664245,0.057770490646362305
4.085666656494141,1444,61707008,0.05776834487915039
4.038736343383789,1445,61749771,0.05776190757751465
4.030928611755371,1446,61792534,0.0575861930847168
4.029998779296875,1447,61835297,0.05756711959838867
4.040953159332275,1448,61878060,0.05747199058532715
4.080866813659668,1449,61920823,0.05741286277770996
4.080169677734375,1450,61963586,0.05753183364868164
4.0319061279296875,1451,62006349,0.05744194984436035
4.051068305969238,1452,62049112,0.057440996170043945
4.051650524139404,1453,62091875,0.057351112365722656
4.022731304168701,1454,62134638,0.05742049217224121
4.061654567718506,1455,62177401,0.05822491645812988
4.047658920288086,1456,62220164,0.05739450454711914
4.0529279708862305,1457,62262927,0.05762147903442383
4.080828666687012,1458,62305690,0.057617902755737305
4.0930585861206055,1459,62348453,0.057627201080322266
4.034391403198242,1460,62391216,0.057392120361328125
4.082179069519043,1461,62433979,0.057297468185424805
4.047953128814697,1462,62476742,0.05752968788146973
4.06194543838501,1463,62519505,0.05739569664001465
4.030276298522949,1464,62562268,0.05740761756896973
4.062921047210693,1465,62605031,0.05763530731201172
4.020330429077148,1466,62647794,0.05750441551208496
4.038331985473633,1467,62690557,0.0574193000793457
4.06126070022583,1468,62733320,0.05736207962036133
4.036731243133545,1469,62776083,0.05791521072387695
4.059420108795166,1470,62818846,0.057930707931518555
4.047324180603027,1471,62861609,0.05768322944641113
4.038119792938232,1472,62904372,0.05768465995788574
4.056077480316162,1473,62947135,0.05771350860595703
4.010878086090088,1474,62989898,0.05755138397216797
4.083580493927002,1475,63032661,0.0574033260345459
4.042407035827637,1476,63075424,0.057456016540527344
4.112550258636475,1477,63118187,0.05755162239074707
4.060301780700684,1478,63160950,0.05743908882141113
4.077454090118408,1479,63203713,0.05738568305969238
4.052773952484131,1480,63246476,0.05766129493713379
4.030903339385986,1481,63289239,0.05743050575256348
4.046370983123779,1482,63332002,0.05738019943237305
3.993431568145752,1483,63374765,0.05741095542907715
4.01775598526001,1484,63417528,0.05743145942687988
4.08864688873291,1485,63460291,0.05742788314819336
4.084486484527588,1486,63503054,0.057491302490234375
4.041508197784424,1487,63545817,0.057358741760253906
4.041222095489502,1488,63588580,0.05769491195678711
4.0484843254089355,1489,63631343,0.057561397552490234
4.057737827301025,1490,63674106,0.05741739273071289
4.066736698150635,1491,63716869,0.05743122100830078
4.069941997528076,1492,63759632,0.05738711357116699
4.007363796234131,1493,63802395,0.057410478591918945
4.058314800262451,1494,63845158,0.05749249458312988
4.05883264541626,1495,63887921,0.057573556900024414
4.053867816925049,1496,63930684,0.05774831771850586
4.063597679138184,1497,63973447,0.057570695877075195
4.03971529006958,1498,64016210,0.058469295501708984
4.04709529876709,1499,64058973,0.05783367156982422
4.024259567260742,1500,64101736,0.05767941474914551
4.030604839324951,1501,64144499,0.057425737380981445
4.06480073928833,1502,64187262,0.0750269889831543
4.048991680145264,1503,64230025,0.05654573440551758
4.048430919647217,1504,64272788,0.05470609664916992
4.016856670379639,1505,64315551,0.05529165267944336
4.003950119018555,1506,64358314,0.05582404136657715
4.050192356109619,1507,64401077,0.05524945259094238
4.064520835876465,1508,64443840,0.055289506912231445
4.049898147583008,1509,64486603,0.05533409118652344
4.023061275482178,1510,64529366,0.055071353912353516
4.081962585449219,1511,64572129,0.05473065376281738
4.0111846923828125,1512,64614892,0.05742216110229492
4.023957252502441,1513,64657655,0.05681729316711426
4.052048206329346,1514,64700418,0.05660867691040039
4.011128902435303,1515,64743181,0.05747270584106445
4.038487434387207,1516,64785944,0.055997610092163086
4.077147006988525,1517,64828707,0.05585598945617676
4.024251937866211,1518,64871470,0.054815053939819336
4.024895668029785,1519,64914233,0.054758310317993164
4.045156955718994,1520,64956996,0.05554914474487305
4.019144535064697,1521,64999759,0.05577230453491211
4.033705234527588,1522,65042522,0.05724501609802246
4.082218647003174,1523,65085285,0.057147979736328125
4.052168846130371,1524,65128048,0.05794191360473633
4.037312984466553,1525,65170811,0.0565493106842041
4.024417877197266,1526,65213574,0.056210994720458984
4.074963569641113,1527,65256337,0.05588793754577637
4.04713249206543,1528,65299100,0.055451393127441406
4.010941505432129,1529,65341863,0.055329322814941406
4.03054666519165,1530,65384626,0.056030988693237305
4.049219608306885,1531,65427389,0.0565037727355957
4.104628562927246,1532,65470152,0.05636405944824219
4.078394412994385,1533,65512915,0.05659151077270508
4.037789821624756,1534,65555678,0.055938720703125
4.059407711029053,1535,65598441,0.05612587928771973
4.063653469085693,1536,65641204,0.05652904510498047
3.9936039447784424,1537,65683967,0.056473731994628906
4.050412178039551,1538,65726730,0.05534482002258301
4.038398265838623,1539,65769493,0.05546236038208008
4.0221123695373535,1540,65812256,0.05558514595031738
4.033283710479736,1541,65855019,0.0569148063659668
4.035407066345215,1542,65897782,0.05534052848815918
4.061568737030029,1543,65940545,0.05520319938659668
4.05069637298584,1544,65983308,0.056032657623291016
4.016689777374268,1545,66026071,0.05540657043457031
4.022633075714111,1546,66068834,0.05530095100402832
4.04676628112793,1547,66111597,0.055307865142822266
4.036820888519287,1548,66154360,0.05558419227600098
4.055900573730469,1549,66197123,0.05536317825317383
4.04188871383667,1550,66239886,0.05518627166748047
4.021088123321533,1551,66282649,0.05598187446594238
4.033431529998779,1552,66325412,0.05585622787475586
4.02644681930542,1553,66368175,0.055173635482788086
4.016170501708984,1554,66410938,0.05533647537231445
4.021248817443848,1555,66453701,0.05523109436035156
4.0437912940979,1556,66496464,0.05559134483337402
4.070950031280518,1557,66539227,0.05519366264343262
4.038407802581787,1558,66581990,0.05530881881713867
4.016236782073975,1559,66624753,0.05520963668823242
4.016678333282471,1560,66667516,0.055655717849731445
4.027547836303711,1561,66710279,0.05512118339538574
3.9953129291534424,1562,66753042,0.05518627166748047
4.077984809875488,1563,66795805,0.05533146858215332
4.080976486206055,1564,66838568,0.05633068084716797
4.070219039916992,1565,66881331,0.05552840232849121
4.016991138458252,1566,66924094,0.05531573295593262
4.067052364349365,1567,66966857,0.055213212966918945
4.0364909172058105,1568,67009620,0.05592823028564453
4.003327369689941,1569,67052383,0.05704975128173828
4.031259536743164,1570,67095146,0.05709338188171387
4.0058794021606445,1571,67137909,0.05573129653930664
4.036225318908691,1572,67180672,0.05631208419799805
4.0234055519104,1573,67223435,0.05550742149353027
4.02921724319458,1574,67266198,0.05529165267944336
4.0407562255859375,1575,67308961,0.055197954177856445
4.009776592254639,1576,67351724,0.05634427070617676
4.023560523986816,1577,67394487,0.05547809600830078
4.051372051239014,1578,67437250,0.05519390106201172
4.021467208862305,1579,67480013,0.05525326728820801
4.041956424713135,1580,67522776,0.05468297004699707
4.061610221862793,1581,67565539,0.0551609992980957
4.031243801116943,1582,67608302,0.05541181564331055
4.088370323181152,1583,67651065,0.05500602722167969
4.050732135772705,1584,67693828,0.05530285835266113
4.033327579498291,1585,67736591,0.05975341796875
4.028575420379639,1586,67779354,0.0591578483581543
4.020449638366699,1587,67822117,0.05520009994506836
4.044812202453613,1588,67864880,0.055127859115600586
4.016852855682373,1589,67907643,0.054744720458984375
4.010332107543945,1590,67950406,0.05515742301940918
4.022080421447754,1591,67993169,0.05518293380737305
3.9914708137512207,1592,68035932,0.05707287788391113
4.080643653869629,1593,68078695,0.05543923377990723
4.052733898162842,1594,68121458,0.05545616149902344
4.026771068572998,1595,68164221,0.05537223815917969
4.044163227081299,1596,68206984,0.05520915985107422
4.048093318939209,1597,68249747,0.05647706985473633
4.046986103057861,1598,68292510,0.0561978816986084
3.998600721359253,1599,68335273,0.05591845512390137
4.027184009552002,1600,68378036,0.055426836013793945
4.020376205444336,1601,68420799,0.05541086196899414
4.045358657836914,1602,68463562,0.05664539337158203
4.077935218811035,1603,68506325,0.05652952194213867
4.031361103057861,1604,68549088,0.05742001533508301
4.016483306884766,1605,68591851,0.05602526664733887
4.050616264343262,1606,68634614,0.05532026290893555
4.040104389190674,1607,68677377,0.05654716491699219
4.082846641540527,1608,68720140,0.057245492935180664
4.029443740844727,1609,68762903,0.05725383758544922
4.046304702758789,1610,68805666,0.05557584762573242
4.04564094543457,1611,68848429,0.055443525314331055
4.031991004943848,1612,68891192,0.05760049819946289
4.040257930755615,1613,68933955,0.05578255653381348
4.047403335571289,1614,68976718,0.05524301528930664
4.027115345001221,1615,69019481,0.05486750602722168
4.045733451843262,1616,69062244,0.05539989471435547
4.070955753326416,1617,69105007,0.05525851249694824
4.022817611694336,1618,69147770,0.05542898178100586
4.06518030166626,1619,69190533,0.05523228645324707
4.035854816436768,1620,69233296,0.057428598403930664
4.04142951965332,1621,69276059,0.05688667297363281
4.011382102966309,1622,69318822,0.05556225776672363
4.037991046905518,1623,69361585,0.055193185806274414
4.0202131271362305,1624,69404348,0.055135250091552734
4.064204216003418,1625,69447111,0.055757999420166016
4.020750045776367,1626,69489874,0.05518174171447754
4.012712001800537,1627,69532637,0.05483078956604004
4.043930530548096,1628,69575400,0.05525994300842285
4.050764560699463,1629,69618163,0.05532121658325195
4.046655178070068,1630,69660926,0.0553891658782959
4.095712184906006,1631,69703689,0.05582594871520996
4.015244960784912,1632,69746452,0.05505681037902832
4.027670860290527,1633,69789215,0.055326223373413086
3.9998960494995117,1634,69831978,0.05540204048156738
4.041903495788574,1635,69874741,0.05529308319091797
4.079263687133789,1636,69917504,0.05544304847717285
4.0490498542785645,1637,69960267,0.05547165870666504
4.027007102966309,1638,70003030,0.05531454086303711
4.053264617919922,1639,70045793,0.05529928207397461
4.045230388641357,1640,70088556,0.055449724197387695
4.052323818206787,1641,70131319,0.056075334548950195
4.066210746765137,1642,70174082,0.05527067184448242
4.02397346496582,1643,70216845,0.056139230728149414
4.0356245040893555,1644,70259608,0.05518078804016113
4.047308921813965,1645,70302371,0.05488276481628418
4.023158550262451,1646,70345134,0.055433034896850586
4.0516557693481445,1647,70387897,0.055646657943725586
4.048423767089844,1648,70430660,0.054944753646850586
4.037220001220703,1649,70473423,0.055236101150512695
4.0345234870910645,1650,70516186,0.05553388595581055
4.017459869384766,1651,70558949,0.05490756034851074
4.0160369873046875,1652,70601712,0.05526399612426758
4.057608604431152,1653,70644475,0.05535387992858887
4.025412559509277,1654,70687238,0.05541276931762695
4.007587432861328,1655,70730001,0.05579066276550293
4.078436374664307,1656,70772764,0.05623507499694824
4.046436309814453,1657,70815527,0.056142330169677734
4.006366729736328,1658,70858290,0.056853532791137695
4.02362060546875,1659,70901053,0.05565237998962402
4.005435943603516,1660,70943816,0.05602383613586426
4.021766662597656,1661,70986579,0.05549454689025879
4.0598530769348145,1662,71029342,0.055983781814575195
4.036381244659424,1663,71072105,0.05532336235046387
4.025731563568115,1664,71114868,0.05508232116699219
4.049940586090088,1665,71157631,0.0556790828704834
4.023741722106934,1666,71200394,0.055243730545043945
4.015253067016602,1667,71243157,0.055295705795288086
4.046955108642578,1668,71285920,0.05545163154602051
4.0726399421691895,1669,71328683,0.05514264106750488
4.0366363525390625,1670,71371446,0.055303335189819336
4.034319877624512,1671,71414209,0.05518913269042969
4.029448986053467,1672,71456972,0.0557711124420166
4.018457412719727,1673,71499735,0.055328369140625
4.046446323394775,1674,71542498,0.05525326728820801
4.069215297698975,1675,71585261,0.05497407913208008
4.004998683929443,1676,71628024,0.055002689361572266
4.044936656951904,1677,71670787,0.055193185806274414
4.007537364959717,1678,71713550,0.055170297622680664
4.004095554351807,1679,71756313,0.05496573448181152
3.9909918308258057,1680,71799076,0.05467796325683594
4.005487442016602,1681,71841839,0.05495047569274902
4.006479263305664,1682,71884602,0.05537605285644531
4.021234512329102,1683,71927365,0.05510997772216797
4.047651290893555,1684,71970128,0.05517768859863281
4.034072399139404,1685,72012891,0.055074214935302734
4.07888650894165,1686,72055654,0.05623364448547363
4.019303798675537,1687,72098417,0.05568814277648926
4.0520339012146,1688,72141180,0.05609440803527832
4.006099700927734,1689,72183943,0.05784964561462402
4.0510478019714355,1690,72226706,0.055890798568725586
4.016717433929443,1691,72269469,0.0553286075592041
4.077803611755371,1692,72312232,0.05536484718322754
4.00164794921875,1693,72354995,0.05529284477233887
4.02864408493042,1694,72397758,0.05533170700073242
4.026473522186279,1695,72440521,0.056871652603149414
4.0598859786987305,1696,72483284,0.05609893798828125
4.02525520324707,1697,72526047,0.05624532699584961
4.052083969116211,1698,72568810,0.05620002746582031
4.045999050140381,1699,72611573,0.055091142654418945
3.999598979949951,1700,72654336,0.05563998222351074
4.013807773590088,1701,72697099,0.05578923225402832
4.0034589767456055,1702,72739862,0.056429147720336914
4.01382303237915,1703,72782625,0.05644631385803223
4.020076274871826,1704,72825388,0.05685591697692871
4.0656962394714355,1705,72868151,0.05486011505126953
4.096200942993164,1706,72910914,0.05593276023864746
4.022832870483398,1707,72953677,0.056833744049072266
4.0539984703063965,1708,72996440,0.05554461479187012
4.051821231842041,1709,73039203,0.05594372749328613
4.0455169677734375,1710,73081966,0.057111263275146484
4.032987594604492,1711,73124729,0.055741071701049805
4.070954322814941,1712,73167492,0.056464195251464844
4.030946254730225,1713,73210255,0.055129051208496094
4.0219011306762695,1714,73253018,0.055299997329711914
4.069180011749268,1715,73295781,0.05529665946960449
4.024467945098877,1716,73338544,0.0552678108215332
3.985332727432251,1717,73381307,0.05760526657104492
4.02316951751709,1718,73424070,0.05525541305541992
4.0706915855407715,1719,73466833,0.05497264862060547
4.049688816070557,1720,73509596,0.055127859115600586
4.061275959014893,1721,73552359,0.055975914001464844
4.009538650512695,1722,73595122,0.055441856384277344
4.027763366699219,1723,73637885,0.05527997016906738
4.022968769073486,1724,73680648,0.05541038513183594
3.978820323944092,1725,73723411,0.05520987510681152
4.047623157501221,1726,73766174,0.055944204330444336
4.074954032897949,1727,73808937,0.055284976959228516
4.030377388000488,1728,73851700,0.05576062202453613
4.002374172210693,1729,73894463,0.05622553825378418
4.040079116821289,1730,73937226,0.05489206314086914
4.060514450073242,1731,73979989,0.055124521255493164
4.045292377471924,1732,74022752,0.055145978927612305
4.003396034240723,1733,74065515,0.0551762580871582
4.077942848205566,1734,74108278,0.05496835708618164
4.0046796798706055,1735,74151041,0.05475354194641113
4.030615329742432,1736,74193804,0.05533099174499512
4.04355525970459,1737,74236567,0.05501246452331543
3.9938204288482666,1738,74279330,0.05679059028625488
4.03810453414917,1739,74322093,0.057054996490478516
4.030693531036377,1740,74364856,0.05562090873718262
4.061971664428711,1741,74407619,0.05739283561706543
4.016013145446777,1742,74450382,0.05512213706970215
4.035238742828369,1743,74493145,0.054729461669921875
4.024570941925049,1744,74535908,0.056528329849243164
4.029409885406494,1745,74578671,0.05530500411987305
4.0406928062438965,1746,74621434,0.05485033988952637
4.02451753616333,1747,74664197,0.05566906929016113
4.037585735321045,1748,74706960,0.05570220947265625
4.047466278076172,1749,74749723,0.05568218231201172
4.019282817840576,1750,74792486,0.05675935745239258
4.014212608337402,1751,74835249,0.05507040023803711
4.053992748260498,1752,74878012,0.05527663230895996
4.063287258148193,1753,74920775,0.057190656661987305
4.0145673751831055,1754,74963538,0.05535411834716797
4.096357822418213,1755,75006301,0.055639028549194336
4.004812717437744,1756,75049064,0.05694389343261719
4.051442623138428,1757,75091827,0.05549168586730957
4.030200004577637,1758,75134590,0.05529522895812988
4.023251533508301,1759,75177353,0.05560898780822754
4.055471420288086,1760,75220116,0.05523395538330078
4.032351970672607,1761,75262879,0.0550081729888916
4.025040149688721,1762,75305642,0.05514955520629883
4.034001350402832,1763,75348405,0.05503058433532715
4.05627965927124,1764,75391168,0.05495262145996094
4.058282852172852,1765,75433931,0.055229902267456055
4.018344402313232,1766,75476694,0.054662466049194336
4.013080596923828,1767,75519457,0.05515861511230469
4.03265905380249,1768,75562220,0.055286407470703125
4.038979530334473,1769,75604983,0.05495047569274902
4.021406173706055,1770,75647746,0.056131839752197266
4.036044597625732,1771,75690509,0.055536746978759766
3.9942915439605713,1772,75733272,0.05496668815612793
4.064514636993408,1773,75776035,0.055312156677246094
4.008276462554932,1774,75818798,0.0551908016204834
4.013663291931152,1775,75861561,0.055110931396484375
4.03218936920166,1776,75904324,0.05545377731323242
4.0393781661987305,1777,75947087,0.05555391311645508
4.054556369781494,1778,75989850,0.054933786392211914
4.020178318023682,1779,76032613,0.05485367774963379
4.011231422424316,1780,76075376,0.05470108985900879
4.010684013366699,1781,76118139,0.05529356002807617
4.012183666229248,1782,76160902,0.05472874641418457
4.05466890335083,1783,76203665,0.0549314022064209
4.040197372436523,1784,76246428,0.05475354194641113
4.102642059326172,1785,76289191,0.0547640323638916
3.996323585510254,1786,76331954,0.0547175407409668
4.045440196990967,1787,76374717,0.05463361740112305
4.0354156494140625,1788,76417480,0.05460023880004883
4.06442928314209,1789,76460243,0.05470752716064453
4.028168678283691,1790,76503006,0.054616451263427734
4.070993423461914,1791,76545769,0.05484938621520996
4.031307697296143,1792,76588532,0.054840803146362305
3.990025520324707,1793,76631295,0.054808855056762695
4.0492777824401855,1794,76674058,0.05476689338684082
4.045089244842529,1795,76716821,0.05473446846008301
4.03999137878418,1796,76759584,0.054669857025146484
3.996180295944214,1797,76802347,0.0545804500579834
4.04286527633667,1798,76845110,0.05471682548522949
4.015678405761719,1799,76887873,0.05473041534423828
4.037868499755859,1800,76930636,0.05473160743713379
4.0340986251831055,1801,76973399,0.054755449295043945
4.015450954437256,1802,77016162,0.0554354190826416
4.024515151977539,1803,77058925,0.055123329162597656
3.9798851013183594,1804,77101688,0.05464529991149902
4.032447814941406,1805,77144451,0.054780006408691406
4.029371738433838,1806,77187214,0.05476188659667969
4.014461040496826,1807,77229977,0.054932355880737305
4.009267330169678,1808,77272740,0.05498933792114258
3.989306926727295,1809,77315503,0.05471229553222656
3.998741388320923,1810,77358266,0.05481219291687012
4.085763931274414,1811,77401029,0.05470919609069824
4.070540904998779,1812,77443792,0.05460953712463379
4.03007698059082,1813,77486555,0.05472683906555176
4.034952163696289,1814,77529318,0.05474090576171875
4.023264408111572,1815,77572081,0.05469870567321777
4.024684906005859,1816,77614844,0.055002450942993164
4.045873165130615,1817,77657607,0.05487632751464844
4.009542942047119,1818,77700370,0.054749250411987305
4.068605422973633,1819,77743133,0.054749488830566406
4.014734745025635,1820,77785896,0.05466723442077637
4.04044771194458,1821,77828659,0.05478811264038086
4.023060321807861,1822,77871422,0.054637908935546875
4.042152404785156,1823,77914185,0.054677486419677734
4.00490665435791,1824,77956948,0.05494070053100586
4.036836624145508,1825,77999711,0.05481266975402832
4.063046455383301,1826,78042474,0.05485415458679199
4.051543235778809,1827,78085237,0.0547027587890625
4.0406951904296875,1828,78128000,0.05472302436828613
4.0254011154174805,1829,78170763,0.054862022399902344
4.036218166351318,1830,78213526,0.05489540100097656
4.064187526702881,1831,78256289,0.05472612380981445
4.023388385772705,1832,78299052,0.05482172966003418
4.069116115570068,1833,78341815,0.05467367172241211
4.040635108947754,1834,78384578,0.05502128601074219
3.9859619140625,1835,78427341,0.05505490303039551
3.9961769580841064,1836,78470104,0.05489158630371094
4.057582855224609,1837,78512867,0.054720163345336914
4.04880428314209,1838,78555630,0.05472707748413086
4.044923305511475,1839,78598393,0.05477023124694824
3.967200994491577,1840,78641156,0.05512213706970215
3.9949588775634766,1841,78683919,0.054788827896118164
4.00562047958374,1842,78726682,0.05487060546875
4.033282279968262,1843,78769445,0.05623316764831543
4.019025802612305,1844,78812208,0.05494427680969238
4.018190383911133,1845,78854971,0.054799795150756836
4.062524795532227,1846,78897734,0.05472517013549805
4.058814525604248,1847,78940497,0.05471038818359375
4.05052375793457,1848,78983260,0.05478239059448242
4.0214009284973145,1849,79026023,0.05480694770812988
4.021395683288574,1850,79068786,0.054850101470947266
4.049302577972412,1851,79111549,0.05483055114746094
4.067131996154785,1852,79154312,0.0546875
4.087146759033203,1853,79197075,0.054877281188964844
4.06051778793335,1854,79239838,0.0547022819519043
4.01265811920166,1855,79282601,0.05466294288635254
4.063528537750244,1856,79325364,0.05478239059448242
3.9998598098754883,1857,79368127,0.055289268493652344
4.056492805480957,1858,79410890,0.054883718490600586
4.019010066986084,1859,79453653,0.05478668212890625
4.0533342361450195,1860,79496416,0.05466580390930176
4.035823345184326,1861,79539179,0.055135488510131836
4.002713680267334,1862,79581942,0.05479025840759277
4.0170512199401855,1863,79624705,0.054807186126708984
4.03835916519165,1864,79667468,0.054960012435913086
4.067770481109619,1865,79710231,0.05474066734313965
4.033385276794434,1866,79752994,0.05463218688964844
4.021338939666748,1867,79795757,0.0548250675201416
4.026305198669434,1868,79838520,0.0546567440032959
4.00047492980957,1869,79881283,0.054666757583618164
4.021427154541016,1870,79924046,0.05472064018249512
4.062492847442627,1871,79966809,0.05469942092895508
3.9718618392944336,1872,80009572,0.05510115623474121
4.041593074798584,1873,80052335,0.054741621017456055
4.069296836853027,1874,80095098,0.05460071563720703
4.064012050628662,1875,80137861,0.05482602119445801
4.046749114990234,1876,80180624,0.05467939376831055
4.0607171058654785,1877,80223387,0.05464959144592285
4.035579204559326,1878,80266150,0.054666757583618164
3.988529682159424,1879,80308913,0.05466485023498535
4.029976844787598,1880,80351676,0.05467367172241211
4.0811076164245605,1881,80394439,0.05479550361633301
3.996706962585449,1882,80437202,0.05469632148742676
4.041503429412842,1883,80479965,0.05475807189941406
4.027461051940918,1884,80522728,0.054650068283081055
4.053305149078369,1885,80565491,0.055411338806152344
4.032154083251953,1886,80608254,0.055150508880615234
4.008656978607178,1887,80651017,0.05470991134643555
4.008365631103516,1888,80693780,0.05480480194091797
4.035579681396484,1889,80736543,0.05480599403381348
4.020512580871582,1890,80779306,0.05483818054199219
4.089200496673584,1891,80822069,0.05497407913208008
4.023838043212891,1892,80864832,0.054959774017333984
4.026798725128174,1893,80907595,0.05473065376281738
4.002108097076416,1894,80950358,0.0547947883605957
4.043466091156006,1895,80993121,0.054686784744262695
4.057943344116211,1896,81035884,0.054718732833862305
4.017792701721191,1897,81078647,0.054895639419555664
4.056319236755371,1898,81121410,0.05475735664367676
3.9998538494110107,1899,81164173,0.054728031158447266
4.036422252655029,1900,81206936,0.05470561981201172
4.034577369689941,1901,81249699,0.05467724800109863
4.043912410736084,1902,81292462,0.05499148368835449
4.023480415344238,1903,81335225,0.05472970008850098
4.041720390319824,1904,81377988,0.05478835105895996
3.991323947906494,1905,81420751,0.05494952201843262
4.01850700378418,1906,81463514,0.05479717254638672
4.044310092926025,1907,81506277,0.05468916893005371
4.017951488494873,1908,81549040,0.05473971366882324
4.066880226135254,1909,81591803,0.05481123924255371
4.061187267303467,1910,81634566,0.054740190505981445
4.039073944091797,1911,81677329,0.0547025203704834
4.015168190002441,1912,81720092,0.054665565490722656
4.0440354347229,1913,81762855,0.05503702163696289
4.077053546905518,1914,81805618,0.05477738380432129
4.006738662719727,1915,81848381,0.05479741096496582
3.994473457336426,1916,81891144,0.05476737022399902
4.026968479156494,1917,81933907,0.05475187301635742
4.045496463775635,1918,81976670,0.055017709732055664
4.0310187339782715,1919,82019433,0.05499434471130371
4.034585475921631,1920,82062196,0.05494117736816406
4.052639484405518,1921,82104959,0.05480456352233887
3.9941561222076416,1922,82147722,0.05476093292236328
4.0295515060424805,1923,82190485,0.0548703670501709
4.000365257263184,1924,82233248,0.054682254791259766
4.052793502807617,1925,82276011,0.054685354232788086
4.048786640167236,1926,82318774,0.05478811264038086
4.015506744384766,1927,82361537,0.054642677307128906
4.040503978729248,1928,82404300,0.05473494529724121
4.045226097106934,1929,82447063,0.05471611022949219
3.985368013381958,1930,82489826,0.05483388900756836
4.0284576416015625,1931,82532589,0.0548245906829834
4.057587623596191,1932,82575352,0.05480766296386719
4.00232458114624,1933,82618115,0.054700374603271484
4.02307653427124,1934,82660878,0.05479311943054199
3.9935755729675293,1935,82703641,0.05573225021362305
4.021318435668945,1936,82746404,0.05508756637573242
4.05872106552124,1937,82789167,0.05468916893005371
4.009649276733398,1938,82831930,0.05463576316833496
4.0308027267456055,1939,82874693,0.054833173751831055
4.040417194366455,1940,82917456,0.05463814735412598
4.011800289154053,1941,82960219,0.054712533950805664
4.005420207977295,1942,83002982,0.05498909950256348
4.031266689300537,1943,83045745,0.054906368255615234
4.0415940284729,1944,83088508,0.05472373962402344
4.039504528045654,1945,83131271,0.054894208908081055
4.07288932800293,1946,83174034,0.05504631996154785
4.045695781707764,1947,83216797,0.05491995811462402
4.00583553314209,1948,83259560,0.054884910583496094
4.0293121337890625,1949,83302323,0.054828643798828125
4.053905963897705,1950,83345086,0.054944753646850586
4.033077239990234,1951,83387849,0.0556950569152832
4.029938697814941,1952,83430612,0.05499601364135742
4.050726413726807,1953,83473375,0.05484747886657715
4.005059719085693,1954,83516138,0.054752349853515625
4.028010845184326,1955,83558901,0.05472826957702637
3.99839448928833,1956,83601664,0.05482196807861328
4.011466979980469,1957,83644427,0.05469059944152832
4.035582542419434,1958,83687190,0.05475139617919922
4.065951347351074,1959,83729953,0.05488991737365723
4.0373148918151855,1960,83772716,0.05477190017700195
4.004567623138428,1961,83815479,0.05489468574523926
4.023385047912598,1962,83858242,0.05482077598571777
4.024263381958008,1963,83901005,0.0546269416809082
4.029995441436768,1964,83943768,0.0548863410949707
3.9770843982696533,1965,83986531,0.05479717254638672
4.019054412841797,1966,84029294,0.05463290214538574
4.068551063537598,1967,84072057,0.05474591255187988
4.05449104309082,1968,84114820,0.05474567413330078
4.024112701416016,1969,84157583,0.054945945739746094
4.059563159942627,1970,84200346,0.05485057830810547
4.045937538146973,1971,84243109,0.05486178398132324
4.0422258377075195,1972,84285872,0.05472135543823242
4.034762859344482,1973,84328635,0.05487179756164551
4.0410261154174805,1974,84371398,0.05478644371032715
4.000462055206299,1975,84414161,0.054840803146362305
4.016119956970215,1976,84456924,0.05494403839111328
4.003939151763916,1977,84499687,0.05475664138793945
4.012189865112305,1978,84542450,0.054811716079711914
4.048159122467041,1979,84585213,0.0546870231628418
4.021974563598633,1980,84627976,0.05469679832458496
4.032144546508789,1981,84670739,0.05474972724914551
3.998654365539551,1982,84713502,0.054698944091796875
4.0183305740356445,1983,84756265,0.05458641052246094
4.00737190246582,1984,84799028,0.05470919609069824
3.988607168197632,1985,84841791,0.055422067642211914
4.024165630340576,1986,84884554,0.0551455020904541
3.983649730682373,1987,84927317,0.05479097366333008
4.042826175689697,1988,84970080,0.05470585823059082
4.053974151611328,1989,85012843,0.05476236343383789
4.014758110046387,1990,85055606,0.0547177791595459
4.023535251617432,1991,85098369,0.05475759506225586
4.002284526824951,1992,85141132,0.05479288101196289
4.0142693519592285,1993,85183895,0.05477285385131836
4.06368350982666,1994,85226658,0.054780006408691406
4.004064083099365,1995,85269421,0.054689645767211914
4.022992134094238,1996,85312184,0.05495953559875488
4.064908504486084,1997,85354947,0.054759979248046875
3.996708393096924,1998,85397710,0.05468177795410156
4.006479263305664,1999,85440473,0.05478191375732422
3.9840948581695557,2000,85483236,0.054795026779174805
4.05507755279541,2001,85525999,0.05476093292236328
4.0283122062683105,2002,85568762,0.059430599212646484
4.015862464904785,2003,85611525,0.05762624740600586
4.023420333862305,2004,85654288,0.05761361122131348
4.0424485206604,2005,85697051,0.05841779708862305
4.031763076782227,2006,85739814,0.057488441467285156
4.009853839874268,2007,85782577,0.058518409729003906
4.032464504241943,2008,85825340,0.05778932571411133
4.026094913482666,2009,85868103,0.057793378829956055
4.056212425231934,2010,85910866,0.05764460563659668
4.0493245124816895,2011,85953629,0.05749249458312988
4.031957626342773,2012,85996392,0.05755734443664551
4.016299724578857,2013,86039155,0.057361602783203125
4.023211479187012,2014,86081918,0.058263540267944336
4.004701137542725,2015,86124681,0.057952165603637695
4.002572536468506,2016,86167444,0.0575566291809082
4.023622035980225,2017,86210207,0.057843923568725586
4.055181503295898,2018,86252970,0.05749106407165527
4.005145072937012,2019,86295733,0.058012962341308594
4.04680061340332,2020,86338496,0.05764150619506836
4.045139789581299,2021,86381259,0.05741310119628906
4.028280258178711,2022,86424022,0.058466196060180664
4.030782222747803,2023,86466785,0.05776500701904297
4.021651268005371,2024,86509548,0.05771780014038086
4.030492305755615,2025,86552311,0.05818486213684082
4.001020431518555,2026,86595074,0.05753016471862793
4.032528400421143,2027,86637837,0.05771517753601074
4.018877983093262,2028,86680600,0.05768322944641113
3.9838716983795166,2029,86723363,0.05745506286621094
3.9999148845672607,2030,86766126,0.05749678611755371
3.9979360103607178,2031,86808889,0.05818986892700195
4.010189056396484,2032,86851652,0.057448387145996094
4.025263786315918,2033,86894415,0.05743241310119629
4.018312454223633,2034,86937178,0.057626962661743164
4.05863618850708,2035,86979941,0.0577397346496582
4.042616844177246,2036,87022704,0.05757570266723633
4.01624870300293,2037,87065467,0.05791473388671875
4.034805774688721,2038,87108230,0.05756235122680664
4.006841659545898,2039,87150993,0.05756354331970215
4.0227532386779785,2040,87193756,0.05755329132080078
4.00532341003418,2041,87236519,0.05820870399475098
4.000255107879639,2042,87279282,0.05791592597961426
4.025622844696045,2043,87322045,0.057486534118652344
4.029655456542969,2044,87364808,0.05748319625854492
4.0186614990234375,2045,87407571,0.05767226219177246
4.042108535766602,2046,87450334,0.05759596824645996
4.013138771057129,2047,87493097,0.05755972862243652
4.022096633911133,2048,87535860,0.05736041069030762
4.019409656524658,2049,87578623,0.05739927291870117
4.0179619789123535,2050,87621386,0.05747032165527344
4.001431465148926,2051,87664149,0.05814647674560547
4.036791801452637,2052,87706912,0.058119773864746094
4.0465006828308105,2053,87749675,0.0577244758605957
4.049808025360107,2054,87792438,0.057537078857421875
4.010206699371338,2055,87835201,0.05759453773498535
4.068585395812988,2056,87877964,0.05764031410217285
3.952362060546875,2057,87920727,0.05779004096984863
4.051857948303223,2058,87963490,0.05754494667053223
4.037940502166748,2059,88006253,0.057738304138183594
4.035534381866455,2060,88049016,0.05800223350524902
3.9863433837890625,2061,88091779,0.05768251419067383
4.054005146026611,2062,88134542,0.057634592056274414
4.026657581329346,2063,88177305,0.05881476402282715
4.067074775695801,2064,88220068,0.05803394317626953
4.014808177947998,2065,88262831,0.05747056007385254
4.035345077514648,2066,88305594,0.05762982368469238
4.005671501159668,2067,88348357,0.057665348052978516
4.0393500328063965,2068,88391120,0.057709693908691406
4.015398025512695,2069,88433883,0.05736398696899414
4.007960319519043,2070,88476646,0.05759382247924805
4.005964279174805,2071,88519409,0.05756211280822754
4.033783435821533,2072,88562172,0.05749106407165527
4.041089057922363,2073,88604935,0.05744814872741699
4.048985004425049,2074,88647698,0.05759882926940918
4.0340776443481445,2075,88690461,0.058194637298583984
4.054870128631592,2076,88733224,0.05782032012939453
4.005742073059082,2077,88775987,0.057666778564453125
4.062775611877441,2078,88818750,0.0576024055480957
4.006387710571289,2079,88861513,0.057884931564331055
4.04174280166626,2080,88904276,0.057892560958862305
4.023133277893066,2081,88947039,0.060431718826293945
4.038664817810059,2082,88989802,0.05796217918395996
4.017107009887695,2083,89032565,0.06027650833129883
4.047375679016113,2084,89075328,0.05634355545043945
4.0213398933410645,2085,89118091,0.055197715759277344
4.012128829956055,2086,89160854,0.055185556411743164
4.074649333953857,2087,89203617,0.05512714385986328
4.018428325653076,2088,89246380,0.055091142654418945
4.051811218261719,2089,89289143,0.05772876739501953
4.061089992523193,2090,89331906,0.05522775650024414
4.018394947052002,2091,89374669,0.05517840385437012
4.07130765914917,2092,89417432,0.054813385009765625
3.9950125217437744,2093,89460195,0.05454516410827637
3.993682622909546,2094,89502958,0.05507683753967285
4.004108428955078,2095,89545721,0.05556201934814453
4.059025287628174,2096,89588484,0.05653977394104004
4.024955749511719,2097,89631247,0.05532956123352051
3.997142791748047,2098,89674010,0.05521655082702637
4.043735504150391,2099,89716773,0.0562281608581543
4.025149345397949,2100,89759536,0.05670499801635742
4.0766425132751465,2101,89802299,0.056374311447143555
4.046496391296387,2102,89845062,0.05531954765319824
4.074474811553955,2103,89887825,0.05544877052307129
4.073951244354248,2104,89930588,0.05634713172912598
4.05392599105835,2105,89973351,0.055844783782958984
4.004063129425049,2106,90016114,0.055533647537231445
4.0289130210876465,2107,90058877,0.05578255653381348
4.024259567260742,2108,90101640,0.055848121643066406
4.002511978149414,2109,90144403,0.05573439598083496
4.016860008239746,2110,90187166,0.05595993995666504
4.027346134185791,2111,90229929,0.05565786361694336
4.058029651641846,2112,90272692,0.05562758445739746
4.032376766204834,2113,90315455,0.06055927276611328
4.02294921875,2114,90358218,0.05808591842651367
4.023455619812012,2115,90400981,0.05654716491699219
4.058184623718262,2116,90443744,0.05738091468811035
4.0530595779418945,2117,90486507,0.05651664733886719
4.077117919921875,2118,90529270,0.056162118911743164
4.012615203857422,2119,90572033,0.05642199516296387
4.006138324737549,2120,90614796,0.05656766891479492
4.002236843109131,2121,90657559,0.05745387077331543
4.046370029449463,2122,90700322,0.05819582939147949
4.005802631378174,2123,90743085,0.056458234786987305
4.041738510131836,2124,90785848,0.05575895309448242
4.030593395233154,2125,90828611,0.05659008026123047
4.076061248779297,2126,90871374,0.05592751502990723
4.006126403808594,2127,90914137,0.05672144889831543
4.0128278732299805,2128,90956900,0.05570197105407715
4.030146598815918,2129,90999663,0.05536198616027832
4.09494686126709,2130,91042426,0.055240631103515625
4.035345077514648,2131,91085189,0.05529046058654785
4.008869171142578,2132,91127952,0.05894064903259277
4.059074401855469,2133,91170715,0.056258201599121094
4.031685829162598,2134,91213478,0.05530881881713867
4.0198187828063965,2135,91256241,0.055359601974487305
4.061071395874023,2136,91299004,0.05570054054260254
4.008297920227051,2137,91341767,0.055472373962402344
4.0141282081604,2138,91384530,0.055494070053100586
4.0338239669799805,2139,91427293,0.05545926094055176
4.028048992156982,2140,91470056,0.05539846420288086
4.021531105041504,2141,91512819,0.05698537826538086
4.044349193572998,2142,91555582,0.05598258972167969
4.047719478607178,2143,91598345,0.05671334266662598
4.065925598144531,2144,91641108,0.05634450912475586
4.026312828063965,2145,91683871,0.0558929443359375
4.011453628540039,2146,91726634,0.05580854415893555
4.021246433258057,2147,91769397,0.05540347099304199
4.020923614501953,2148,91812160,0.05581068992614746
4.023960590362549,2149,91854923,0.0553286075592041
4.0406174659729,2150,91897686,0.05516195297241211
4.038448333740234,2151,91940449,0.05620884895324707
4.059564113616943,2152,91983212,0.05562400817871094
4.091835021972656,2153,92025975,0.05546879768371582
4.020400524139404,2154,92068738,0.055409908294677734
3.9716615676879883,2155,92111501,0.05509018898010254
4.043122291564941,2156,92154264,0.055161237716674805
4.021313667297363,2157,92197027,0.05704355239868164
4.053465843200684,2158,92239790,0.0559539794921875
4.012368679046631,2159,92282553,0.05518984794616699
3.997403383255005,2160,92325316,0.055150508880615234
4.0345306396484375,2161,92368079,0.05480337142944336
4.054070472717285,2162,92410842,0.05507969856262207
4.045950889587402,2163,92453605,0.054596900939941406
4.051400661468506,2164,92496368,0.05537986755371094
4.048935413360596,2165,92539131,0.054802894592285156
3.9971964359283447,2166,92581894,0.054902076721191406
4.010479927062988,2167,92624657,0.05516314506530762
3.9875078201293945,2168,92667420,0.05523228645324707
3.9395501613616943,2169,92710183,0.05552816390991211
4.035660743713379,2170,92752946,0.05545306205749512
4.056523323059082,2171,92795709,0.055612802505493164
4.058568954467773,2172,92838472,0.05516958236694336
4.035310745239258,2173,92881235,0.05527186393737793
4.027993202209473,2174,92923998,0.055257320404052734
4.0295000076293945,2175,92966761,0.05705523490905762
4.040992259979248,2176,93009524,0.05728578567504883
3.9954211711883545,2177,93052287,0.05699920654296875
4.044663429260254,2178,93095050,0.05535387992858887
4.010106563568115,2179,93137813,0.054863929748535156
4.049817085266113,2180,93180576,0.05546879768371582
4.0529093742370605,2181,93223339,0.05726027488708496
3.9915571212768555,2182,93266102,0.056326866149902344
4.004517555236816,2183,93308865,0.05601763725280762
3.999101400375366,2184,93351628,0.056789398193359375
4.030445098876953,2185,93394391,0.05556297302246094
4.0044074058532715,2186,93437154,0.05704641342163086
4.019129753112793,2187,93479917,0.056473731994628906
4.037829875946045,2188,93522680,0.05778694152832031
4.0627970695495605,2189,93565443,0.05659770965576172
4.019300937652588,2190,93608206,0.057066917419433594
4.020956993103027,2191,93650969,0.05538797378540039
4.074486255645752,2192,93693732,0.05516815185546875
4.093583583831787,2193,93736495,0.055710554122924805
4.031914710998535,2194,93779258,0.05549740791320801
4.029094219207764,2195,93822021,0.05497384071350098
4.031951904296875,2196,93864784,0.055237531661987305
4.027065277099609,2197,93907547,0.05534076690673828
3.9945197105407715,2198,93950310,0.05513191223144531
4.006396293640137,2199,93993073,0.05647397041320801
4.044758319854736,2200,94035836,0.056240081787109375
4.036895751953125,2201,94078599,0.0550379753112793
4.030178070068359,2202,94121362,0.054923295974731445
4.028037071228027,2203,94164125,0.05499553680419922
4.0004682540893555,2204,94206888,0.05500030517578125
4.050181865692139,2205,94249651,0.059169769287109375
4.0322370529174805,2206,94292414,0.061331987380981445
3.991837739944458,2207,94335177,0.06012105941772461
3.991914987564087,2208,94377940,0.058737754821777344
4.0325026512146,2209,94420703,0.05918741226196289
4.033899784088135,2210,94463466,0.059386491775512695
3.965297222137451,2211,94506229,0.05598783493041992
3.9870998859405518,2212,94548992,0.054727792739868164
4.020486354827881,2213,94591755,0.05577397346496582
4.0123701095581055,2214,94634518,0.05522489547729492
3.9624764919281006,2215,94677281,0.05524945259094238
4.0908942222595215,2216,94720044,0.05482602119445801
3.975804328918457,2217,94762807,0.05522584915161133
4.020421981811523,2218,94805570,0.05522465705871582
4.041297912597656,2219,94848333,0.05537748336791992
3.9905283451080322,2220,94891096,0.055187225341796875
4.068137168884277,2221,94933859,0.055577754974365234
4.010972499847412,2222,94976622,0.05511164665222168
4.0033392906188965,2223,95019385,0.05528974533081055
4.0054826736450195,2224,95062148,0.05518054962158203
4.01199197769165,2225,95104911,0.05526924133300781
3.9715986251831055,2226,95147674,0.05521726608276367
4.018980026245117,2227,95190437,0.05521535873413086
4.033566474914551,2228,95233200,0.055281877517700195
4.036512851715088,2229,95275963,0.056439876556396484
4.033365249633789,2230,95318726,0.05564403533935547
4.058717727661133,2231,95361489,0.055237531661987305
3.9911999702453613,2232,95404252,0.05472230911254883
4.025295734405518,2233,95447015,0.05532956123352051
4.0233001708984375,2234,95489778,0.055177927017211914
4.07242488861084,2235,95532541,0.05539965629577637
4.039889812469482,2236,95575304,0.05519556999206543
4.014665126800537,2237,95618067,0.055419921875
4.048309326171875,2238,95660830,0.05564451217651367
4.043311595916748,2239,95703593,0.05531191825866699
4.056671619415283,2240,95746356,0.05527472496032715
4.005089282989502,2241,95789119,0.05537724494934082
4.016659736633301,2242,95831882,0.055211544036865234
4.059955596923828,2243,95874645,0.055262088775634766
4.046355247497559,2244,95917408,0.05674314498901367
4.026364326477051,2245,95960171,0.056082725524902344
4.001075744628906,2246,96002934,0.055557966232299805
3.998134136199951,2247,96045697,0.05537080764770508
4.011390686035156,2248,96088460,0.05559229850769043
4.013921737670898,2249,96131223,0.05539679527282715
4.044074535369873,2250,96173986,0.05553555488586426
4.036567211151123,2251,96216749,0.055211544036865234
4.014153003692627,2252,96259512,0.05606245994567871
3.995352268218994,2253,96302275,0.05614280700683594
4.031914234161377,2254,96345038,0.057098388671875
4.017466068267822,2255,96387801,0.05733060836791992
4.026078224182129,2256,96430564,0.05639934539794922
4.044679641723633,2257,96473327,0.05514240264892578
4.033720016479492,2258,96516090,0.055158138275146484
4.02502965927124,2259,96558853,0.05488252639770508
3.996163845062256,2260,96601616,0.0549924373626709
4.016890525817871,2261,96644379,0.05466747283935547
4.012641429901123,2262,96687142,0.05545997619628906
4.048429489135742,2263,96729905,0.05523562431335449
4.039703845977783,2264,96772668,0.05495882034301758
4.017676830291748,2265,96815431,0.054825782775878906
4.017749786376953,2266,96858194,0.05472683906555176
4.036354064941406,2267,96900957,0.05501151084899902
4.030491828918457,2268,96943720,0.054993629455566406
4.025463581085205,2269,96986483,0.05508112907409668
4.041706085205078,2270,97029246,0.05536818504333496
4.001443862915039,2271,97072009,0.05520486831665039
4.038773536682129,2272,97114772,0.055315256118774414
4.0617828369140625,2273,97157535,0.05545663833618164
4.029964447021484,2274,97200298,0.055290937423706055
4.008386611938477,2275,97243061,0.055299997329711914
4.034765243530273,2276,97285824,0.05520439147949219
4.003844738006592,2277,97328587,0.05536484718322754
3.9735779762268066,2278,97371350,0.05535483360290527
4.0282392501831055,2279,97414113,0.05536007881164551
3.9833481311798096,2280,97456876,0.05536007881164551
4.036581993103027,2281,97499639,0.05509352684020996
4.058023929595947,2282,97542402,0.05531001091003418
4.022876262664795,2283,97585165,0.05650472640991211
4.025863170623779,2284,97627928,0.05542945861816406
3.975592613220215,2285,97670691,0.05530071258544922
4.03324031829834,2286,97713454,0.05543684959411621
4.00065803527832,2287,97756217,0.05522513389587402
4.009966850280762,2288,97798980,0.055257320404052734
4.024080276489258,2289,97841743,0.05498504638671875
4.0275421142578125,2290,97884506,0.0552825927734375
4.032995223999023,2291,97927269,0.05525946617126465
4.00765323638916,2292,97970032,0.0552370548248291
4.018337726593018,2293,98012795,0.055419921875
4.05446195602417,2294,98055558,0.0548701286315918
4.010887145996094,2295,98098321,0.055265188217163086
3.9995343685150146,2296,98141084,0.05519914627075195
4.064774513244629,2297,98183847,0.05506587028503418
4.011540412902832,2298,98226610,0.05513143539428711
4.019116401672363,2299,98269373,0.055171966552734375
4.058487415313721,2300,98312136,0.05519890785217285
4.029249668121338,2301,98354899,0.055037736892700195
4.039192199707031,2302,98397662,0.0553135871887207
3.9859611988067627,2303,98440425,0.0560302734375
4.00471305847168,2304,98483188,0.056305646896362305
4.023994445800781,2305,98525951,0.05577397346496582
4.029143333435059,2306,98568714,0.05542874336242676
4.04386043548584,2307,98611477,0.05481410026550293
4.002786159515381,2308,98654240,0.05605816841125488
4.043455123901367,2309,98697003,0.05524134635925293
4.043776512145996,2310,98739766,0.05502128601074219
4.012187480926514,2311,98782529,0.05550742149353027
4.032750129699707,2312,98825292,0.0559840202331543
4.038665294647217,2313,98868055,0.055974483489990234
3.9704067707061768,2314,98910818,0.055466651916503906
3.98820161819458,2315,98953581,0.05567574501037598
4.052138328552246,2316,98996344,0.05510139465332031
4.015618801116943,2317,99039107,0.05542492866516113
4.050791263580322,2318,99081870,0.05601835250854492
3.9952571392059326,2319,99124633,0.05508613586425781
4.035856246948242,2320,99167396,0.055509090423583984
4.029256820678711,2321,99210159,0.05522346496582031
4.066741466522217,2322,99252922,0.055083513259887695
3.9728028774261475,2323,99295685,0.05520510673522949
3.9810736179351807,2324,99338448,0.05527377128601074
4.000420093536377,2325,99381211,0.054799795150756836
4.039555072784424,2326,99423974,0.05543208122253418
4.055290699005127,2327,99466737,0.055332183837890625
4.043081283569336,2328,99509500,0.05510973930358887
4.008917331695557,2329,99552263,0.054674386978149414
4.026774883270264,2330,99595026,0.056366682052612305
4.070479393005371,2331,99637789,0.05476093292236328
4.018729209899902,2332,99680552,0.05499267578125
4.011337757110596,2333,99723315,0.05548429489135742
4.004187107086182,2334,99766078,0.05467414855957031
3.974647283554077,2335,99808841,0.0550844669342041
3.9608824253082275,2336,99851604,0.0549318790435791
4.024344444274902,2337,99894367,0.05512237548828125
3.9899182319641113,2338,99937130,0.054926395416259766
3.9822301864624023,2339,99979893,0.055048465728759766
4.035867214202881,2340,100022656,0.05518460273742676
