6.970988750457764,2,42762,0.3841125965118408
6.972928524017334,3,85525,0.05629420280456543
6.969382286071777,4,128288,0.08024334907531738
6.968723297119141,5,171051,0.05781054496765137
6.970880031585693,6,213814,0.05736899375915527
6.970623970031738,7,256577,0.05539393424987793
6.967122554779053,8,299340,0.05511665344238281
6.967349529266357,9,342103,0.05499148368835449
6.96638298034668,10,384866,0.05503988265991211
6.962769985198975,11,427629,0.05491948127746582
6.960912704467773,12,470392,0.054955482482910156
6.954462051391602,13,513155,0.05605626106262207
6.952911853790283,14,555918,0.055066823959350586
6.948235511779785,15,598681,0.054967641830444336
6.947591304779053,16,641444,0.054962158203125
6.9411468505859375,17,684207,0.055008888244628906
6.9376444816589355,18,726970,0.05508875846862793
6.929726600646973,19,769733,0.05500054359436035
6.926928997039795,20,812496,0.05483222007751465
6.921565055847168,21,855259,0.05501723289489746
6.9164347648620605,22,898022,0.054962158203125
6.906360149383545,23,940785,0.0549921989440918
6.902213096618652,24,983548,0.05492377281188965
6.895451545715332,25,1026311,0.05490279197692871
6.887953758239746,26,1069074,0.0550992488861084
6.8788251876831055,27,1111837,0.054961442947387695
6.874270915985107,28,1154600,0.055214881896972656
6.863429546356201,29,1197363,0.05517578125
6.8566484451293945,30,1240126,0.055005788803100586
6.847093105316162,31,1282889,0.05534553527832031
6.839819431304932,32,1325652,0.05511045455932617
6.828639507293701,33,1368415,0.05499577522277832
6.823838233947754,34,1411178,0.0550999641418457
6.810053825378418,35,1453941,0.05526900291442871
6.802061557769775,36,1496704,0.05513310432434082
6.79317569732666,37,1539467,0.055142879486083984
6.782290935516357,38,1582230,0.0550539493560791
6.76898193359375,39,1624993,0.05491995811462402
6.759984493255615,40,1667756,0.055324554443359375
6.748423099517822,41,1710519,0.055274009704589844
6.735445976257324,42,1753282,0.05501413345336914
6.727360248565674,43,1796045,0.055539846420288086
6.71586275100708,44,1838808,0.055147409439086914
6.7002363204956055,45,1881571,0.05514073371887207
6.691956043243408,46,1924334,0.05514955520629883
6.678317546844482,47,1967097,0.05523324012756348
6.662354946136475,48,2009860,0.055159807205200195
6.655542373657227,49,2052623,0.05522465705871582
6.640467166900635,50,2095386,0.05512404441833496
6.630823135375977,51,2138149,0.055472373962402344
6.613976955413818,52,2180912,0.05525374412536621
6.604536533355713,53,2223675,0.055307626724243164
6.590156078338623,54,2266438,0.055201053619384766
6.582509994506836,55,2309201,0.055475711822509766
6.569365501403809,56,2351964,0.0553131103515625
6.552083492279053,57,2394727,0.05515694618225098
6.547275543212891,58,2437490,0.0554051399230957
6.533560276031494,59,2480253,0.055516958236694336
6.5241899490356445,60,2523016,0.05571889877319336
6.510302543640137,61,2565779,0.055924415588378906
6.49601936340332,62,2608542,0.05595731735229492
6.488746166229248,63,2651305,0.05583310127258301
6.470390796661377,64,2694068,0.05567049980163574
6.467863082885742,65,2736831,0.05590415000915527
6.44856595993042,66,2779594,0.055737972259521484
6.438122272491455,67,2822357,0.05703163146972656
6.427785873413086,68,2865120,0.05619001388549805
6.411680221557617,69,2907883,0.055582284927368164
6.403722286224365,70,2950646,0.055806875228881836
6.382069110870361,71,2993409,0.056656599044799805
6.377755641937256,72,3036172,0.056320905685424805
6.362561225891113,73,3078935,0.05602622032165527
6.356807708740234,74,3121698,0.05565595626831055
6.344935417175293,75,3164461,0.05542349815368652
6.331277847290039,76,3207224,0.05583834648132324
6.315972805023193,77,3249987,0.05594468116760254
6.304298400878906,78,3292750,0.05565071105957031
6.300130367279053,79,3335513,0.05576062202453613
6.279946327209473,80,3378276,0.05582618713378906
6.264279365539551,81,3421039,0.05532956123352051
6.257278919219971,82,3463802,0.055675506591796875
6.250993728637695,83,3506565,0.05562925338745117
6.229612350463867,84,3549328,0.0561521053314209
6.220003604888916,85,3592091,0.05597519874572754
6.209249019622803,86,3634854,0.0558011531829834
6.196094989776611,87,3677617,0.0557703971862793
6.179439067840576,88,3720380,0.055747032165527344
6.178857326507568,89,3763143,0.055750131607055664
6.162718296051025,90,3805906,0.05605578422546387
6.147252559661865,91,3848669,0.05571627616882324
6.13881778717041,92,3891432,0.0556340217590332
6.128138542175293,93,3934195,0.05585050582885742
6.1129021644592285,94,3976958,0.05568361282348633
6.1076226234436035,95,4019721,0.05589652061462402
6.100483417510986,96,4062484,0.05582451820373535
6.078413486480713,97,4105247,0.0556485652923584
6.063398361206055,98,4148010,0.05552554130554199
6.055295944213867,99,4190773,0.05577421188354492
6.037233352661133,100,4233536,0.05513882637023926
6.032403469085693,101,4276299,0.05588698387145996
6.020340919494629,102,4319062,0.05627632141113281
6.004523754119873,103,4361825,0.05548810958862305
5.992156982421875,104,4404588,0.05522608757019043
5.977023124694824,105,4447351,0.05535459518432617
5.962454319000244,106,4490114,0.055199623107910156
5.952485084533691,107,4532877,0.055470943450927734
5.941624164581299,108,4575640,0.05539369583129883
5.930308818817139,109,4618403,0.05552363395690918
5.9090399742126465,110,4661166,0.058806657791137695
5.906069278717041,111,4703929,0.055562496185302734
5.899372100830078,112,4746692,0.05569624900817871
5.8741021156311035,113,4789455,0.05564403533935547
5.859493255615234,114,4832218,0.05564451217651367
5.850207805633545,115,4874981,0.05573725700378418
5.834880828857422,116,4917744,0.055753231048583984
5.81817626953125,117,4960507,0.0555572509765625
5.806221961975098,118,5003270,0.05565071105957031
5.780394077301025,119,5046033,0.05572342872619629
5.768650531768799,120,5088796,0.05582380294799805
5.76071310043335,121,5131559,0.05579352378845215
5.761368751525879,122,5174322,0.05575704574584961
5.74845027923584,123,5217085,0.05553293228149414
5.728912830352783,124,5259848,0.055573463439941406
5.716189384460449,125,5302611,0.055640220642089844
5.692752838134766,126,5345374,0.05591416358947754
5.68921422958374,127,5388137,0.05573868751525879
5.6889753341674805,128,5430900,0.05570054054260254
5.660765647888184,129,5473663,0.05587339401245117
5.645451068878174,130,5516426,0.05577540397644043
5.644385814666748,131,5559189,0.0556943416595459
5.6171770095825195,132,5601952,0.055670976638793945
5.617557525634766,133,5644715,0.055685997009277344
5.598806858062744,134,5687478,0.05575728416442871
5.579844951629639,135,5730241,0.05582022666931152
5.57295560836792,136,5773004,0.05563163757324219
5.545553207397461,137,5815767,0.05512070655822754
5.541078090667725,138,5858530,0.05571460723876953
5.518272399902344,139,5901293,0.05551338195800781
5.514030933380127,140,5944056,0.05563783645629883
5.4934210777282715,141,5986819,0.05581259727478027
5.48250150680542,142,6029582,0.05561709403991699
5.470864295959473,143,6072345,0.05546736717224121
5.464689254760742,144,6115108,0.05563855171203613
5.4571533203125,145,6157871,0.05567169189453125
5.435439109802246,146,6200634,0.0555417537689209
5.424067497253418,147,6243397,0.0580449104309082
5.416258335113525,148,6286160,0.05587601661682129
5.406315803527832,149,6328923,0.055718183517456055
5.388432502746582,150,6371686,0.055646657943725586
5.389312744140625,151,6414449,0.05557513236999512
5.367610454559326,152,6457212,0.055511474609375
5.350356578826904,153,6499975,0.055393218994140625
5.3381571769714355,154,6542738,0.055417537689208984
5.302602291107178,155,6585501,0.05520772933959961
5.309227466583252,156,6628264,0.05518054962158203
5.2747979164123535,157,6671027,0.055522918701171875
5.268233299255371,158,6713790,0.055303335189819336
5.257591724395752,159,6756553,0.05553007125854492
5.255622386932373,160,6799316,0.05554699897766113
5.21651554107666,161,6842079,0.05530214309692383
5.211581230163574,162,6884842,0.05552530288696289
5.195629596710205,163,6927605,0.055588483810424805
5.1981892585754395,164,6970368,0.054949045181274414
5.145721435546875,165,7013131,0.0556032657623291
5.1555891036987305,166,7055894,0.05550980567932129
5.132776260375977,167,7098657,0.05552053451538086
5.129558086395264,168,7141420,0.05523061752319336
5.094232082366943,169,7184183,0.05554986000061035
5.0810980796813965,170,7226946,0.05549788475036621
5.120287895202637,171,7269709,0.055620670318603516
5.054859638214111,172,7312472,0.05561661720275879
5.041372776031494,173,7355235,0.055463314056396484
5.0373663902282715,174,7397998,0.05500674247741699
5.0094475746154785,175,7440761,0.05557751655578613
4.999990463256836,176,7483524,0.05553698539733887
4.99948787689209,177,7526287,0.055484771728515625
4.990284442901611,178,7569050,0.05545163154602051
4.993269443511963,179,7611813,0.05500197410583496
4.955776214599609,180,7654576,0.05513119697570801
4.929034233093262,181,7697339,0.05526995658874512
4.9577531814575195,182,7740102,0.0549626350402832
4.9519734382629395,183,7782865,0.0549616813659668
4.901829242706299,184,7825628,0.05527997016906738
4.901022434234619,185,7868391,0.055464744567871094
4.895709037780762,186,7911154,0.05527520179748535
4.8634772300720215,187,7953917,0.055406808853149414
4.874105930328369,188,7996680,0.05530881881713867
4.867899417877197,189,8039443,0.05508089065551758
4.83682107925415,190,8082206,0.055207252502441406
4.839564323425293,191,8124969,0.055455684661865234
4.821043491363525,192,8167732,0.05545783042907715
4.807824611663818,193,8210495,0.05523061752319336
4.7741899490356445,194,8253258,0.05541563034057617
4.768357753753662,195,8296021,0.05527329444885254
4.747729301452637,196,8338784,0.055586814880371094
4.76521635055542,197,8381547,0.05549931526184082
4.756132125854492,198,8424310,0.056894779205322266
4.729393482208252,199,8467073,0.05552029609680176
4.7356462478637695,200,8509836,0.05540585517883301
4.702086925506592,201,8552599,0.05542874336242676
4.711402893066406,202,8595362,0.055101633071899414
4.702188014984131,203,8638125,0.05503964424133301
4.705101013183594,204,8680888,0.05543041229248047
4.692759037017822,205,8723651,0.05544638633728027
4.672787189483643,206,8766414,0.05500316619873047
4.6836652755737305,207,8809177,0.05542397499084473
4.658939361572266,208,8851940,0.05502724647521973
4.654591083526611,209,8894703,0.05540275573730469
4.699918746948242,210,8937466,0.05548906326293945
4.635662078857422,211,8980229,0.055342912673950195
4.6477813720703125,212,9022992,0.05496501922607422
4.65315055847168,213,9065755,0.05471396446228027
4.625673770904541,214,9108518,0.05533719062805176
4.650514602661133,215,9151281,0.05598711967468262
4.600922584533691,216,9194044,0.0559542179107666
4.641239166259766,217,9236807,0.05593085289001465
4.614551067352295,218,9279570,0.056849002838134766
4.5910844802856445,219,9322333,0.05605149269104004
4.598197937011719,220,9365096,0.055434465408325195
4.604191303253174,221,9407859,0.05574631690979004
4.644970893859863,222,9450622,0.05726051330566406
4.626458168029785,223,9493385,0.054708003997802734
4.597899913787842,224,9536148,0.05599808692932129
4.576128959655762,225,9578911,0.05629158020019531
4.584789752960205,226,9621674,0.05526590347290039
4.596174716949463,227,9664437,0.056618452072143555
4.532732009887695,228,9707200,0.0560450553894043
4.5987772941589355,229,9749963,0.056466102600097656
4.536052227020264,230,9792726,0.055593252182006836
4.5111870765686035,231,9835489,0.055382728576660156
4.518840789794922,232,9878252,0.05534982681274414
4.532068729400635,233,9921015,0.05533790588378906
4.52114725112915,234,9963778,0.055467844009399414
4.519832134246826,235,10006541,0.05587911605834961
4.505991458892822,236,10049304,0.05667257308959961
4.530786991119385,237,10092067,0.055393218994140625
4.574850559234619,238,10134830,0.055143117904663086
4.527430534362793,239,10177593,0.05472421646118164
4.553249359130859,240,10220356,0.055423736572265625
4.547219276428223,241,10263119,0.05529952049255371
4.50784158706665,242,10305882,0.05575418472290039
4.476433753967285,243,10348645,0.054862022399902344
4.481245517730713,244,10391408,0.055329322814941406
4.504080772399902,245,10434171,0.05640125274658203
4.5224809646606445,246,10476934,0.055480241775512695
4.520689964294434,247,10519697,0.05611419677734375
4.530629634857178,248,10562460,0.05594038963317871
4.513205051422119,249,10605223,0.05517888069152832
4.459107875823975,250,10647986,0.05524778366088867
4.479666709899902,251,10690749,0.05684304237365723
4.533300399780273,252,10733512,0.055837154388427734
4.4488205909729,253,10776275,0.05509829521179199
4.484725475311279,254,10819038,0.054871559143066406
4.514463424682617,255,10861801,0.056620121002197266
4.447605133056641,256,10904564,0.055243492126464844
4.487409591674805,257,10947327,0.05492830276489258
4.487475395202637,258,10990090,0.05545234680175781
4.459290504455566,259,11032853,0.05677032470703125
4.4674601554870605,260,11075616,0.05562782287597656
4.451213359832764,261,11118379,0.05522799491882324
4.468052387237549,262,11161142,0.05516862869262695
4.442831993103027,263,11203905,0.05649566650390625
4.438720226287842,264,11246668,0.05602312088012695
4.447699069976807,265,11289431,0.05527305603027344
4.403125762939453,266,11332194,0.05571866035461426
4.446907043457031,267,11374957,0.05705547332763672
4.421695709228516,268,11417720,0.05562853813171387
4.4245686531066895,269,11460483,0.055940866470336914
4.431628704071045,270,11503246,0.05631303787231445
4.4300761222839355,271,11546009,0.05557966232299805
4.442404270172119,272,11588772,0.05567026138305664
4.464455604553223,273,11631535,0.056348562240600586
4.421559810638428,274,11674298,0.05571937561035156
4.417153358459473,275,11717061,0.05537748336791992
4.454753875732422,276,11759824,0.056186676025390625
4.433983325958252,277,11802587,0.05597949028015137
4.467955112457275,278,11845350,0.054944753646850586
4.408685684204102,279,11888113,0.05515408515930176
4.4221110343933105,280,11930876,0.05532264709472656
4.3727521896362305,281,11973639,0.055452585220336914
4.406586170196533,282,12016402,0.055658578872680664
4.419339656829834,283,12059165,0.05725288391113281
4.453559398651123,284,12101928,0.05498623847961426
4.399490833282471,285,12144691,0.05493593215942383
4.418854713439941,286,12187454,0.05517125129699707
4.40422248840332,287,12230217,0.05531907081604004
4.4015679359436035,288,12272980,0.05512356758117676
4.3856353759765625,289,12315743,0.05488324165344238
4.41429328918457,290,12358506,0.05474591255187988
4.406009674072266,291,12401269,0.05634927749633789
4.397022724151611,292,12444032,0.0552515983581543
4.396259784698486,293,12486795,0.055141448974609375
4.433390140533447,294,12529558,0.05517697334289551
4.430397987365723,295,12572321,0.05504870414733887
4.420865535736084,296,12615084,0.054877519607543945
4.4301252365112305,297,12657847,0.05508589744567871
4.372076988220215,298,12700610,0.05541801452636719
4.354864120483398,299,12743373,0.05510544776916504
4.336482048034668,300,12786136,0.05573725700378418
4.403774261474609,301,12828899,0.05675005912780762
4.371525764465332,302,12871662,0.055173635482788086
4.414665222167969,303,12914425,0.05679726600646973
4.345003128051758,304,12957188,0.05580329895019531
4.3510823249816895,305,12999951,0.05637812614440918
4.39486837387085,306,13042714,0.05544924736022949
4.390919208526611,307,13085477,0.05499839782714844
4.3697357177734375,308,13128240,0.055622100830078125
4.363326549530029,309,13171003,0.055849552154541016
4.371999740600586,310,13213766,0.05529308319091797
4.330413818359375,311,13256529,0.05601644515991211
4.367927074432373,312,13299292,0.05585789680480957
4.322232246398926,313,13342055,0.05488324165344238
4.323370933532715,314,13384818,0.055206298828125
4.3557891845703125,315,13427581,0.05543708801269531
4.365790843963623,316,13470344,0.05538225173950195
4.3083295822143555,317,13513107,0.055512189865112305
4.363139629364014,318,13555870,0.055642127990722656
4.360298156738281,319,13598633,0.05577349662780762
4.335893630981445,320,13641396,0.0549471378326416
4.308274269104004,321,13684159,0.05456686019897461
4.344442844390869,322,13726922,0.05508923530578613
4.3342180252075195,323,13769685,0.05517697334289551
4.351284503936768,324,13812448,0.0552983283996582
4.379689693450928,325,13855211,0.05518960952758789
4.371425628662109,326,13897974,0.05531668663024902
4.297432899475098,327,13940737,0.05552935600280762
4.281377792358398,328,13983500,0.05537581443786621
4.363438606262207,329,14026263,0.05652165412902832
4.295116424560547,330,14069026,0.0554811954498291
4.366269111633301,331,14111789,0.05531573295593262
4.332615375518799,332,14154552,0.055350542068481445
4.293113708496094,333,14197315,0.05524277687072754
4.3366851806640625,334,14240078,0.05536389350891113
4.34053373336792,335,14282841,0.055297136306762695
4.290552139282227,336,14325604,0.05543065071105957
4.334752082824707,337,14368367,0.054885149002075195
4.361336708068848,338,14411130,0.05493354797363281
4.29951810836792,339,14453893,0.05494117736816406
4.323420524597168,340,14496656,0.054946184158325195
4.311117649078369,341,14539419,0.0549314022064209
4.317868232727051,342,14582182,0.05521416664123535
4.24462890625,343,14624945,0.05519890785217285
4.339282512664795,344,14667708,0.05527997016906738
4.244942665100098,345,14710471,0.055414438247680664
4.297921180725098,346,14753234,0.055511474609375
4.281959533691406,347,14795997,0.056529998779296875
4.295296669006348,348,14838760,0.05622744560241699
4.297132968902588,349,14881523,0.0557553768157959
4.307826519012451,350,14924286,0.055997610092163086
4.291009902954102,351,14967049,0.05552816390991211
4.352677345275879,352,15009812,0.05544757843017578
4.257387161254883,353,15052575,0.05527949333190918
4.338966369628906,354,15095338,0.055487871170043945
4.237983226776123,355,15138101,0.05560612678527832
4.291145324707031,356,15180864,0.05509161949157715
4.273953437805176,357,15223627,0.05506610870361328
4.296133041381836,358,15266390,0.05492830276489258
4.268704891204834,359,15309153,0.05487537384033203
4.298035144805908,360,15351916,0.05489778518676758
4.312384128570557,361,15394679,0.054868221282958984
4.316939353942871,362,15437442,0.05493903160095215
4.28193473815918,363,15480205,0.05489850044250488
4.253756523132324,364,15522968,0.05492520332336426
4.25351095199585,365,15565731,0.05485796928405762
4.277098178863525,366,15608494,0.05493664741516113
4.249135494232178,367,15651257,0.05472898483276367
4.262527942657471,368,15694020,0.05492424964904785
4.274917125701904,369,15736783,0.05452990531921387
4.2672905921936035,370,15779546,0.054605960845947266
4.298262596130371,371,15822309,0.055001020431518555
4.265829086303711,372,15865072,0.054619789123535156
4.279173851013184,373,15907835,0.05459928512573242
4.293663501739502,374,15950598,0.05455374717712402
4.254936695098877,375,15993361,0.05457329750061035
4.221198558807373,376,16036124,0.054758310317993164
4.237089157104492,377,16078887,0.05488872528076172
4.270000457763672,378,16121650,0.05483078956604004
4.2475152015686035,379,16164413,0.05460524559020996
4.2971978187561035,380,16207176,0.05461263656616211
4.207954406738281,381,16249939,0.05463671684265137
4.3040947914123535,382,16292702,0.054807186126708984
4.241279125213623,383,16335465,0.05461859703063965
4.253630638122559,384,16378228,0.05466794967651367
4.278918743133545,385,16420991,0.05452704429626465
4.307429790496826,386,16463754,0.05469202995300293
4.2793450355529785,387,16506517,0.054596662521362305
4.227984428405762,388,16549280,0.05477190017700195
4.246194839477539,389,16592043,0.05469918251037598
4.233152389526367,390,16634806,0.05466127395629883
4.2685956954956055,391,16677569,0.05468416213989258
4.229371070861816,392,16720332,0.05466055870056152
4.244716644287109,393,16763095,0.05466175079345703
4.265993118286133,394,16805858,0.05457782745361328
4.233665943145752,395,16848621,0.05478477478027344
4.230592727661133,396,16891384,0.05463147163391113
4.254037857055664,397,16934147,0.05454087257385254
4.240326881408691,398,16976910,0.05451011657714844
4.235050201416016,399,17019673,0.05474090576171875
4.2847795486450195,400,17062436,0.054601430892944336
4.2045817375183105,401,17105199,0.054903268814086914
4.249357223510742,402,17147962,0.05488443374633789
4.2491912841796875,403,17190725,0.05483531951904297
4.263206481933594,404,17233488,0.05476522445678711
4.2253618240356445,405,17276251,0.05457568168640137
4.219466686248779,406,17319014,0.054701805114746094
4.24301815032959,407,17361777,0.05458426475524902
4.272002696990967,408,17404540,0.05460357666015625
4.2979254722595215,409,17447303,0.05463361740112305
4.210733890533447,410,17490066,0.05480623245239258
4.271709442138672,411,17532829,0.05465245246887207
4.244295597076416,412,17575592,0.05479097366333008
4.229004383087158,413,17618355,0.05453681945800781
4.218852519989014,414,17661118,0.05475640296936035
4.222684860229492,415,17703881,0.054727792739868164
4.224400997161865,416,17746644,0.054682016372680664
4.262850761413574,417,17789407,0.054616451263427734
4.256860256195068,418,17832170,0.0548243522644043
4.249753475189209,419,17874933,0.05451154708862305
4.220123291015625,420,17917696,0.05459761619567871
4.2202229499816895,421,17960459,0.05446028709411621
4.246010780334473,422,18003222,0.0544734001159668
4.171023368835449,423,18045985,0.05470156669616699
4.24357795715332,424,18088748,0.054819345474243164
4.229488849639893,425,18131511,0.05458998680114746
4.206912994384766,426,18174274,0.054656982421875
4.195520401000977,427,18217037,0.054639339447021484
4.219176292419434,428,18259800,0.05462336540222168
4.254513263702393,429,18302563,0.054529428482055664
4.27527379989624,430,18345326,0.05482149124145508
4.216159820556641,431,18388089,0.05490398406982422
4.194516181945801,432,18430852,0.054706573486328125
4.251793384552002,433,18473615,0.05482983589172363
4.239261150360107,434,18516378,0.05473160743713379
4.184660911560059,435,18559141,0.05453801155090332
4.210877895355225,436,18601904,0.05459737777709961
4.202106952667236,437,18644667,0.05501699447631836
4.278580665588379,438,18687430,0.05465197563171387
4.192630290985107,439,18730193,0.05468869209289551
4.218822002410889,440,18772956,0.05461597442626953
4.218175411224365,441,18815719,0.05471158027648926
4.234311103820801,442,18858482,0.05451011657714844
4.23276948928833,443,18901245,0.054833412170410156
4.222533702850342,444,18944008,0.05473470687866211
4.213077545166016,445,18986771,0.05456089973449707
4.197376251220703,446,19029534,0.05464291572570801
4.201373100280762,447,19072297,0.054619789123535156
4.196342468261719,448,19115060,0.05467724800109863
4.202987194061279,449,19157823,0.05453920364379883
4.216623783111572,450,19200586,0.05472064018249512
4.203798770904541,451,19243349,0.054494619369506836
4.225625991821289,452,19286112,0.05450582504272461
4.189747333526611,453,19328875,0.054704904556274414
4.241888999938965,454,19371638,0.05455374717712402
4.245173454284668,455,19414401,0.05472755432128906
4.239858627319336,456,19457164,0.05469250679016113
4.227074146270752,457,19499927,0.05497908592224121
4.129379749298096,458,19542690,0.054884910583496094
4.201579570770264,459,19585453,0.05472064018249512
4.218936920166016,460,19628216,0.05483579635620117
4.196855068206787,461,19670979,0.05466651916503906
4.233611106872559,462,19713742,0.05474114418029785
4.23268461227417,463,19756505,0.05477094650268555
4.190073013305664,464,19799268,0.05454421043395996
4.208554744720459,465,19842031,0.054659366607666016
4.1768879890441895,466,19884794,0.05469250679016113
4.235148906707764,467,19927557,0.05453133583068848
4.19930362701416,468,19970320,0.05459260940551758
4.2018656730651855,469,20013083,0.05463671684265137
4.188390254974365,470,20055846,0.054729461669921875
4.206018447875977,471,20098609,0.05450439453125
4.220954418182373,472,20141372,0.05485677719116211
4.1733078956604,473,20184135,0.05455183982849121
4.209244728088379,474,20226898,0.05466055870056152
4.220407485961914,475,20269661,0.054619789123535156
4.235396385192871,476,20312424,0.05448102951049805
4.149662494659424,477,20355187,0.05452442169189453
4.202093124389648,478,20397950,0.05455756187438965
4.25232458114624,479,20440713,0.05494332313537598
4.197477340698242,480,20483476,0.05464887619018555
4.206777572631836,481,20526239,0.05480051040649414
4.186318874359131,482,20569002,0.054531097412109375
4.182925701141357,483,20611765,0.05467987060546875
4.191575527191162,484,20654528,0.05458855628967285
4.17771053314209,485,20697291,0.05502057075500488
4.1994547843933105,486,20740054,0.05463743209838867
4.191037654876709,487,20782817,0.05475974082946777
4.144786834716797,488,20825580,0.05465245246887207
4.205356597900391,489,20868343,0.054575443267822266
4.176882266998291,490,20911106,0.05467677116394043
4.1720991134643555,491,20953869,0.054553985595703125
4.248551368713379,492,20996632,0.05464458465576172
4.188750267028809,493,21039395,0.05479025840759277
4.14309549331665,494,21082158,0.05439639091491699
4.196845531463623,495,21124921,0.05470752716064453
4.180721282958984,496,21167684,0.05450606346130371
4.168658256530762,497,21210447,0.05457496643066406
4.182280540466309,498,21253210,0.05451822280883789
4.168192386627197,499,21295973,0.054634809494018555
4.177534580230713,500,21338736,0.05475640296936035
4.1994123458862305,501,21381499,0.05458498001098633
4.185674667358398,502,21424262,0.05661940574645996
4.185763835906982,503,21467025,0.05498790740966797
4.207633018493652,504,21509788,0.05460524559020996
4.188789367675781,505,21552551,0.05444693565368652
4.218425273895264,506,21595314,0.05492830276489258
4.194934368133545,507,21638077,0.05452609062194824
4.1892991065979,508,21680840,0.054551124572753906
4.159999370574951,509,21723603,0.055254220962524414
4.18165922164917,510,21766366,0.054579734802246094
4.217936038970947,511,21809129,0.05450892448425293
4.269369125366211,512,21851892,0.05472874641418457
4.142721652984619,513,21894655,0.05498981475830078
4.215429782867432,514,21937418,0.05474042892456055
4.1801276206970215,515,21980181,0.05446457862854004
4.159308433532715,516,22022944,0.054677486419677734
4.179821014404297,517,22065707,0.05499672889709473
4.16241455078125,518,22108470,0.05461525917053223
4.2231621742248535,519,22151233,0.054586172103881836
4.199044227600098,520,22193996,0.0547182559967041
4.170467376708984,521,22236759,0.05452084541320801
4.187023639678955,522,22279522,0.05455827713012695
4.1586995124816895,523,22322285,0.05517983436584473
4.158373832702637,524,22365048,0.054737091064453125
4.167716026306152,525,22407811,0.0546109676361084
4.195931911468506,526,22450574,0.054579973220825195
4.175138473510742,527,22493337,0.05470156669616699
4.224769592285156,528,22536100,0.054883718490600586
4.202635288238525,529,22578863,0.05469155311584473
4.152116298675537,530,22621626,0.05442047119140625
4.204514980316162,531,22664389,0.05451798439025879
4.164444923400879,532,22707152,0.05491304397583008
4.195460319519043,533,22749915,0.054512739181518555
4.2170729637146,534,22792678,0.05439496040344238
4.180047512054443,535,22835441,0.0545656681060791
4.1656904220581055,536,22878204,0.054579973220825195
4.128322601318359,537,22920967,0.05541229248046875
4.207423210144043,538,22963730,0.054847002029418945
4.190154552459717,539,23006493,0.054619550704956055
4.161678314208984,540,23049256,0.0545346736907959
4.192641258239746,541,23092019,0.055361270904541016
4.1755876541137695,542,23134782,0.054636478424072266
4.183903694152832,543,23177545,0.05435991287231445
4.163663387298584,544,23220308,0.05451059341430664
4.174685955047607,545,23263071,0.05469512939453125
4.166528701782227,546,23305834,0.05442619323730469
4.151764869689941,547,23348597,0.05461430549621582
4.21933126449585,548,23391360,0.05462813377380371
4.158080101013184,549,23434123,0.05460095405578613
4.190306186676025,550,23476886,0.05538296699523926
4.198317527770996,551,23519649,0.05481100082397461
4.186814785003662,552,23562412,0.05443930625915527
4.190021991729736,553,23605175,0.05452847480773926
4.163398742675781,554,23647938,0.05471968650817871
4.184302806854248,555,23690701,0.054831504821777344
4.198863983154297,556,23733464,0.05495095252990723
4.164339065551758,557,23776227,0.05483508110046387
4.17716121673584,558,23818990,0.05452871322631836
4.15169095993042,559,23861753,0.05468916893005371
4.213260650634766,560,23904516,0.05446672439575195
4.17050838470459,561,23947279,0.054872989654541016
4.1812872886657715,562,23990042,0.05469250679016113
4.157437801361084,563,24032805,0.05447888374328613
4.159101486206055,564,24075568,0.05490851402282715
4.142416954040527,565,24118331,0.054474592208862305
4.1876373291015625,566,24161094,0.05449700355529785
4.144453525543213,567,24203857,0.055440664291381836
4.193752765655518,568,24246620,0.05481266975402832
4.14360237121582,569,24289383,0.054518938064575195
4.13723087310791,570,24332146,0.054970741271972656
4.16109561920166,571,24374909,0.054444074630737305
4.172959804534912,572,24417672,0.054454803466796875
4.174706935882568,573,24460435,0.054386138916015625
4.170408248901367,574,24503198,0.0545346736907959
4.167970657348633,575,24545961,0.0545649528503418
4.174777507781982,576,24588724,0.05457925796508789
4.157203197479248,577,24631487,0.054665565490722656
4.175827980041504,578,24674250,0.0551457405090332
4.171706676483154,579,24717013,0.05483531951904297
4.209690570831299,580,24759776,0.05455756187438965
4.150017738342285,581,24802539,0.0548250675201416
4.154060363769531,582,24845302,0.05518531799316406
4.193235397338867,583,24888065,0.054714202880859375
4.114589214324951,584,24930828,0.05460977554321289
4.185542583465576,585,24973591,0.05461692810058594
4.144753932952881,586,25016354,0.0545046329498291
4.1802496910095215,587,25059117,0.0544583797454834
4.15410852432251,588,25101880,0.05453991889953613
4.134155750274658,589,25144643,0.05445671081542969
4.135036468505859,590,25187406,0.05461478233337402
4.15971040725708,591,25230169,0.05448317527770996
4.141886234283447,592,25272932,0.05492424964904785
4.1358323097229,593,25315695,0.05459785461425781
4.153173446655273,594,25358458,0.05432462692260742
4.155198097229004,595,25401221,0.0544734001159668
4.144808292388916,596,25443984,0.05457568168640137
4.169117450714111,597,25486747,0.05471086502075195
4.167885780334473,598,25529510,0.05463242530822754
4.147129058837891,599,25572273,0.05446338653564453
4.143015384674072,600,25615036,0.05550360679626465
4.173732757568359,601,25657799,0.05469036102294922
4.149481296539307,602,25700562,0.05445432662963867
4.1518659591674805,603,25743325,0.05446481704711914
4.159294605255127,604,25786088,0.05456829071044922
4.159631729125977,605,25828851,0.05457711219787598
4.177603721618652,606,25871614,0.05466961860656738
4.116955757141113,607,25914377,0.05446267127990723
4.1634650230407715,608,25957140,0.054419755935668945
4.136025905609131,609,25999903,0.05472517013549805
4.130899429321289,610,26042666,0.05476975440979004
4.169459342956543,611,26085429,0.054808616638183594
4.164766788482666,612,26128192,0.05492377281188965
4.157450199127197,613,26170955,0.05495023727416992
4.190773010253906,614,26213718,0.05573439598083496
4.125802993774414,615,26256481,0.05526566505432129
4.152567386627197,616,26299244,0.055017948150634766
4.193544387817383,617,26342007,0.05495858192443848
4.178153991699219,618,26384770,0.05504417419433594
4.1509199142456055,619,26427533,0.05502152442932129
4.163589954376221,620,26470296,0.05511116981506348
4.15973424911499,621,26513059,0.05517911911010742
4.167881965637207,622,26555822,0.055124521255493164
4.108966827392578,623,26598585,0.055034637451171875
4.193870544433594,624,26641348,0.05535626411437988
4.151177883148193,625,26684111,0.05532431602478027
4.1815505027771,626,26726874,0.05514073371887207
4.146709442138672,627,26769637,0.05515694618225098
4.153148174285889,628,26812400,0.05521035194396973
4.163014888763428,629,26855163,0.05528712272644043
4.177070617675781,630,26897926,0.05525565147399902
4.129096508026123,631,26940689,0.05527901649475098
4.106205463409424,632,26983452,0.0552983283996582
4.15736198425293,633,27026215,0.055576324462890625
4.155910491943359,634,27068978,0.05550742149353027
4.116798400878906,635,27111741,0.055288076400756836
4.130920886993408,636,27154504,0.05542445182800293
4.181567192077637,637,27197267,0.05520963668823242
4.140806674957275,638,27240030,0.05520963668823242
4.1190595626831055,639,27282793,0.05524325370788574
4.126292705535889,640,27325556,0.055275917053222656
4.148273944854736,641,27368319,0.0552976131439209
4.132123947143555,642,27411082,0.056099653244018555
4.121766090393066,643,27453845,0.055669307708740234
4.148697853088379,644,27496608,0.05535697937011719
4.0951247215271,645,27539371,0.055544137954711914
4.149677276611328,646,27582134,0.05540871620178223
4.130814075469971,647,27624897,0.055470943450927734
4.1142425537109375,648,27667660,0.055413246154785156
4.135932922363281,649,27710423,0.05530047416687012
4.140994071960449,650,27753186,0.05521845817565918
4.126180648803711,651,27795949,0.05521392822265625
4.15381383895874,652,27838712,0.0552058219909668
4.147307872772217,653,27881475,0.055333852767944336
4.136401653289795,654,27924238,0.05531477928161621
4.163939476013184,655,27967001,0.054856061935424805
4.1385722160339355,656,28009764,0.055211544036865234
4.132498741149902,657,28052527,0.05524635314941406
4.146906852722168,658,28095290,0.0554652214050293
4.195418834686279,659,28138053,0.0552973747253418
4.143747806549072,660,28180816,0.05546259880065918
4.140960693359375,661,28223579,0.05567216873168945
4.134769439697266,662,28266342,0.055136680603027344
4.162847518920898,663,28309105,0.05534529685974121
4.123641490936279,664,28351868,0.055197715759277344
4.103899002075195,665,28394631,0.055292606353759766
4.113551139831543,666,28437394,0.05522632598876953
4.125273704528809,667,28480157,0.055240631103515625
4.072204113006592,668,28522920,0.05485844612121582
4.128983497619629,669,28565683,0.05504894256591797
4.099886417388916,670,28608446,0.05530691146850586
4.114847183227539,671,28651209,0.05529642105102539
4.106317520141602,672,28693972,0.05542302131652832
4.1420464515686035,673,28736735,0.05506086349487305
4.088831901550293,674,28779498,0.05501961708068848
4.141165733337402,675,28822261,0.05527687072753906
4.1170244216918945,676,28865024,0.05503511428833008
4.137603759765625,677,28907787,0.055086374282836914
4.100728988647461,678,28950550,0.05534720420837402
4.121760845184326,679,28993313,0.05516409873962402
4.099851608276367,680,29036076,0.05521416664123535
4.091767311096191,681,29078839,0.05518198013305664
4.1417155265808105,682,29121602,0.05515694618225098
4.120060920715332,683,29164365,0.05494189262390137
4.074594020843506,684,29207128,0.05557394027709961
4.142114639282227,685,29249891,0.05530238151550293
4.125635623931885,686,29292654,0.05502653121948242
4.097679138183594,687,29335417,0.0547335147857666
4.1105170249938965,688,29378180,0.05478692054748535
4.126297473907471,689,29420943,0.0551145076751709
4.115546703338623,690,29463706,0.0552067756652832
4.132953643798828,691,29506469,0.055222511291503906
4.158477783203125,692,29549232,0.05524253845214844
4.073057651519775,693,29591995,0.055459022521972656
4.120669364929199,694,29634758,0.05504751205444336
4.124246120452881,695,29677521,0.0552058219909668
4.196858882904053,696,29720284,0.05603623390197754
4.152099609375,697,29763047,0.0555272102355957
4.12112283706665,698,29805810,0.05521368980407715
4.119213581085205,699,29848573,0.054843902587890625
4.1415815353393555,700,29891336,0.0550692081451416
4.139124870300293,701,29934099,0.05470466613769531
4.091001510620117,702,29976862,0.05486321449279785
4.099249362945557,703,30019625,0.05476951599121094
4.159174919128418,704,30062388,0.05485653877258301
4.110874176025391,705,30105151,0.054599761962890625
4.144278049468994,706,30147914,0.05488324165344238
4.079080581665039,707,30190677,0.05493044853210449
4.115407466888428,708,30233440,0.054900407791137695
4.1102166175842285,709,30276203,0.05501437187194824
4.089985370635986,710,30318966,0.05506467819213867
4.108554363250732,711,30361729,0.05489969253540039
4.114921569824219,712,30404492,0.05494356155395508
4.096926689147949,713,30447255,0.054682254791259766
4.083921909332275,714,30490018,0.05497622489929199
4.075933456420898,715,30532781,0.0550074577331543
4.127664089202881,716,30575544,0.054971933364868164
4.1325273513793945,717,30618307,0.055158138275146484
4.132938385009766,718,30661070,0.05518054962158203
4.079346656799316,719,30703833,0.055132150650024414
4.122631549835205,720,30746596,0.055953025817871094
4.126434803009033,721,30789359,0.05549216270446777
4.1219282150268555,722,30832122,0.05511951446533203
4.114996433258057,723,30874885,0.05523681640625
4.141193866729736,724,30917648,0.05522942543029785
4.130003452301025,725,30960411,0.0553889274597168
4.131330966949463,726,31003174,0.05476522445678711
4.08488655090332,727,31045937,0.05524492263793945
4.07096529006958,728,31088700,0.05506396293640137
4.099496841430664,729,31131463,0.05524945259094238
4.130640029907227,730,31174226,0.05549788475036621
4.08824348449707,731,31216989,0.05491971969604492
4.111433029174805,732,31259752,0.05498075485229492
4.1117634773254395,733,31302515,0.05527925491333008
4.127651214599609,734,31345278,0.05487060546875
4.147017478942871,735,31388041,0.055077552795410156
4.125085353851318,736,31430804,0.05562734603881836
4.130115985870361,737,31473567,0.0553433895111084
4.129945278167725,738,31516330,0.055383920669555664
4.141014099121094,739,31559093,0.05540180206298828
4.099939346313477,740,31601856,0.05482816696166992
4.12890100479126,741,31644619,0.05520796775817871
4.115250110626221,742,31687382,0.05515480041503906
4.086348056793213,743,31730145,0.05522489547729492
4.132592678070068,744,31772908,0.054735660552978516
4.099462509155273,745,31815671,0.05522799491882324
4.08112907409668,746,31858434,0.054630279541015625
4.123614311218262,747,31901197,0.055266380310058594
4.155749797821045,748,31943960,0.055264949798583984
4.113734722137451,749,31986723,0.05511021614074707
4.093905925750732,750,32029486,0.054816484451293945
4.150181293487549,751,32072249,0.05549192428588867
4.133615970611572,752,32115012,0.05527925491333008
4.092382431030273,753,32157775,0.0550692081451416
4.112539291381836,754,32200538,0.05513715744018555
4.129145622253418,755,32243301,0.05518150329589844
4.12636137008667,756,32286064,0.05549931526184082
4.115840911865234,757,32328827,0.05491495132446289
4.148510932922363,758,32371590,0.05502676963806152
4.113784313201904,759,32414353,0.055245161056518555
4.108770847320557,760,32457116,0.05517077445983887
4.086977958679199,761,32499879,0.05531787872314453
4.124355316162109,762,32542642,0.05513358116149902
4.1472554206848145,763,32585405,0.055201053619384766
4.1216044425964355,764,32628168,0.055020809173583984
4.120666980743408,765,32670931,0.055333614349365234
4.13742208480835,766,32713694,0.05524778366088867
4.141340732574463,767,32756457,0.056268930435180664
4.166857719421387,768,32799220,0.05534553527832031
4.078046798706055,769,32841983,0.05504727363586426
4.119509220123291,770,32884746,0.0552668571472168
4.122976303100586,771,32927509,0.055333614349365234
4.09214448928833,772,32970272,0.05531144142150879
4.097733974456787,773,33013035,0.0552515983581543
4.135850429534912,774,33055798,0.05524182319641113
4.114871025085449,775,33098561,0.05536818504333496
4.100002288818359,776,33141324,0.05537271499633789
4.098443031311035,777,33184087,0.05528879165649414
4.075812339782715,778,33226850,0.055169105529785156
4.063076019287109,779,33269613,0.05475163459777832
4.105650901794434,780,33312376,0.05511927604675293
4.132176876068115,781,33355139,0.05472707748413086
4.100802898406982,782,33397902,0.05517840385437012
4.103229522705078,783,33440665,0.05535531044006348
4.113407135009766,784,33483428,0.05532383918762207
4.092949867248535,785,33526191,0.05529379844665527
4.105135917663574,786,33568954,0.05537223815917969
4.054710865020752,787,33611717,0.054953575134277344
4.09245491027832,788,33654480,0.055108070373535156
4.127108573913574,789,33697243,0.05487632751464844
4.109845161437988,790,33740006,0.0550234317779541
4.137017250061035,791,33782769,0.054807186126708984
4.10066032409668,792,33825532,0.055031776428222656
4.092742919921875,793,33868295,0.055056095123291016
4.047585964202881,794,33911058,0.0549008846282959
4.099250316619873,795,33953821,0.055281639099121094
4.0904622077941895,796,33996584,0.05522608757019043
4.114870548248291,797,34039347,0.055205345153808594
4.096342086791992,798,34082110,0.05596780776977539
4.11355447769165,799,34124873,0.05515241622924805
4.0780463218688965,800,34167636,0.05473804473876953
4.110379219055176,801,34210399,0.05499529838562012
4.083975315093994,802,34253162,0.0547337532043457
4.137446880340576,803,34295925,0.05497407913208008
4.105920791625977,804,34338688,0.055001020431518555
4.127390384674072,805,34381451,0.05502605438232422
4.106296539306641,806,34424214,0.05490899085998535
4.080442428588867,807,34466977,0.05500030517578125
4.091329097747803,808,34509740,0.05453228950500488
4.12310791015625,809,34552503,0.05500292778015137
4.094882965087891,810,34595266,0.055204153060913086
4.095427989959717,811,34638029,0.05940365791320801
4.14098596572876,812,34680792,0.06067538261413574
4.094285011291504,813,34723555,0.06009984016418457
4.092672348022461,814,34766318,0.06016659736633301
4.144229412078857,815,34809081,0.060918331146240234
4.1060333251953125,816,34851844,0.05881690979003906
4.117284297943115,817,34894607,0.0583803653717041
4.062817096710205,818,34937370,0.05939221382141113
4.085379600524902,819,34980133,0.06006455421447754
4.084928035736084,820,35022896,0.05968618392944336
4.0731730461120605,821,35065659,0.05991959571838379
4.111359596252441,822,35108422,0.0576024055480957
4.106814861297607,823,35151185,0.05763506889343262
4.097814083099365,824,35193948,0.058983564376831055
4.114488124847412,825,35236711,0.06067824363708496
4.095646381378174,826,35279474,0.05892443656921387
4.051370143890381,827,35322237,0.05962085723876953
4.101232528686523,828,35365000,0.057759761810302734
4.142887115478516,829,35407763,0.05862712860107422
4.083744049072266,830,35450526,0.06008410453796387
4.091224193572998,831,35493289,0.05814862251281738
4.085027694702148,832,35536052,0.05907559394836426
4.1488847732543945,833,35578815,0.05820631980895996
4.099404335021973,834,35621578,0.05786776542663574
4.08294153213501,835,35664341,0.05844688415527344
4.095274448394775,836,35707104,0.05876946449279785
4.0316243171691895,837,35749867,0.0580751895904541
4.064816474914551,838,35792630,0.058676958084106445
4.110725402832031,839,35835393,0.05771017074584961
4.126849174499512,840,35878156,0.0579683780670166
4.120954990386963,841,35920919,0.05911993980407715
4.116402626037598,842,35963682,0.05808591842651367
4.098050117492676,843,36006445,0.05797290802001953
4.106199264526367,844,36049208,0.05800318717956543
4.075723648071289,845,36091971,0.0596921443939209
4.0736002922058105,846,36134734,0.055640220642089844
4.0715532302856445,847,36177497,0.055980682373046875
4.12151575088501,848,36220260,0.05633425712585449
4.134045124053955,849,36263023,0.05664563179016113
4.098546504974365,850,36305786,0.0555574893951416
4.083327770233154,851,36348549,0.055281639099121094
4.113735198974609,852,36391312,0.055347442626953125
4.108558177947998,853,36434075,0.055104970932006836
4.105921745300293,854,36476838,0.05540776252746582
4.0697174072265625,855,36519601,0.05537915229797363
4.135170936584473,856,36562364,0.05637359619140625
4.0876240730285645,857,36605127,0.05555152893066406
4.132277965545654,858,36647890,0.05532073974609375
4.1081647872924805,859,36690653,0.05490422248840332
4.1110382080078125,860,36733416,0.0561676025390625
4.077038288116455,861,36776179,0.05576801300048828
4.112760066986084,862,36818942,0.05526328086853027
4.108590126037598,863,36861705,0.05489540100097656
4.095973491668701,864,36904468,0.055066585540771484
4.131715774536133,865,36947231,0.05620074272155762
4.071502208709717,866,36989994,0.05562925338745117
4.136770725250244,867,37032757,0.055951595306396484
4.08897590637207,868,37075520,0.056771039962768555
4.1094207763671875,869,37118283,0.05585360527038574
4.087836265563965,870,37161046,0.05524134635925293
4.083765983581543,871,37203809,0.05623173713684082
4.117995738983154,872,37246572,0.05537533760070801
4.11714506149292,873,37289335,0.055472612380981445
4.095183372497559,874,37332098,0.055338382720947266
4.135873317718506,875,37374861,0.05535387992858887
4.1306471824646,876,37417624,0.05521750450134277
4.047575950622559,877,37460387,0.055234432220458984
4.135892868041992,878,37503150,0.05492663383483887
4.114660739898682,879,37545913,0.056180477142333984
4.088542461395264,880,37588676,0.0558624267578125
4.078537940979004,881,37631439,0.05540180206298828
4.1182146072387695,882,37674202,0.05599379539489746
4.129761219024658,883,37716965,0.05524468421936035
4.053955554962158,884,37759728,0.05702352523803711
4.054855823516846,885,37802491,0.05556011199951172
4.088186740875244,886,37845254,0.055715322494506836
4.099679946899414,887,37888017,0.056789398193359375
4.086341381072998,888,37930780,0.05513882637023926
4.10426664352417,889,37973543,0.055243492126464844
4.084757328033447,890,38016306,0.05521345138549805
4.080933570861816,891,38059069,0.05728864669799805
4.087010860443115,892,38101832,0.05528879165649414
4.050301551818848,893,38144595,0.05534934997558594
4.0726423263549805,894,38187358,0.05477333068847656
4.107919692993164,895,38230121,0.05952930450439453
4.115216255187988,896,38272884,0.057598114013671875
4.117405414581299,897,38315647,0.0555264949798584
4.129771709442139,898,38358410,0.05862927436828613
4.118017673492432,899,38401173,0.05590510368347168
4.068765163421631,900,38443936,0.055724382400512695
4.079504489898682,901,38486699,0.05674123764038086
4.1184587478637695,902,38529462,0.05551934242248535
4.102498531341553,903,38572225,0.057753801345825195
4.07822322845459,904,38614988,0.055206298828125
4.079023838043213,905,38657751,0.05573749542236328
4.04171895980835,906,38700514,0.057363271713256836
4.083601951599121,907,38743277,0.0564427375793457
4.080439567565918,908,38786040,0.0556483268737793
4.094769477844238,909,38828803,0.055032968521118164
4.080911636352539,910,38871566,0.0545351505279541
4.053633213043213,911,38914329,0.05503392219543457
4.101983547210693,912,38957092,0.055811166763305664
4.093569755554199,913,38999855,0.05620932579040527
4.086973667144775,914,39042618,0.05529594421386719
4.133174896240234,915,39085381,0.0553135871887207
4.061502933502197,916,39128144,0.055338382720947266
4.068771839141846,917,39170907,0.05551314353942871
4.115610599517822,918,39213670,0.055444955825805664
4.089099884033203,919,39256433,0.05532026290893555
4.074789524078369,920,39299196,0.05542302131652832
4.079353332519531,921,39341959,0.05542135238647461
4.075046062469482,922,39384722,0.05570483207702637
4.079746246337891,923,39427485,0.05533432960510254
4.149142265319824,924,39470248,0.05545759201049805
4.092947959899902,925,39513011,0.05568337440490723
4.083602428436279,926,39555774,0.05546164512634277
4.097867488861084,927,39598537,0.055373430252075195
4.146958351135254,928,39641300,0.05553102493286133
4.058370113372803,929,39684063,0.05526542663574219
4.093389511108398,930,39726826,0.055496931076049805
4.0688090324401855,931,39769589,0.05552220344543457
4.104930400848389,932,39812352,0.055332183837890625
4.09702730178833,933,39855115,0.055414438247680664
4.107450485229492,934,39897878,0.0554349422454834
4.092404842376709,935,39940641,0.05510401725769043
4.125288009643555,936,39983404,0.055475473403930664
4.052924156188965,937,40026167,0.05510997772216797
4.102278232574463,938,40068930,0.05544543266296387
4.027314186096191,939,40111693,0.0555269718170166
4.076384544372559,940,40154456,0.05538821220397949
4.048290729522705,941,40197219,0.05532693862915039
4.0611677169799805,942,40239982,0.055292606353759766
4.090364456176758,943,40282745,0.055176734924316406
4.041277885437012,944,40325508,0.0553746223449707
4.117325782775879,945,40368271,0.055231332778930664
4.102331161499023,946,40411034,0.05517458915710449
4.073516368865967,947,40453797,0.05525684356689453
4.069799900054932,948,40496560,0.055547237396240234
4.067259788513184,949,40539323,0.0551908016204834
4.0355095863342285,950,40582086,0.0554509162902832
4.099977493286133,951,40624849,0.05509328842163086
4.089938163757324,952,40667612,0.05529665946960449
4.098495960235596,953,40710375,0.05501127243041992
4.070935249328613,954,40753138,0.05532217025756836
4.07568359375,955,40795901,0.05523800849914551
4.053865909576416,956,40838664,0.05529332160949707
4.106520175933838,957,40881427,0.05544304847717285
4.079161167144775,958,40924190,0.055297136306762695
4.107800006866455,959,40966953,0.05531620979309082
4.096184253692627,960,41009716,0.055113792419433594
4.063591003417969,961,41052479,0.055281639099121094
4.082560062408447,962,41095242,0.05501914024353027
4.047727584838867,963,41138005,0.05511760711669922
4.0951409339904785,964,41180768,0.05518937110900879
4.064090251922607,965,41223531,0.055428266525268555
4.076617240905762,966,41266294,0.05536222457885742
4.0692949295043945,967,41309057,0.05545687675476074
4.093689918518066,968,41351820,0.05533957481384277
4.110581874847412,969,41394583,0.05503487586975098
4.078566074371338,970,41437346,0.054962873458862305
4.081323623657227,971,41480109,0.05518913269042969
4.086795806884766,972,41522872,0.054965972900390625
4.052091121673584,973,41565635,0.05524635314941406
4.044504642486572,974,41608398,0.056269168853759766
4.05911111831665,975,41651161,0.05540156364440918
4.08756160736084,976,41693924,0.05533194541931152
4.0828328132629395,977,41736687,0.055321693420410156
4.08921480178833,978,41779450,0.05527949333190918
4.109489917755127,979,41822213,0.055373191833496094
4.07042121887207,980,41864976,0.05539989471435547
4.050090789794922,981,41907739,0.055493831634521484
4.062504291534424,982,41950502,0.05542922019958496
4.104121208190918,983,41993265,0.05537819862365723
4.085237503051758,984,42036028,0.054901838302612305
4.089209079742432,985,42078791,0.05527091026306152
4.090238094329834,986,42121554,0.054998159408569336
4.085649013519287,987,42164317,0.055257558822631836
4.123549938201904,988,42207080,0.055268049240112305
4.08690071105957,989,42249843,0.055242061614990234
4.111914157867432,990,42292606,0.055262088775634766
4.092737674713135,991,42335369,0.05536198616027832
4.056837558746338,992,42378132,0.05548906326293945
4.065987586975098,993,42420895,0.0551304817199707
4.103076934814453,994,42463658,0.05533719062805176
4.116865634918213,995,42506421,0.05516195297241211
4.12999963760376,996,42549184,0.05537605285644531
4.0607805252075195,997,42591947,0.05504274368286133
4.098565578460693,998,42634710,0.055371761322021484
4.108658790588379,999,42677473,0.055407047271728516
4.078909873962402,1000,42720236,0.055092573165893555
4.051684856414795,1001,42762999,0.05536484718322754
4.046631336212158,1002,42805762,0.05639505386352539
4.0659918785095215,1003,42848525,0.05524587631225586
4.100114822387695,1004,42891288,0.05532550811767578
4.054711818695068,1005,42934051,0.05529046058654785
4.0738420486450195,1006,42976814,0.05515336990356445
4.078250408172607,1007,43019577,0.05527997016906738
4.085933685302734,1008,43062340,0.05606722831726074
4.072518348693848,1009,43105103,0.055418968200683594
4.070313453674316,1010,43147866,0.055162668228149414
4.073635578155518,1011,43190629,0.05541825294494629
4.066073894500732,1012,43233392,0.055265188217163086
4.080239772796631,1013,43276155,0.055165767669677734
4.068271160125732,1014,43318918,0.05515861511230469
4.064030647277832,1015,43361681,0.05547189712524414
4.074143886566162,1016,43404444,0.055245161056518555
4.0750322341918945,1017,43447207,0.05527520179748535
4.077957630157471,1018,43489970,0.056095123291015625
4.0719451904296875,1019,43532733,0.055333614349365234
4.039968490600586,1020,43575496,0.05529069900512695
4.081009864807129,1021,43618259,0.055065155029296875
4.115024566650391,1022,43661022,0.05598258972167969
4.070632457733154,1023,43703785,0.05525565147399902
4.047781944274902,1024,43746548,0.05499577522277832
4.09154748916626,1025,43789311,0.05521345138549805
4.0556840896606445,1026,43832074,0.05555081367492676
4.061218738555908,1027,43874837,0.055106401443481445
4.066640377044678,1028,43917600,0.05602145195007324
4.07279634475708,1029,43960363,0.055480241775512695
4.073421955108643,1030,44003126,0.05515480041503906
4.040750503540039,1031,44045889,0.05510902404785156
4.083284378051758,1032,44088652,0.055504560470581055
4.065948486328125,1033,44131415,0.05518674850463867
4.031416893005371,1034,44174178,0.05551767349243164
4.084733963012695,1035,44216941,0.0559232234954834
4.068509578704834,1036,44259704,0.05525350570678711
4.08347749710083,1037,44302467,0.05485677719116211
4.087282180786133,1038,44345230,0.05490517616271973
4.017810344696045,1039,44387993,0.05613994598388672
4.0508527755737305,1040,44430756,0.05517125129699707
4.059123992919922,1041,44473519,0.0549163818359375
4.07928991317749,1042,44516282,0.05465221405029297
4.049300670623779,1043,44559045,0.054656267166137695
4.0659871101379395,1044,44601808,0.05447840690612793
4.0819292068481445,1045,44644571,0.0545499324798584
4.095834732055664,1046,44687334,0.054636478424072266
4.062736988067627,1047,44730097,0.05467343330383301
4.099474906921387,1048,44772860,0.05513358116149902
4.088940143585205,1049,44815623,0.054644107818603516
4.0918803215026855,1050,44858386,0.05450081825256348
4.046725749969482,1051,44901149,0.05489301681518555
4.033488750457764,1052,44943912,0.054946184158325195
4.139379978179932,1053,44986675,0.05455589294433594
4.0374369621276855,1054,45029438,0.05462789535522461
4.083706855773926,1055,45072201,0.05455160140991211
4.060098648071289,1056,45114964,0.05469012260437012
4.052914142608643,1057,45157727,0.0549774169921875
4.105984210968018,1058,45200490,0.05462956428527832
4.0711164474487305,1059,45243253,0.05450868606567383
4.085333347320557,1060,45286016,0.05452108383178711
4.088159561157227,1061,45328779,0.054544925689697266
4.0895161628723145,1062,45371542,0.055565595626831055
4.0749993324279785,1063,45414305,0.054535627365112305
4.098049163818359,1064,45457068,0.05469703674316406
4.075895309448242,1065,45499831,0.05446958541870117
4.0933685302734375,1066,45542594,0.05457949638366699
4.086507320404053,1067,45585357,0.05458879470825195
4.0803542137146,1068,45628120,0.0546112060546875
4.061343193054199,1069,45670883,0.054450273513793945
4.082388401031494,1070,45713646,0.05456352233886719
4.071598052978516,1071,45756409,0.05511808395385742
4.041653633117676,1072,45799172,0.054876089096069336
4.0691704750061035,1073,45841935,0.0544130802154541
4.062708854675293,1074,45884698,0.0545201301574707
4.044612884521484,1075,45927461,0.05451011657714844
4.072556972503662,1076,45970224,0.05449795722961426
4.125267028808594,1077,46012987,0.05476880073547363
4.1140546798706055,1078,46055750,0.05486345291137695
4.098747253417969,1079,46098513,0.054601430892944336
4.043168067932129,1080,46141276,0.05453062057495117
4.125870227813721,1081,46184039,0.054489850997924805
4.011562824249268,1082,46226802,0.05471062660217285
4.079023838043213,1083,46269565,0.054553985595703125
4.041301727294922,1084,46312328,0.054631710052490234
4.051673889160156,1085,46355091,0.054700613021850586
4.032814979553223,1086,46397854,0.05442500114440918
4.093696117401123,1087,46440617,0.05453062057495117
4.076803207397461,1088,46483380,0.05570030212402344
4.091742515563965,1089,46526143,0.05527901649475098
4.050601482391357,1090,46568906,0.05475616455078125
4.056216716766357,1091,46611669,0.054523468017578125
4.028340816497803,1092,46654432,0.05480551719665527
4.058708667755127,1093,46697195,0.05491280555725098
4.08367395401001,1094,46739958,0.05437898635864258
4.07138204574585,1095,46782721,0.05455303192138672
4.087359428405762,1096,46825484,0.05469703674316406
4.049901008605957,1097,46868247,0.054644107818603516
4.083456516265869,1098,46911010,0.054561614990234375
4.0654730796813965,1099,46953773,0.055199623107910156
4.060563564300537,1100,46996536,0.05494546890258789
4.047763347625732,1101,47039299,0.0543980598449707
4.066689968109131,1102,47082062,0.05463218688964844
4.061915874481201,1103,47124825,0.05462479591369629
4.057569980621338,1104,47167588,0.05451250076293945
4.076462268829346,1105,47210351,0.054579734802246094
4.077126979827881,1106,47253114,0.05482077598571777
4.050966739654541,1107,47295877,0.054796695709228516
4.083720684051514,1108,47338640,0.054398536682128906
4.0699782371521,1109,47381403,0.0547182559967041
4.062093257904053,1110,47424166,0.05472087860107422
4.046891689300537,1111,47466929,0.05471968650817871
4.0764384269714355,1112,47509692,0.054752349853515625
4.098705768585205,1113,47552455,0.05454444885253906
4.071478843688965,1114,47595218,0.054682016372680664
4.063554286956787,1115,47637981,0.05452156066894531
4.0203022956848145,1116,47680744,0.05444478988647461
4.062233924865723,1117,47723507,0.05493307113647461
4.081941604614258,1118,47766270,0.05449533462524414
4.066573619842529,1119,47809033,0.05583906173706055
4.051275253295898,1120,47851796,0.055078983306884766
4.055955410003662,1121,47894559,0.05455470085144043
4.043272018432617,1122,47937322,0.0544126033782959
4.096748352050781,1123,47980085,0.05444073677062988
4.074657440185547,1124,48022848,0.05454421043395996
4.037421703338623,1125,48065611,0.05446195602416992
4.064147472381592,1126,48108374,0.05466103553771973
4.033510208129883,1127,48151137,0.054529428482055664
4.086143970489502,1128,48193900,0.054627180099487305
4.0758376121521,1129,48236663,0.0546112060546875
4.066877365112305,1130,48279426,0.05442070960998535
4.096990585327148,1131,48322189,0.054540395736694336
4.077058792114258,1132,48364952,0.05542778968811035
4.0556206703186035,1133,48407715,0.05541586875915527
4.056753635406494,1134,48450478,0.05487179756164551
4.068599700927734,1135,48493241,0.05443429946899414
4.067697048187256,1136,48536004,0.054447174072265625
4.0757527351379395,1137,48578767,0.05467534065246582
4.103147029876709,1138,48621530,0.054479122161865234
4.046106338500977,1139,48664293,0.054518699645996094
4.028806686401367,1140,48707056,0.05450892448425293
4.077394008636475,1141,48749819,0.05467486381530762
4.09604549407959,1142,48792582,0.054990291595458984
4.069459438323975,1143,48835345,0.054630279541015625
4.045923709869385,1144,48878108,0.054514408111572266
4.08224630355835,1145,48920871,0.05452394485473633
4.089275360107422,1146,48963634,0.05463767051696777
4.065256595611572,1147,49006397,0.05468344688415527
4.074491500854492,1148,49049160,0.05433988571166992
4.060342311859131,1149,49091923,0.054678916931152344
4.081840515136719,1150,49134686,0.054819583892822266
4.073453426361084,1151,49177449,0.054581642150878906
4.063556671142578,1152,49220212,0.05454730987548828
4.070891857147217,1153,49262975,0.05448794364929199
4.083238124847412,1154,49305738,0.054630279541015625
4.034790992736816,1155,49348501,0.054498910903930664
4.060766220092773,1156,49391264,0.05444955825805664
4.093992710113525,1157,49434027,0.0559844970703125
4.062973499298096,1158,49476790,0.05496525764465332
4.071479320526123,1159,49519553,0.05479907989501953
4.075028419494629,1160,49562316,0.05458641052246094
4.113597393035889,1161,49605079,0.0545194149017334
4.090611457824707,1162,49647842,0.05435800552368164
4.050398349761963,1163,49690605,0.05453181266784668
4.120160102844238,1164,49733368,0.05451250076293945
4.0380778312683105,1165,49776131,0.054694414138793945
4.072615623474121,1166,49818894,0.054373741149902344
4.052242755889893,1167,49861657,0.054482221603393555
4.0676679611206055,1168,49904420,0.05444979667663574
4.076885223388672,1169,49947183,0.05449080467224121
4.063000202178955,1170,49989946,0.05464887619018555
4.076615333557129,1171,50032709,0.05452322959899902
4.058372497558594,1172,50075472,0.05456876754760742
4.044991970062256,1173,50118235,0.05521512031555176
4.074271202087402,1174,50160998,0.0547943115234375
4.044808864593506,1175,50203761,0.05453991889953613
4.072267055511475,1176,50246524,0.05469965934753418
4.067992210388184,1177,50289287,0.05453968048095703
4.0693039894104,1178,50332050,0.05462169647216797
4.025351047515869,1179,50374813,0.054918766021728516
4.092507839202881,1180,50417576,0.05455780029296875
4.046515941619873,1181,50460339,0.054543495178222656
4.044327259063721,1182,50503102,0.054800987243652344
4.065064907073975,1183,50545865,0.054714202880859375
4.0261616706848145,1184,50588628,0.05453062057495117
4.056779384613037,1185,50631391,0.05472397804260254
4.056176662445068,1186,50674154,0.05486774444580078
4.072317123413086,1187,50716917,0.054711341857910156
4.060482025146484,1188,50759680,0.054442405700683594
4.0605034828186035,1189,50802443,0.05464339256286621
4.0846686363220215,1190,50845206,0.054566144943237305
4.065239429473877,1191,50887969,0.054479122161865234
4.035857200622559,1192,50930732,0.054570913314819336
4.087432384490967,1193,50973495,0.05507612228393555
4.000528812408447,1194,51016258,0.05471992492675781
4.0512166023254395,1195,51059021,0.05453062057495117
4.068118572235107,1196,51101784,0.05442929267883301
4.064063549041748,1197,51144547,0.05446314811706543
4.066057205200195,1198,51187310,0.05457162857055664
4.064296722412109,1199,51230073,0.054627418518066406
4.053287982940674,1200,51272836,0.054685115814208984
4.08328104019165,1201,51315599,0.05438089370727539
4.049178123474121,1202,51358362,0.054462432861328125
4.04867696762085,1203,51401125,0.0557863712310791
4.0763654708862305,1204,51443888,0.05482292175292969
4.073442459106445,1205,51486651,0.054491281509399414
4.065178394317627,1206,51529414,0.054576873779296875
4.07652473449707,1207,51572177,0.05469512939453125
4.074254989624023,1208,51614940,0.05463671684265137
4.087706089019775,1209,51657703,0.05457282066345215
4.050506114959717,1210,51700466,0.05442214012145996
4.023102760314941,1211,51743229,0.05454421043395996
4.044488906860352,1212,51785992,0.05519533157348633
4.063748836517334,1213,51828755,0.05511307716369629
4.045589447021484,1214,51871518,0.05493783950805664
4.102072715759277,1215,51914281,0.05502152442932129
4.07010555267334,1216,51957044,0.054970502853393555
4.061047077178955,1217,51999807,0.0547940731048584
4.089925289154053,1218,52042570,0.055028676986694336
4.08518648147583,1219,52085333,0.055036306381225586
4.079486846923828,1220,52128096,0.05494284629821777
4.052018165588379,1221,52170859,0.05501842498779297
4.0812788009643555,1222,52213622,0.05588340759277344
4.070995330810547,1223,52256385,0.0554957389831543
4.054579734802246,1224,52299148,0.055205345153808594
4.0849480628967285,1225,52341911,0.05512666702270508
4.025149822235107,1226,52384674,0.055211544036865234
4.034607887268066,1227,52427437,0.05516457557678223
4.082212924957275,1228,52470200,0.05524563789367676
4.085375785827637,1229,52512963,0.055264949798583984
4.020163536071777,1230,52555726,0.055339813232421875
4.053129196166992,1231,52598489,0.055127620697021484
4.058382511138916,1232,52641252,0.05524730682373047
4.043997287750244,1233,52684015,0.05523872375488281
4.046092987060547,1234,52726778,0.05543947219848633
4.014221668243408,1235,52769541,0.055450439453125
4.064191818237305,1236,52812304,0.055350542068481445
4.084729194641113,1237,52855067,0.055081844329833984
4.051237106323242,1238,52897830,0.0550994873046875
4.084170818328857,1239,52940593,0.05527973175048828
4.048157691955566,1240,52983356,0.05516195297241211
4.038357257843018,1241,53026119,0.05518054962158203
4.093822956085205,1242,53068882,0.05547499656677246
4.081607341766357,1243,53111645,0.05512547492980957
4.040501594543457,1244,53154408,0.0551607608795166
4.058619499206543,1245,53197171,0.055161476135253906
4.053558826446533,1246,53239934,0.05555605888366699
4.043994426727295,1247,53282697,0.05518651008605957
4.0756354331970215,1248,53325460,0.05521965026855469
4.043214321136475,1249,53368223,0.05541849136352539
4.0942535400390625,1250,53410986,0.05540323257446289
4.042171478271484,1251,53453749,0.05518841743469238
4.059621810913086,1252,53496512,0.055193424224853516
4.02127742767334,1253,53539275,0.05529212951660156
4.071732997894287,1254,53582038,0.05525684356689453
4.0680766105651855,1255,53624801,0.055147409439086914
4.048141956329346,1256,53667564,0.0554509162902832
4.079108238220215,1257,53710327,0.056760311126708984
4.077701091766357,1258,53753090,0.05539703369140625
4.067831039428711,1259,53795853,0.05523538589477539
4.053842544555664,1260,53838616,0.054741621017456055
4.054736614227295,1261,53881379,0.05520296096801758
4.031604290008545,1262,53924142,0.05509495735168457
4.038464069366455,1263,53966905,0.05490517616271973
4.034549236297607,1264,54009668,0.054944515228271484
4.035159111022949,1265,54052431,0.055177927017211914
4.084691524505615,1266,54095194,0.054776668548583984
3.9947590827941895,1267,54137957,0.0553743839263916
4.038262367248535,1268,54180720,0.05519890785217285
4.068501949310303,1269,54223483,0.0552523136138916
4.026122093200684,1270,54266246,0.05519866943359375
4.0529327392578125,1271,54309009,0.05508136749267578
4.066708564758301,1272,54351772,0.055431365966796875
4.077462196350098,1273,54394535,0.055301666259765625
4.06851863861084,1274,54437298,0.055166006088256836
4.054604530334473,1275,54480061,0.05518651008605957
4.045793056488037,1276,54522824,0.055220603942871094
4.0317277908325195,1277,54565587,0.0553743839263916
4.023143291473389,1278,54608350,0.054810523986816406
4.098389625549316,1279,54651113,0.05530190467834473
4.034880638122559,1280,54693876,0.05574512481689453
4.051547050476074,1281,54736639,0.055533409118652344
4.062005043029785,1282,54779402,0.055090904235839844
4.048635959625244,1283,54822165,0.05535316467285156
4.0830397605896,1284,54864928,0.05524802207946777
4.033929347991943,1285,54907691,0.05523228645324707
4.053702354431152,1286,54950454,0.05534029006958008
4.030108451843262,1287,54993217,0.05527043342590332
4.060338497161865,1288,55035980,0.055423736572265625
4.0806379318237305,1289,55078743,0.05506134033203125
4.0432353019714355,1290,55121506,0.055315256118774414
4.034571647644043,1291,55164269,0.05507063865661621
4.064620494842529,1292,55207032,0.054952383041381836
4.0453081130981445,1293,55249795,0.05556011199951172
4.098923683166504,1294,55292558,0.05553579330444336
4.05159854888916,1295,55335321,0.05516695976257324
4.04218864440918,1296,55378084,0.05544304847717285
4.032690048217773,1297,55420847,0.05533409118652344
4.04074239730835,1298,55463610,0.05511903762817383
4.050491809844971,1299,55506373,0.0552220344543457
4.062404632568359,1300,55549136,0.055452585220336914
4.0639166831970215,1301,55591899,0.05508828163146973
4.061425685882568,1302,55634662,0.055287837982177734
4.0654168128967285,1303,55677425,0.05537867546081543
4.046411991119385,1304,55720188,0.055140018463134766
4.070157051086426,1305,55762951,0.05537128448486328
4.067795753479004,1306,55805714,0.05459403991699219
4.094331741333008,1307,55848477,0.05530428886413574
4.014222621917725,1308,55891240,0.05575394630432129
4.033951282501221,1309,55934003,0.0552220344543457
4.053648471832275,1310,55976766,0.05534720420837402
4.031408786773682,1311,56019529,0.055283308029174805
4.057296276092529,1312,56062292,0.05494236946105957
4.072230815887451,1313,56105055,0.055358171463012695
4.044652938842773,1314,56147818,0.05533409118652344
4.0331807136535645,1315,56190581,0.05487418174743652
4.0440263748168945,1316,56233344,0.054886817932128906
4.025732040405273,1317,56276107,0.05458211898803711
4.072041988372803,1318,56318870,0.05492568016052246
4.076612949371338,1319,56361633,0.05500340461730957
4.065830230712891,1320,56404396,0.05468583106994629
4.044821262359619,1321,56447159,0.05484509468078613
4.05910587310791,1322,56489922,0.05645942687988281
4.045759201049805,1323,56532685,0.055361032485961914
4.046379089355469,1324,56575448,0.055006980895996094
4.071353912353516,1325,56618211,0.05466318130493164
4.033292770385742,1326,56660974,0.05491352081298828
4.0229597091674805,1327,56703737,0.055174827575683594
4.028641700744629,1328,56746500,0.055110931396484375
4.076279640197754,1329,56789263,0.05544877052307129
4.033734321594238,1330,56832026,0.05536055564880371
4.067789554595947,1331,56874789,0.05521345138549805
4.061299800872803,1332,56917552,0.05524945259094238
4.089584827423096,1333,56960315,0.05524635314941406
4.064242362976074,1334,57003078,0.055228233337402344
4.058756351470947,1335,57045841,0.05524420738220215
4.052001953125,1336,57088604,0.05532717704772949
4.050553798675537,1337,57131367,0.05534076690673828
4.030338764190674,1338,57174130,0.05514383316040039
4.076717853546143,1339,57216893,0.055174827575683594
4.0703349113464355,1340,57259656,0.05526280403137207
4.040313720703125,1341,57302419,0.055120229721069336
4.026157855987549,1342,57345182,0.055252790451049805
4.0440673828125,1343,57387945,0.05515766143798828
4.061275959014893,1344,57430708,0.05526113510131836
4.05303955078125,1345,57473471,0.05531191825866699
4.028462886810303,1346,57516234,0.05527138710021973
4.0872483253479,1347,57558997,0.05544137954711914
4.006651878356934,1348,57601760,0.05523800849914551
4.034867286682129,1349,57644523,0.05521512031555176
4.087206840515137,1350,57687286,0.0558469295501709
4.076514720916748,1351,57730049,0.055322885513305664
4.042287349700928,1352,57772812,0.055307865142822266
4.047024250030518,1353,57815575,0.054590463638305664
4.044397830963135,1354,57858338,0.05535745620727539
4.020895004272461,1355,57901101,0.05487203598022461
4.0535759925842285,1356,57943864,0.05533480644226074
4.043389320373535,1357,57986627,0.05469918251037598
4.066669464111328,1358,58029390,0.055091142654418945
4.019745826721191,1359,58072153,0.05533766746520996
4.012038230895996,1360,58114916,0.05529665946960449
4.049619197845459,1361,58157679,0.054894208908081055
4.046395301818848,1362,58200442,0.05505251884460449
4.057207107543945,1363,58243205,0.05503106117248535
4.044619560241699,1364,58285968,0.055188655853271484
4.046401500701904,1365,58328731,0.05527639389038086
4.020092010498047,1366,58371494,0.055269718170166016
4.048348426818848,1367,58414257,0.05576753616333008
4.077170372009277,1368,58457020,0.05496859550476074
4.012234210968018,1369,58499783,0.0551905632019043
4.037406921386719,1370,58542546,0.055322885513305664
4.061713695526123,1371,58585309,0.05538010597229004
4.043920040130615,1372,58628072,0.055227041244506836
4.063467502593994,1373,58670835,0.05478382110595703
3.998156785964966,1374,58713598,0.05516409873962402
4.10819673538208,1375,58756361,0.05527496337890625
4.070380687713623,1376,58799124,0.0553128719329834
4.0213236808776855,1377,58841887,0.05523324012756348
4.049971580505371,1378,58884650,0.05540347099304199
4.053098678588867,1379,58927413,0.05500507354736328
4.057644367218018,1380,58970176,0.05539989471435547
4.0289130210876465,1381,59012939,0.055217742919921875
4.081399440765381,1382,59055702,0.05507802963256836
4.075833320617676,1383,59098465,0.05527663230895996
4.074093818664551,1384,59141228,0.05503225326538086
4.039145469665527,1385,59183991,0.05527639389038086
4.035184383392334,1386,59226754,0.0554351806640625
4.034925937652588,1387,59269517,0.05527043342590332
4.006611347198486,1388,59312280,0.05531477928161621
4.073510646820068,1389,59355043,0.05549192428588867
4.052059650421143,1390,59397806,0.05526328086853027
4.058278560638428,1391,59440569,0.055234432220458984
4.0417890548706055,1392,59483332,0.05536818504333496
4.0587358474731445,1393,59526095,0.055349111557006836
4.053631782531738,1394,59568858,0.05519986152648926
4.051344394683838,1395,59611621,0.055297136306762695
4.096236705780029,1396,59654384,0.055162906646728516
4.022268772125244,1397,59697147,0.05531787872314453
4.042392730712891,1398,59739910,0.05497550964355469
4.045478343963623,1399,59782673,0.05521202087402344
4.096615314483643,1400,59825436,0.05529284477233887
4.050379753112793,1401,59868199,0.0561826229095459
4.046483516693115,1402,59910962,0.055352210998535156
4.060179710388184,1403,59953725,0.05519747734069824
4.0481696128845215,1404,59996488,0.05527353286743164
4.108583450317383,1405,60039251,0.055211544036865234
4.068431854248047,1406,60082014,0.05482649803161621
4.0496506690979,1407,60124777,0.055228233337402344
4.0648345947265625,1408,60167540,0.05524873733520508
4.064035892486572,1409,60210303,0.05528688430786133
4.064624309539795,1410,60253066,0.0551605224609375
4.043493270874023,1411,60295829,0.05608487129211426
4.023543357849121,1412,60338592,0.05518841743469238
4.074868202209473,1413,60381355,0.054869890213012695
4.071656703948975,1414,60424118,0.05498218536376953
4.0249433517456055,1415,60466881,0.05492043495178223
4.045146942138672,1416,60509644,0.055158138275146484
4.062437534332275,1417,60552407,0.0553593635559082
4.052745819091797,1418,60595170,0.05507636070251465
4.03908634185791,1419,60637933,0.05498194694519043
4.06253719329834,1420,60680696,0.0551912784576416
4.038145065307617,1421,60723459,0.05516695976257324
4.049923419952393,1422,60766222,0.05520796775817871
4.027828216552734,1423,60808985,0.05456972122192383
4.0219926834106445,1424,60851748,0.055055856704711914
4.073394775390625,1425,60894511,0.05515432357788086
4.037051200866699,1426,60937274,0.05504274368286133
4.050482749938965,1427,60980037,0.05499863624572754
4.055116176605225,1428,61022800,0.055321693420410156
4.033223628997803,1429,61065563,0.055153608322143555
4.000051021575928,1430,61108326,0.05582761764526367
4.051111698150635,1431,61151089,0.05715680122375488
4.081726551055908,1432,61193852,0.055190324783325195
4.085676670074463,1433,61236615,0.05507206916809082
4.034601211547852,1434,61279378,0.05588579177856445
4.077716827392578,1435,61322141,0.05544161796569824
4.011773586273193,1436,61364904,0.05539679527282715
4.028051853179932,1437,61407667,0.05544686317443848
3.9969987869262695,1438,61450430,0.05539989471435547
4.0675249099731445,1439,61493193,0.05551028251647949
4.027891159057617,1440,61535956,0.05579352378845215
4.043767929077148,1441,61578719,0.056990861892700195
4.035531997680664,1442,61621482,0.055768728256225586
4.035238742828369,1443,61664245,0.05548882484436035
4.005913257598877,1444,61707008,0.055414438247680664
4.028080463409424,1445,61749771,0.05621480941772461
4.045485973358154,1446,61792534,0.05512404441833496
4.017856597900391,1447,61835297,0.05663609504699707
4.055267810821533,1448,61878060,0.055039405822753906
4.0281758308410645,1449,61920823,0.05546116828918457
4.05446720123291,1450,61963586,0.055428504943847656
4.02315616607666,1451,62006349,0.05592846870422363
4.093163967132568,1452,62049112,0.05564761161804199
4.071244239807129,1453,62091875,0.0552515983581543
4.0326738357543945,1454,62134638,0.05557751655578613
4.009552478790283,1455,62177401,0.055611610412597656
3.982109546661377,1456,62220164,0.055298805236816406
4.022226333618164,1457,62262927,0.05519461631774902
4.062227249145508,1458,62305690,0.05550408363342285
4.05508279800415,1459,62348453,0.05561423301696777
4.012081623077393,1460,62391216,0.05514216423034668
4.064877033233643,1461,62433979,0.05537152290344238
4.009398460388184,1462,62476742,0.05552792549133301
4.012505531311035,1463,62519505,0.05645108222961426
4.0122480392456055,1464,62562268,0.05630779266357422
4.004282474517822,1465,62605031,0.05543065071105957
4.0270304679870605,1466,62647794,0.055419206619262695
4.037344455718994,1467,62690557,0.056021690368652344
4.045477390289307,1468,62733320,0.05529308319091797
4.0589447021484375,1469,62776083,0.05528092384338379
4.051509380340576,1470,62818846,0.055269479751586914
4.075159549713135,1471,62861609,0.05515003204345703
4.032549858093262,1472,62904372,0.05480170249938965
4.045563697814941,1473,62947135,0.0551607608795166
4.067440986633301,1474,62989898,0.055394887924194336
4.007693767547607,1475,63032661,0.05542588233947754
4.02101469039917,1476,63075424,0.055176496505737305
4.037426948547363,1477,63118187,0.055350542068481445
4.053554534912109,1478,63160950,0.05511116981506348
4.050859451293945,1479,63203713,0.05536222457885742
4.045577526092529,1480,63246476,0.05518341064453125
4.000055313110352,1481,63289239,0.05515027046203613
4.014561176300049,1482,63332002,0.05480504035949707
4.001594543457031,1483,63374765,0.05532073974609375
4.038110733032227,1484,63417528,0.05537891387939453
4.003815650939941,1485,63460291,0.05544257164001465
4.041453838348389,1486,63503054,0.0554506778717041
3.9857661724090576,1487,63545817,0.0550534725189209
4.056476593017578,1488,63588580,0.055254220962524414
4.017153739929199,1489,63631343,0.0553135871887207
4.048436641693115,1490,63674106,0.055330753326416016
4.057708740234375,1491,63716869,0.05527520179748535
4.054999351501465,1492,63759632,0.05621528625488281
4.014027118682861,1493,63802395,0.05548715591430664
4.065463542938232,1494,63845158,0.05781269073486328
4.058574676513672,1495,63887921,0.0553433895111084
4.04694938659668,1496,63930684,0.05663108825683594
4.045152187347412,1497,63973447,0.05527210235595703
4.071309566497803,1498,64016210,0.05523872375488281
4.046811103820801,1499,64058973,0.05510973930358887
4.038995742797852,1500,64101736,0.05479693412780762
3.989689350128174,1501,64144499,0.05591535568237305
4.060157299041748,1502,64187262,0.06490063667297363
4.049871444702148,1503,64230025,0.054749250411987305
4.064621925354004,1504,64272788,0.054559946060180664
4.012314796447754,1505,64315551,0.05459475517272949
4.078887939453125,1506,64358314,0.05449724197387695
4.025907516479492,1507,64401077,0.05540132522583008
4.058899879455566,1508,64443840,0.055036306381225586
4.024875640869141,1509,64486603,0.05474591255187988
4.026460647583008,1510,64529366,0.05492901802062988
4.05814266204834,1511,64572129,0.05492734909057617
4.048104286193848,1512,64614892,0.05471992492675781
4.022177219390869,1513,64657655,0.05484175682067871
4.018153190612793,1514,64700418,0.054831504821777344
4.033670902252197,1515,64743181,0.054641008377075195
4.070620536804199,1516,64785944,0.055640220642089844
4.053609848022461,1517,64828707,0.05480480194091797
4.046236038208008,1518,64871470,0.05463051795959473
4.047055721282959,1519,64914233,0.055127859115600586
4.050124645233154,1520,64956996,0.05490589141845703
4.056670665740967,1521,64999759,0.05467867851257324
4.074169635772705,1522,65042522,0.05460190773010254
4.038143157958984,1523,65085285,0.05467510223388672
4.019568920135498,1524,65128048,0.05491352081298828
3.996591091156006,1525,65170811,0.0554347038269043
4.059620380401611,1526,65213574,0.05501055717468262
4.052770137786865,1527,65256337,0.05482983589172363
4.013464450836182,1528,65299100,0.05489921569824219
4.011191368103027,1529,65341863,0.054670095443725586
4.03917932510376,1530,65384626,0.05462956428527832
4.035222053527832,1531,65427389,0.05476069450378418
4.07078218460083,1532,65470152,0.054907798767089844
4.010423183441162,1533,65512915,0.05480194091796875
4.047680854797363,1534,65555678,0.054830312728881836
4.027721405029297,1535,65598441,0.057024478912353516
4.043458461761475,1536,65641204,0.05529308319091797
4.00845193862915,1537,65683967,0.054758548736572266
4.024225234985352,1538,65726730,0.05520224571228027
4.028903484344482,1539,65769493,0.055190324783325195
4.047799587249756,1540,65812256,0.05492854118347168
4.0406694412231445,1541,65855019,0.05461525917053223
4.02910852432251,1542,65897782,0.05466461181640625
4.05940580368042,1543,65940545,0.05518651008605957
4.064323425292969,1544,65983308,0.055158138275146484
4.056021213531494,1545,66026071,0.05449867248535156
4.016048431396484,1546,66068834,0.054511308670043945
4.080194473266602,1547,66111597,0.05491518974304199
4.053272247314453,1548,66154360,0.054657697677612305
4.033265590667725,1549,66197123,0.05440807342529297
4.015744686126709,1550,66239886,0.054746389389038086
4.06148624420166,1551,66282649,0.054485321044921875
4.024232864379883,1552,66325412,0.05460238456726074
4.087337017059326,1553,66368175,0.054490089416503906
4.014157772064209,1554,66410938,0.054552555084228516
4.078847408294678,1555,66453701,0.054810523986816406
4.045577049255371,1556,66496464,0.055755615234375
4.042186260223389,1557,66539227,0.05493807792663574
4.052273750305176,1558,66581990,0.05441570281982422
4.057174205780029,1559,66624753,0.054733991622924805
4.049094200134277,1560,66667516,0.05436229705810547
4.049988746643066,1561,66710279,0.05460667610168457
4.07377815246582,1562,66753042,0.054624319076538086
4.037146091461182,1563,66795805,0.054807186126708984
4.023096084594727,1564,66838568,0.05446982383728027
4.039161205291748,1565,66881331,0.055652618408203125
4.045978546142578,1566,66924094,0.054906606674194336
4.03310489654541,1567,66966857,0.05445218086242676
4.053476333618164,1568,67009620,0.05445504188537598
4.056302547454834,1569,67052383,0.05432271957397461
4.076542854309082,1570,67095146,0.05467534065246582
4.026579856872559,1571,67137909,0.05461311340332031
4.023767948150635,1572,67180672,0.05458378791809082
4.046750068664551,1573,67223435,0.054537057876586914
3.992844581604004,1574,67266198,0.054479122161865234
4.083317756652832,1575,67308961,0.05498504638671875
4.051746368408203,1576,67351724,0.05461478233337402
4.017118453979492,1577,67394487,0.05455279350280762
4.0398945808410645,1578,67437250,0.054609060287475586
4.01344108581543,1579,67480013,0.05471634864807129
4.012317180633545,1580,67522776,0.05611109733581543
4.037967681884766,1581,67565539,0.054918766021728516
4.016787052154541,1582,67608302,0.05446171760559082
4.019601821899414,1583,67651065,0.05453896522521973
4.056124687194824,1584,67693828,0.05461931228637695
4.027497291564941,1585,67736591,0.054723262786865234
4.094578266143799,1586,67779354,0.05476045608520508
4.016361713409424,1587,67822117,0.05460071563720703
4.05305814743042,1588,67864880,0.05450439453125
4.069004535675049,1589,67907643,0.05469202995300293
4.057072162628174,1590,67950406,0.055660247802734375
4.065618515014648,1591,67993169,0.05486130714416504
4.002284049987793,1592,68035932,0.054702043533325195
4.0258049964904785,1593,68078695,0.05447101593017578
4.01429557800293,1594,68121458,0.05444002151489258
4.065080165863037,1595,68164221,0.05446267127990723
4.059966564178467,1596,68206984,0.05460715293884277
4.018612384796143,1597,68249747,0.05479836463928223
4.043749809265137,1598,68292510,0.05445075035095215
4.045342445373535,1599,68335273,0.05447530746459961
4.007590293884277,1600,68378036,0.054468393325805664
4.060427188873291,1601,68420799,0.05451202392578125
3.97739839553833,1602,68463562,0.054413795471191406
4.0656046867370605,1603,68506325,0.05505990982055664
4.003594398498535,1604,68549088,0.054531097412109375
4.089676856994629,1605,68591851,0.05464911460876465
4.039665699005127,1606,68634614,0.05454659461975098
4.007051944732666,1607,68677377,0.05444598197937012
4.074820041656494,1608,68720140,0.05438089370727539
4.028374195098877,1609,68762903,0.055848121643066406
4.029854774475098,1610,68805666,0.05484962463378906
4.026327610015869,1611,68848429,0.05453300476074219
4.064286708831787,1612,68891192,0.05453991889953613
4.0327372550964355,1613,68933955,0.0545659065246582
4.035321235656738,1614,68976718,0.05449271202087402
4.033530235290527,1615,69019481,0.05463099479675293
4.036370754241943,1616,69062244,0.0546872615814209
4.052865505218506,1617,69105007,0.054769039154052734
4.042229652404785,1618,69147770,0.05450320243835449
4.072578430175781,1619,69190533,0.05461454391479492
4.052733898162842,1620,69233296,0.05452322959899902
4.0658278465271,1621,69276059,0.055318593978881836
4.012145042419434,1622,69318822,0.05480623245239258
4.039773464202881,1623,69361585,0.05440473556518555
4.025169849395752,1624,69404348,0.05449056625366211
4.023158550262451,1625,69447111,0.054380178451538086
3.9984023571014404,1626,69489874,0.054593801498413086
4.039241313934326,1627,69532637,0.054453134536743164
4.0465521812438965,1628,69575400,0.0544891357421875
4.055740833282471,1629,69618163,0.05468559265136719
4.018264293670654,1630,69660926,0.05461454391479492
4.065426349639893,1631,69703689,0.054659128189086914
4.052877902984619,1632,69746452,0.0544431209564209
4.07063102722168,1633,69789215,0.05454730987548828
4.0128912925720215,1634,69831978,0.05457472801208496
4.033230781555176,1635,69874741,0.054486989974975586
4.03189754486084,1636,69917504,0.05480456352233887
4.054206371307373,1637,69960267,0.05444169044494629
4.058610439300537,1638,70003030,0.05450272560119629
4.0753173828125,1639,70045793,0.05453133583068848
4.037765026092529,1640,70088556,0.05453228950500488
4.095644950866699,1641,70131319,0.05449271202087402
4.043887138366699,1642,70174082,0.05459761619567871
4.046796798706055,1643,70216845,0.054525136947631836
4.04437255859375,1644,70259608,0.05514836311340332
4.004150867462158,1645,70302371,0.05461597442626953
4.0470662117004395,1646,70345134,0.05473637580871582
4.0812859535217285,1647,70387897,0.05474233627319336
4.0541815757751465,1648,70430660,0.054662227630615234
4.015494346618652,1649,70473423,0.054419755935668945
4.06683349609375,1650,70516186,0.05439472198486328
4.027813911437988,1651,70558949,0.05444669723510742
4.00303316116333,1652,70601712,0.054497718811035156
4.0341620445251465,1653,70644475,0.05445122718811035
4.046908855438232,1654,70687238,0.054419755935668945
3.995178699493408,1655,70730001,0.05448794364929199
4.069533824920654,1656,70772764,0.05449414253234863
4.0281596183776855,1657,70815527,0.05450439453125
4.032674312591553,1658,70858290,0.05498147010803223
4.0375165939331055,1659,70901053,0.05486440658569336
4.05631685256958,1660,70943816,0.0547027587890625
4.011984825134277,1661,70986579,0.05449533462524414
4.049017429351807,1662,71029342,0.05442500114440918
4.0514044761657715,1663,71072105,0.054474592208862305
3.98433518409729,1664,71114868,0.05433392524719238
4.0007004737854,1665,71157631,0.05451059341430664
4.042811393737793,1666,71200394,0.05456423759460449
4.032684326171875,1667,71243157,0.054846763610839844
4.07517671585083,1668,71285920,0.0545654296875
4.027277946472168,1669,71328683,0.05431723594665527
4.011442184448242,1670,71371446,0.05454683303833008
4.049989223480225,1671,71414209,0.054741621017456055
4.0700578689575195,1672,71456972,0.05453658103942871
4.046011924743652,1673,71499735,0.054605960845947266
4.026224136352539,1674,71542498,0.05462503433227539
3.995598554611206,1675,71585261,0.05456805229187012
4.039667129516602,1676,71628024,0.05468869209289551
4.021511554718018,1677,71670787,0.054496049880981445
4.052764892578125,1678,71713550,0.05447554588317871
4.022563934326172,1679,71756313,0.05445718765258789
4.019827365875244,1680,71799076,0.054490089416503906
4.012829780578613,1681,71841839,0.05454683303833008
4.045920372009277,1682,71884602,0.05474972724914551
4.065080165863037,1683,71927365,0.05443406105041504
4.052875518798828,1684,71970128,0.054793357849121094
3.982250213623047,1685,72012891,0.05568051338195801
4.043596267700195,1686,72055654,0.05486631393432617
4.037857532501221,1687,72098417,0.05444669723510742
4.044548511505127,1688,72141180,0.05463576316833496
4.036874294281006,1689,72183943,0.05437588691711426
4.0215935707092285,1690,72226706,0.05438995361328125
4.011141777038574,1691,72269469,0.054357290267944336
4.054844856262207,1692,72312232,0.05464816093444824
4.036934852600098,1693,72354995,0.0544428825378418
4.028606414794922,1694,72397758,0.05452442169189453
4.034455299377441,1695,72440521,0.054680824279785156
4.078227996826172,1696,72483284,0.054450035095214844
4.051575660705566,1697,72526047,0.05469512939453125
4.073740005493164,1698,72568810,0.054549217224121094
4.024593830108643,1699,72611573,0.054543256759643555
4.013350009918213,1700,72654336,0.05465388298034668
4.0204339027404785,1701,72697099,0.054459571838378906
3.998225212097168,1702,72739862,0.05460810661315918
4.008030414581299,1703,72782625,0.05517101287841797
4.024415969848633,1704,72825388,0.0548551082611084
4.00942850112915,1705,72868151,0.05459403991699219
4.027799606323242,1706,72910914,0.05454516410827637
4.076534748077393,1707,72953677,0.054544687271118164
4.0123090744018555,1708,72996440,0.05447745323181152
3.9956958293914795,1709,73039203,0.054529666900634766
4.019938945770264,1710,73081966,0.05444908142089844
4.042586326599121,1711,73124729,0.05437517166137695
4.039040565490723,1712,73167492,0.05447888374328613
4.027711868286133,1713,73210255,0.054596662521362305
4.047521591186523,1714,73253018,0.05460357666015625
4.066269397735596,1715,73295781,0.0547184944152832
4.018341064453125,1716,73338544,0.05445289611816406
4.052798748016357,1717,73381307,0.05444073677062988
4.047263145446777,1718,73424070,0.05461406707763672
4.024630546569824,1719,73466833,0.05454850196838379
4.006378173828125,1720,73509596,0.05436420440673828
4.023889064788818,1721,73552359,0.05460405349731445
4.028809547424316,1722,73595122,0.05451560020446777
4.0511698722839355,1723,73637885,0.0544435977935791
4.018682479858398,1724,73680648,0.05482935905456543
4.084624290466309,1725,73723411,0.05479907989501953
4.000073432922363,1726,73766174,0.0543668270111084
3.9788734912872314,1727,73808937,0.05451846122741699
4.054748058319092,1728,73851700,0.05454707145690918
4.025314807891846,1729,73894463,0.05451679229736328
4.025403022766113,1730,73937226,0.05458354949951172
4.034904956817627,1731,73979989,0.054506778717041016
4.040006637573242,1732,74022752,0.05436062812805176
4.0285420417785645,1733,74065515,0.05456829071044922
3.986131191253662,1734,74108278,0.05431246757507324
4.017309188842773,1735,74151041,0.054395437240600586
4.01009464263916,1736,74193804,0.05530714988708496
4.033636093139648,1737,74236567,0.054586172103881836
4.039693832397461,1738,74279330,0.0547175407409668
4.0199456214904785,1739,74322093,0.05441474914550781
4.034962177276611,1740,74364856,0.054412126541137695
4.019979953765869,1741,74407619,0.05472421646118164
4.041779041290283,1742,74450382,0.05459904670715332
4.03210973739624,1743,74493145,0.0543825626373291
4.0461530685424805,1744,74535908,0.054795265197753906
4.023994445800781,1745,74578671,0.054532527923583984
4.035032749176025,1746,74621434,0.05452466011047363
4.038884162902832,1747,74664197,0.05456209182739258
4.07714319229126,1748,74706960,0.054429054260253906
4.048639297485352,1749,74749723,0.05465888977050781
3.970477342605591,1750,74792486,0.054534912109375
4.0308051109313965,1751,74835249,0.05484580993652344
4.044949054718018,1752,74878012,0.05472588539123535
4.042806625366211,1753,74920775,0.05444598197937012
4.040030479431152,1754,74963538,0.05452847480773926
4.077441692352295,1755,75006301,0.05454063415527344
4.053954124450684,1756,75049064,0.05447673797607422
4.013152122497559,1757,75091827,0.05523872375488281
4.063767433166504,1758,75134590,0.05503487586975098
4.030220031738281,1759,75177353,0.0544428825378418
4.027441501617432,1760,75220116,0.054624080657958984
4.011446475982666,1761,75262879,0.05439019203186035
4.046138286590576,1762,75305642,0.05454063415527344
4.022559642791748,1763,75348405,0.054482221603393555
4.0030903816223145,1764,75391168,0.05461478233337402
4.068486213684082,1765,75433931,0.054689884185791016
4.06702995300293,1766,75476694,0.05443215370178223
3.984531879425049,1767,75519457,0.0545194149017334
4.062365531921387,1768,75562220,0.05440258979797363
4.062500953674316,1769,75604983,0.05449080467224121
3.9547722339630127,1770,75647746,0.05458331108093262
4.008604526519775,1771,75690509,0.05469655990600586
4.041575908660889,1772,75733272,0.054765939712524414
4.053921222686768,1773,75776035,0.05444931983947754
4.034880638122559,1774,75818798,0.05452680587768555
4.025258541107178,1775,75861561,0.05440473556518555
4.057255268096924,1776,75904324,0.05443143844604492
4.045591831207275,1777,75947087,0.054595232009887695
4.062100410461426,1778,75989850,0.05459856986999512
4.0299153327941895,1779,76032613,0.054532527923583984
4.02365255355835,1780,76075376,0.05445504188537598
3.9946460723876953,1781,76118139,0.05449676513671875
3.9861247539520264,1782,76160902,0.05440235137939453
4.017755508422852,1783,76203665,0.05489540100097656
4.017117023468018,1784,76246428,0.05459165573120117
4.029451370239258,1785,76289191,0.054595232009887695
4.007688522338867,1786,76331954,0.0546422004699707
4.076534271240234,1787,76374717,0.05454397201538086
3.998788595199585,1788,76417480,0.05443692207336426
4.012669563293457,1789,76460243,0.05436587333679199
4.025737285614014,1790,76503006,0.05480051040649414
4.03777551651001,1791,76545769,0.05460786819458008
4.063733100891113,1792,76588532,0.054410457611083984
4.05150032043457,1793,76631295,0.054631710052490234
4.034514904022217,1794,76674058,0.05441594123840332
4.017141819000244,1795,76716821,0.054319143295288086
4.015346527099609,1796,76759584,0.05596780776977539
4.046151638031006,1797,76802347,0.054859161376953125
4.035522937774658,1798,76845110,0.054409027099609375
4.061993598937988,1799,76887873,0.05452132225036621
4.0675787925720215,1800,76930636,0.054454803466796875
4.007514953613281,1801,76973399,0.05447268486022949
4.030116558074951,1802,77016162,0.05442023277282715
4.018741130828857,1803,77058925,0.054476261138916016
3.9854531288146973,1804,77101688,0.054403066635131836
3.971010446548462,1805,77144451,0.05473470687866211
4.017513275146484,1806,77187214,0.054551124572753906
4.043891906738281,1807,77229977,0.054738521575927734
4.031923294067383,1808,77272740,0.0545194149017334
3.9924628734588623,1809,77315503,0.054549455642700195
4.021878719329834,1810,77358266,0.05432486534118652
4.012307643890381,1811,77401029,0.05451655387878418
4.003747940063477,1812,77443792,0.05444669723510742
4.022573471069336,1813,77486555,0.054622650146484375
4.036017894744873,1814,77529318,0.05458474159240723
4.065911769866943,1815,77572081,0.05448174476623535
4.001912593841553,1816,77614844,0.05444955825805664
4.014519691467285,1817,77657607,0.05453753471374512
4.055776119232178,1818,77700370,0.054451942443847656
4.078975200653076,1819,77743133,0.05453228950500488
4.0216498374938965,1820,77785896,0.05468106269836426
4.01278018951416,1821,77828659,0.05572175979614258
4.033585548400879,1822,77871422,0.0547785758972168
4.008775234222412,1823,77914185,0.05450725555419922
4.039357662200928,1824,77956948,0.054472923278808594
4.015462875366211,1825,77999711,0.05439925193786621
3.9830095767974854,1826,78042474,0.05444049835205078
4.057987213134766,1827,78085237,0.05460953712463379
4.043463706970215,1828,78128000,0.05445146560668945
4.040091514587402,1829,78170763,0.05463409423828125
4.040760040283203,1830,78213526,0.054453134536743164
3.9937312602996826,1831,78256289,0.05435538291931152
4.013905048370361,1832,78299052,0.054610490798950195
4.030267238616943,1833,78341815,0.05455923080444336
4.051477432250977,1834,78384578,0.054720401763916016
4.040522575378418,1835,78427341,0.05475759506225586
4.01873254776001,1836,78470104,0.05505180358886719
4.013900279998779,1837,78512867,0.05511021614074707
4.005462646484375,1838,78555630,0.0550684928894043
4.047633171081543,1839,78598393,0.054998159408569336
4.032983303070068,1840,78641156,0.05498981475830078
4.002871990203857,1841,78683919,0.05495619773864746
4.033459663391113,1842,78726682,0.055092573165893555
4.019618988037109,1843,78769445,0.05637717247009277
4.028080940246582,1844,78812208,0.056353092193603516
4.013098239898682,1845,78854971,0.05622410774230957
3.9992196559906006,1846,78897734,0.05536794662475586
4.0287322998046875,1847,78940497,0.05522418022155762
4.0163116455078125,1848,78983260,0.055129289627075195
4.004446506500244,1849,79026023,0.05518174171447754
4.001532554626465,1850,79068786,0.055168867111206055
4.053689956665039,1851,79111549,0.054995059967041016
4.017974376678467,1852,79154312,0.05547332763671875
3.9817190170288086,1853,79197075,0.05528712272644043
4.039423942565918,1854,79239838,0.055257320404052734
4.026547431945801,1855,79282601,0.05523514747619629
4.038561820983887,1856,79325364,0.055233001708984375
4.069572448730469,1857,79368127,0.055258750915527344
4.048830032348633,1858,79410890,0.0551753044128418
3.991624593734741,1859,79453653,0.05520820617675781
4.019773006439209,1860,79496416,0.054888248443603516
4.0740966796875,1861,79539179,0.05511951446533203
4.009409427642822,1862,79581942,0.055451154708862305
4.036901473999023,1863,79624705,0.05472373962402344
4.002971649169922,1864,79667468,0.05479145050048828
4.0424275398254395,1865,79710231,0.054906368255615234
4.010068893432617,1866,79752994,0.05487179756164551
4.024482250213623,1867,79795757,0.05658721923828125
4.037110805511475,1868,79838520,0.055150747299194336
4.022510051727295,1869,79881283,0.05446743965148926
4.014717102050781,1870,79924046,0.055381059646606445
4.040704727172852,1871,79966809,0.05489754676818848
4.025525093078613,1872,80009572,0.05788064002990723
4.0540995597839355,1873,80052335,0.05729031562805176
3.9851410388946533,1874,80095098,0.05776023864746094
4.0271759033203125,1875,80137861,0.057949066162109375
4.050121307373047,1876,80180624,0.05780792236328125
4.017878532409668,1877,80223387,0.05797433853149414
4.064486026763916,1878,80266150,0.05770516395568848
4.02754545211792,1879,80308913,0.057814836502075195
3.981008768081665,1880,80351676,0.05808115005493164
4.024993896484375,1881,80394439,0.0582582950592041
4.0203680992126465,1882,80437202,0.05819869041442871
3.9857070446014404,1883,80479965,0.0575413703918457
3.9945411682128906,1884,80522728,0.05785775184631348
4.039755344390869,1885,80565491,0.05788397789001465
4.026180744171143,1886,80608254,0.05785822868347168
4.0288472175598145,1887,80651017,0.0581202507019043
4.048801898956299,1888,80693780,0.05777597427368164
4.029574871063232,1889,80736543,0.05796027183532715
4.023563385009766,1890,80779306,0.05764031410217285
4.02572774887085,1891,80822069,0.057256460189819336
4.015602111816406,1892,80864832,0.058145761489868164
4.077709197998047,1893,80907595,0.0578761100769043
4.0721330642700195,1894,80950358,0.05818033218383789
3.9973597526550293,1895,80993121,0.05806279182434082
4.020641803741455,1896,81035884,0.05930614471435547
4.007125377655029,1897,81078647,0.05804800987243652
4.038745880126953,1898,81121410,0.05810689926147461
4.049276828765869,1899,81164173,0.058084726333618164
4.072502613067627,1900,81206936,0.057680606842041016
4.029071807861328,1901,81249699,0.058035850524902344
3.991874933242798,1902,81292462,0.05756115913391113
4.023146629333496,1903,81335225,0.057507991790771484
4.02154541015625,1904,81377988,0.05815005302429199
4.012271881103516,1905,81420751,0.05824637413024902
4.07161808013916,1906,81463514,0.057503461837768555
4.031795978546143,1907,81506277,0.058010101318359375
4.049286842346191,1908,81549040,0.057863712310791016
4.025082111358643,1909,81591803,0.058188676834106445
4.023438930511475,1910,81634566,0.0581202507019043
4.040626525878906,1911,81677329,0.058110952377319336
4.017302513122559,1912,81720092,0.05804848670959473
4.029064178466797,1913,81762855,0.05796194076538086
4.057302474975586,1914,81805618,0.058320045471191406
3.989088535308838,1915,81848381,0.05758929252624512
4.031601905822754,1916,81891144,0.058113813400268555
4.052834510803223,1917,81933907,0.05820512771606445
3.9946987628936768,1918,81976670,0.057233333587646484
4.061156749725342,1919,82019433,0.057952880859375
3.9979143142700195,1920,82062196,0.05800986289978027
4.042286396026611,1921,82104959,0.05759119987487793
3.989363431930542,1922,82147722,0.05808615684509277
4.0437164306640625,1923,82190485,0.05806875228881836
4.059847354888916,1924,82233248,0.05715608596801758
4.007479667663574,1925,82276011,0.057518959045410156
4.026798248291016,1926,82318774,0.05736589431762695
4.042253494262695,1927,82361537,0.05741572380065918
4.0225300788879395,1928,82404300,0.05752444267272949
4.022554397583008,1929,82447063,0.05767321586608887
4.016047954559326,1930,82489826,0.0573582649230957
4.043649673461914,1931,82532589,0.057943105697631836
4.0341973304748535,1932,82575352,0.05793285369873047
4.037265777587891,1933,82618115,0.057788848876953125
4.040959358215332,1934,82660878,0.057759761810302734
3.9951298236846924,1935,82703641,0.05814099311828613
4.016775131225586,1936,82746404,0.05794262886047363
4.020289421081543,1937,82789167,0.05797386169433594
4.0192389488220215,1938,82831930,0.05793261528015137
3.984578847885132,1939,82874693,0.05800366401672363
4.048994064331055,1940,82917456,0.058078765869140625
4.005138397216797,1941,82960219,0.05809450149536133
4.071491241455078,1942,83002982,0.05794262886047363
4.034229278564453,1943,83045745,0.058089256286621094
4.012838363647461,1944,83088508,0.05789756774902344
3.999075174331665,1945,83131271,0.05791068077087402
4.037031173706055,1946,83174034,0.057734012603759766
4.002561092376709,1947,83216797,0.0577082633972168
3.9933340549468994,1948,83259560,0.059400320053100586
4.040193557739258,1949,83302323,0.0584721565246582
4.020068645477295,1950,83345086,0.05793261528015137
4.027865886688232,1951,83387849,0.05796456336975098
3.9853973388671875,1952,83430612,0.057532310485839844
4.028768062591553,1953,83473375,0.057389020919799805
4.055699825286865,1954,83516138,0.057982444763183594
4.054067134857178,1955,83558901,0.05733799934387207
4.037553787231445,1956,83601664,0.057451725006103516
4.013682842254639,1957,83644427,0.05796074867248535
4.018849849700928,1958,83687190,0.05731964111328125
4.0544514656066895,1959,83729953,0.05749797821044922
4.055404186248779,1960,83772716,0.05804705619812012
4.036455154418945,1961,83815479,0.058068275451660156
4.035499572753906,1962,83858242,0.058054447174072266
3.9910285472869873,1963,83901005,0.0573267936706543
4.0525221824646,1964,83943768,0.05756878852844238
4.00419282913208,1965,83986531,0.058098793029785156
4.041189193725586,1966,84029294,0.05809378623962402
4.015796184539795,1967,84072057,0.05794644355773926
4.0309576988220215,1968,84114820,0.05809307098388672
4.037380218505859,1969,84157583,0.057698965072631836
4.014955520629883,1970,84200346,0.057987213134765625
4.028032302856445,1971,84243109,0.057796478271484375
3.981853485107422,1972,84285872,0.05745816230773926
4.016010284423828,1973,84328635,0.05799698829650879
4.003810405731201,1974,84371398,0.05809950828552246
3.9996423721313477,1975,84414161,0.058008432388305664
4.032244682312012,1976,84456924,0.05800938606262207
4.08489990234375,1977,84499687,0.05812788009643555
4.0226850509643555,1978,84542450,0.05810117721557617
4.036552429199219,1979,84585213,0.05810880661010742
3.9846198558807373,1980,84627976,0.05773520469665527
4.000154495239258,1981,84670739,0.05821681022644043
4.0209455490112305,1982,84713502,0.05808711051940918
4.026134967803955,1983,84756265,0.05887317657470703
4.017591953277588,1984,84799028,0.05823469161987305
4.009153366088867,1985,84841791,0.057634592056274414
4.016594409942627,1986,84884554,0.05800914764404297
4.059449195861816,1987,84927317,0.0581820011138916
4.020155906677246,1988,84970080,0.058066368103027344
4.040661811828613,1989,85012843,0.05806279182434082
4.048696994781494,1990,85055606,0.05809617042541504
3.9861080646514893,1991,85098369,0.05814170837402344
4.0053839683532715,1992,85141132,0.05940389633178711
3.981236457824707,1993,85183895,0.0581362247467041
4.067580223083496,1994,85226658,0.05806136131286621
4.019444465637207,1995,85269421,0.057648420333862305
4.025775909423828,1996,85312184,0.05762982368469238
4.017764091491699,1997,85354947,0.05808067321777344
3.986241579055786,1998,85397710,0.057676076889038086
4.0606560707092285,1999,85440473,0.05804872512817383
4.02144718170166,2000,85483236,0.057668447494506836
4.037472248077393,2001,85525999,0.05792498588562012
4.061604022979736,2002,85568762,0.06926774978637695
4.074429988861084,2003,85611525,0.05546998977661133
4.0252532958984375,2004,85654288,0.0556790828704834
4.012979984283447,2005,85697051,0.0552220344543457
4.023812294006348,2006,85739814,0.055052757263183594
4.017335414886475,2007,85782577,0.05528616905212402
4.022249698638916,2008,85825340,0.05528116226196289
3.9911677837371826,2009,85868103,0.05818438529968262
4.0344672203063965,2010,85910866,0.05588173866271973
4.045874118804932,2011,85953629,0.0550844669342041
3.9908933639526367,2012,85996392,0.056787967681884766
4.013306140899658,2013,86039155,0.055756568908691406
4.0097551345825195,2014,86081918,0.056868553161621094
4.020287990570068,2015,86124681,0.05617475509643555
4.0568132400512695,2016,86167444,0.05564093589782715
4.042010307312012,2017,86210207,0.05688285827636719
4.030421733856201,2018,86252970,0.0555572509765625
4.013309478759766,2019,86295733,0.055464982986450195
4.041284084320068,2020,86338496,0.055628299713134766
3.98227858543396,2021,86381259,0.05634760856628418
4.014584064483643,2022,86424022,0.055297136306762695
4.020134925842285,2023,86466785,0.05647540092468262
4.067404747009277,2024,86509548,0.05601859092712402
3.993396043777466,2025,86552311,0.0556793212890625
4.005815505981445,2026,86595074,0.05598139762878418
4.009522438049316,2027,86637837,0.05599069595336914
4.015405654907227,2028,86680600,0.05687260627746582
3.9974558353424072,2029,86723363,0.05621814727783203
4.035091400146484,2030,86766126,0.055333852767944336
4.029935836791992,2031,86808889,0.05512666702270508
4.046899318695068,2032,86851652,0.05510592460632324
4.020488262176514,2033,86894415,0.05571746826171875
3.983595609664917,2034,86937178,0.05581974983215332
4.032614707946777,2035,86979941,0.05563092231750488
4.049293041229248,2036,87022704,0.05597734451293945
3.9884979724884033,2037,87065467,0.05494952201843262
4.01611328125,2038,87108230,0.056070566177368164
4.046239852905273,2039,87150993,0.05491471290588379
3.998382568359375,2040,87193756,0.056405067443847656
4.03538179397583,2041,87236519,0.05546426773071289
4.034008979797363,2042,87279282,0.05515789985656738
4.028885364532471,2043,87322045,0.05539536476135254
4.033288955688477,2044,87364808,0.055356740951538086
3.9983484745025635,2045,87407571,0.055387258529663086
4.026275157928467,2046,87450334,0.05535554885864258
4.045307159423828,2047,87493097,0.05588388442993164
3.9977054595947266,2048,87535860,0.055718183517456055
4.020895004272461,2049,87578623,0.05521106719970703
4.025630474090576,2050,87621386,0.05517435073852539
4.032341957092285,2051,87664149,0.0553898811340332
4.049666404724121,2052,87706912,0.055442094802856445
4.036945343017578,2053,87749675,0.05511879920959473
4.041922569274902,2054,87792438,0.055159568786621094
4.057399272918701,2055,87835201,0.05547976493835449
4.0439348220825195,2056,87877964,0.05525565147399902
4.023477077484131,2057,87920727,0.055361032485961914
4.0539774894714355,2058,87963490,0.05563068389892578
4.026529788970947,2059,88006253,0.054917097091674805
4.002585411071777,2060,88049016,0.05601143836975098
4.032996654510498,2061,88091779,0.05548214912414551
4.016129493713379,2062,88134542,0.05479073524475098
4.041050910949707,2063,88177305,0.054695844650268555
4.0204973220825195,2064,88220068,0.05491161346435547
4.038715839385986,2065,88262831,0.0549623966217041
4.03330135345459,2066,88305594,0.05494546890258789
3.9997501373291016,2067,88348357,0.05485868453979492
4.037595272064209,2068,88391120,0.055554866790771484
4.02906608581543,2069,88433883,0.05517125129699707
4.031151294708252,2070,88476646,0.05462074279785156
4.033607006072998,2071,88519409,0.05465531349182129
4.02310848236084,2072,88562172,0.05441713333129883
4.038691520690918,2073,88604935,0.0547025203704834
4.0291972160339355,2074,88647698,0.05478334426879883
4.020421028137207,2075,88690461,0.05463433265686035
4.007572174072266,2076,88733224,0.05457472801208496
4.053926944732666,2077,88775987,0.05459308624267578
4.0112457275390625,2078,88818750,0.05435681343078613
4.00579833984375,2079,88861513,0.054662227630615234
4.00021505355835,2080,88904276,0.05437469482421875
4.0315752029418945,2081,88947039,0.05462169647216797
4.032037734985352,2082,88989802,0.054441213607788086
4.024070739746094,2083,89032565,0.05460190773010254
4.02672815322876,2084,89075328,0.05566716194152832
4.030778408050537,2085,89118091,0.05481696128845215
4.001077175140381,2086,89160854,0.054494619369506836
4.028103828430176,2087,89203617,0.054544925689697266
4.012736797332764,2088,89246380,0.0549778938293457
3.9982893466949463,2089,89289143,0.05468583106994629
4.05350923538208,2090,89331906,0.0546109676361084
4.075424671173096,2091,89374669,0.05442976951599121
3.9695048332214355,2092,89417432,0.05451178550720215
4.000641822814941,2093,89460195,0.05437064170837402
4.0314507484436035,2094,89502958,0.055101871490478516
4.046174049377441,2095,89545721,0.05481362342834473
4.02862548828125,2096,89588484,0.054488420486450195
4.073727130889893,2097,89631247,0.054524898529052734
3.991299867630005,2098,89674010,0.05444836616516113
4.03550910949707,2099,89716773,0.054856300354003906
4.032635688781738,2100,89759536,0.05476784706115723
4.021902561187744,2101,89802299,0.054578542709350586
4.047489166259766,2102,89845062,0.05458831787109375
4.02362060546875,2103,89887825,0.05472230911254883
4.058319568634033,2104,89930588,0.054575204849243164
4.022680282592773,2105,89973351,0.05466270446777344
3.9968035221099854,2106,90016114,0.05466437339782715
4.021855354309082,2107,90058877,0.054404258728027344
4.069894790649414,2108,90101640,0.05452871322631836
4.041405200958252,2109,90144403,0.05443763732910156
4.007266998291016,2110,90187166,0.05449557304382324
4.086568355560303,2111,90229929,0.054537057876586914
4.045907974243164,2112,90272692,0.05449652671813965
4.01812744140625,2113,90315455,0.05647706985473633
4.012693405151367,2114,90358218,0.054551124572753906
4.04227876663208,2115,90400981,0.05473065376281738
4.052711486816406,2116,90443744,0.054819583892822266
4.050711154937744,2117,90486507,0.05460190773010254
4.028512954711914,2118,90529270,0.05465960502624512
4.080296516418457,2119,90572033,0.05454897880554199
4.0392680168151855,2120,90614796,0.05448150634765625
4.0254316329956055,2121,90657559,0.05446648597717285
4.054128170013428,2122,90700322,0.054546356201171875
4.0574421882629395,2123,90743085,0.05453205108642578
3.988060235977173,2124,90785848,0.05472755432128906
4.049370765686035,2125,90828611,0.055323123931884766
4.0465545654296875,2126,90871374,0.05492734909057617
4.013769149780273,2127,90914137,0.054586172103881836
4.005550861358643,2128,90956900,0.0543975830078125
4.021595001220703,2129,90999663,0.05448293685913086
4.006150245666504,2130,91042426,0.05466747283935547
4.01786994934082,2131,91085189,0.05460643768310547
4.041258811950684,2132,91127952,0.054651498794555664
4.058652877807617,2133,91170715,0.054457664489746094
4.0046305656433105,2134,91213478,0.05452990531921387
4.027393341064453,2135,91256241,0.05445432662963867
4.038087844848633,2136,91299004,0.054502248764038086
4.039854049682617,2137,91341767,0.05431318283081055
4.02806282043457,2138,91384530,0.05454254150390625
4.021292686462402,2139,91427293,0.05446219444274902
4.020477294921875,2140,91470056,0.054737091064453125
4.012628078460693,2141,91512819,0.054550886154174805
3.9841206073760986,2142,91555582,0.05465245246887207
4.083950996398926,2143,91598345,0.05456137657165527
3.993335485458374,2144,91641108,0.0545811653137207
4.031363010406494,2145,91683871,0.054500579833984375
4.005309104919434,2146,91726634,0.05439615249633789
3.96431040763855,2147,91769397,0.05567646026611328
4.011379718780518,2148,91812160,0.05492448806762695
4.054696083068848,2149,91854923,0.05443072319030762
4.0452880859375,2150,91897686,0.054364919662475586
4.009244918823242,2151,91940449,0.054486751556396484
4.0177106857299805,2152,91983212,0.054686784744262695
4.037357330322266,2153,92025975,0.05451393127441406
4.022251605987549,2154,92068738,0.0544133186340332
4.053140640258789,2155,92111501,0.05439305305480957
4.022095680236816,2156,92154264,0.05448555946350098
4.020073413848877,2157,92197027,0.05450868606567383
4.008609771728516,2158,92239790,0.05466651916503906
3.9724373817443848,2159,92282553,0.054517269134521484
4.024994850158691,2160,92325316,0.05438876152038574
4.067276954650879,2161,92368079,0.05443716049194336
4.032436370849609,2162,92410842,0.05513882637023926
3.99475359916687,2163,92453605,0.05471539497375488
4.052623748779297,2164,92496368,0.05469393730163574
3.9791762828826904,2165,92539131,0.05453896522521973
4.050848960876465,2166,92581894,0.05460476875305176
3.975803852081299,2167,92624657,0.05456805229187012
4.035240173339844,2168,92667420,0.05452775955200195
4.01104211807251,2169,92710183,0.054688215255737305
4.0333099365234375,2170,92752946,0.05468463897705078
4.033913612365723,2171,92795709,0.054828643798828125
3.9962761402130127,2172,92838472,0.05475258827209473
4.022701740264893,2173,92881235,0.054596662521362305
4.021139144897461,2174,92923998,0.054491281509399414
4.044005393981934,2175,92966761,0.05458569526672363
4.0179972648620605,2176,93009524,0.0545039176940918
4.036182403564453,2177,93052287,0.05451083183288574
4.010843753814697,2178,93095050,0.054660797119140625
4.036360740661621,2179,93137813,0.054555654525756836
4.012567520141602,2180,93180576,0.0547029972076416
4.0243449211120605,2181,93223339,0.05454230308532715
4.008935451507568,2182,93266102,0.05458521842956543
4.036612510681152,2183,93308865,0.05465221405029297
4.025787830352783,2184,93351628,0.05436110496520996
4.034351348876953,2185,93394391,0.05452895164489746
4.020119667053223,2186,93437154,0.05449986457824707
3.986489772796631,2187,93479917,0.054557085037231445
4.054720878601074,2188,93522680,0.054430246353149414
4.035109043121338,2189,93565443,0.05579066276550293
4.031203746795654,2190,93608206,0.05474138259887695
4.027666091918945,2191,93650969,0.05460953712463379
4.0143208503723145,2192,93693732,0.05460000038146973
3.964385747909546,2193,93736495,0.054647207260131836
4.037376403808594,2194,93779258,0.05446600914001465
4.033571243286133,2195,93822021,0.05464959144592285
4.024296283721924,2196,93864784,0.05523562431335449
4.020074844360352,2197,93907547,0.054792165756225586
4.029887676239014,2198,93950310,0.054457664489746094
4.012520790100098,2199,93993073,0.05464339256286621
4.034842014312744,2200,94035836,0.05456686019897461
3.9890120029449463,2201,94078599,0.054411888122558594
4.019519805908203,2202,94121362,0.05446577072143555
4.032723426818848,2203,94164125,0.05452322959899902
4.043705940246582,2204,94206888,0.05454206466674805
4.013309001922607,2205,94249651,0.054419755935668945
4.016834735870361,2206,94292414,0.05485796928405762
4.050509929656982,2207,94335177,0.05517172813415527
4.053971767425537,2208,94377940,0.0546414852142334
4.0159993171691895,2209,94420703,0.05456423759460449
4.034392833709717,2210,94463466,0.054532527923583984
4.047176361083984,2211,94506229,0.05446434020996094
4.005654811859131,2212,94548992,0.0546565055847168
4.0165181159973145,2213,94591755,0.054791927337646484
4.039783954620361,2214,94634518,0.05469536781311035
4.029759883880615,2215,94677281,0.05450105667114258
4.003527641296387,2216,94720044,0.054502248764038086
4.017341136932373,2217,94762807,0.05475115776062012
3.997706651687622,2218,94805570,0.05469250679016113
3.992455244064331,2219,94848333,0.054482221603393555
4.02058219909668,2220,94891096,0.05451345443725586
3.9967212677001953,2221,94933859,0.054443359375
4.045145511627197,2222,94976622,0.054730892181396484
4.038266181945801,2223,95019385,0.05489063262939453
4.01218843460083,2224,95062148,0.05462527275085449
3.9965996742248535,2225,95104911,0.05469369888305664
4.016982078552246,2226,95147674,0.05469942092895508
4.00974178314209,2227,95190437,0.054514169692993164
4.016663074493408,2228,95233200,0.054772138595581055
4.022174835205078,2229,95275963,0.05465555191040039
3.9660074710845947,2230,95318726,0.054651737213134766
4.030210971832275,2231,95361489,0.054410696029663086
4.0351691246032715,2232,95404252,0.054662227630615234
4.006043434143066,2233,95447015,0.05452585220336914
4.057582378387451,2234,95489778,0.054451704025268555
4.020366191864014,2235,95532541,0.054615020751953125
3.9913241863250732,2236,95575304,0.05426192283630371
3.9976935386657715,2237,95618067,0.05451083183288574
4.0459113121032715,2238,95660830,0.054575443267822266
4.018031120300293,2239,95703593,0.05590629577636719
4.0039896965026855,2240,95746356,0.05476021766662598
4.03494930267334,2241,95789119,0.054726600646972656
4.068731307983398,2242,95831882,0.05453014373779297
4.005512237548828,2243,95874645,0.05460548400878906
3.9663984775543213,2244,95917408,0.054618120193481445
3.974696159362793,2245,95960171,0.05455183982849121
4.017714023590088,2246,96002934,0.05452990531921387
4.034595489501953,2247,96045697,0.05468034744262695
3.974745750427246,2248,96088460,0.05441451072692871
3.9968976974487305,2249,96131223,0.055023908615112305
3.9797041416168213,2250,96173986,0.055013418197631836
4.010120391845703,2251,96216749,0.05478024482727051
4.017904758453369,2252,96259512,0.054512977600097656
4.004127025604248,2253,96302275,0.05483579635620117
3.998702049255371,2254,96345038,0.054688453674316406
4.034482479095459,2255,96387801,0.05448150634765625
3.9952890872955322,2256,96430564,0.05461573600769043
4.033719062805176,2257,96473327,0.05465126037597656
4.016501426696777,2258,96516090,0.0544581413269043
4.036234378814697,2259,96558853,0.05455493927001953
4.018283843994141,2260,96601616,0.05546927452087402
4.032860279083252,2261,96644379,0.05497241020202637
4.006394386291504,2262,96687142,0.05476665496826172
4.0075249671936035,2263,96729905,0.054460763931274414
4.0632758140563965,2264,96772668,0.0545351505279541
4.017017364501953,2265,96815431,0.054641008377075195
4.003277778625488,2266,96858194,0.05451345443725586
4.037785053253174,2267,96900957,0.054817914962768555
4.040948867797852,2268,96943720,0.05460810661315918
3.9913384914398193,2269,96986483,0.054454803466796875
4.034915924072266,2270,97029246,0.054648399353027344
4.030985355377197,2271,97072009,0.05446052551269531
4.025753498077393,2272,97114772,0.05451321601867676
4.050127029418945,2273,97157535,0.05466747283935547
4.040774822235107,2274,97200298,0.05456972122192383
4.04644775390625,2275,97243061,0.054695844650268555
4.024486541748047,2276,97285824,0.05481672286987305
4.032979488372803,2277,97328587,0.05502009391784668
4.02570915222168,2278,97371350,0.0545499324798584
4.010034561157227,2279,97414113,0.054527997970581055
4.033776760101318,2280,97456876,0.054723262786865234
4.030801773071289,2281,97499639,0.0547027587890625
4.012584209442139,2282,97542402,0.05443882942199707
3.998086929321289,2283,97585165,0.05440711975097656
4.0076494216918945,2284,97627928,0.054492950439453125
4.07088041305542,2285,97670691,0.054557085037231445
3.995635509490967,2286,97713454,0.05489158630371094
4.060185432434082,2287,97756217,0.05445742607116699
4.016144275665283,2288,97798980,0.054686784744262695
4.059167861938477,2289,97841743,0.05458378791809082
3.996715784072876,2290,97884506,0.05449819564819336
4.004527568817139,2291,97927269,0.05454206466674805
4.020670413970947,2292,97970032,0.054450273513793945
4.020519256591797,2293,98012795,0.054639577865600586
4.018690586090088,2294,98055558,0.05468606948852539
4.021316051483154,2295,98098321,0.05465245246887207
4.011725902557373,2296,98141084,0.05442976951599121
4.047804832458496,2297,98183847,0.0544431209564209
4.001611232757568,2298,98226610,0.054602861404418945
4.043447494506836,2299,98269373,0.055922746658325195
3.982595205307007,2300,98312136,0.05469965934753418
4.032134056091309,2301,98354899,0.054482460021972656
4.029306888580322,2302,98397662,0.05453634262084961
4.016225814819336,2303,98440425,0.05457043647766113
4.041650772094727,2304,98483188,0.054888248443603516
4.002534866333008,2305,98525951,0.0546727180480957
4.0128302574157715,2306,98568714,0.05466747283935547
4.0314507484436035,2307,98611477,0.054558515548706055
4.039262294769287,2308,98654240,0.05455374717712402
3.986159086227417,2309,98697003,0.05451846122741699
3.9999656677246094,2310,98739766,0.0544893741607666
4.040946960449219,2311,98782529,0.05459237098693848
3.9919240474700928,2312,98825292,0.05462169647216797
4.000875949859619,2313,98868055,0.05463385581970215
4.031225204467773,2314,98910818,0.054413795471191406
4.0326151847839355,2315,98953581,0.05453014373779297
4.040064334869385,2316,98996344,0.054514169692993164
4.040641784667969,2317,99039107,0.054495811462402344
4.036458492279053,2318,99081870,0.054549455642700195
3.989612579345703,2319,99124633,0.05453968048095703
4.022979736328125,2320,99167396,0.05474376678466797
4.0013933181762695,2321,99210159,0.054659128189086914
4.03048038482666,2322,99252922,0.05459117889404297
4.00599479675293,2323,99295685,0.05473685264587402
4.046696186065674,2324,99338448,0.05505084991455078
4.047945976257324,2325,99381211,0.05483865737915039
4.006115913391113,2326,99423974,0.054666996002197266
4.024669647216797,2327,99466737,0.05450105667114258
4.017294883728027,2328,99509500,0.05465579032897949
4.0193986892700195,2329,99552263,0.05454730987548828
4.044651985168457,2330,99595026,0.054634809494018555
4.060499668121338,2331,99637789,0.054784297943115234
4.033578395843506,2332,99680552,0.05467629432678223
4.013212203979492,2333,99723315,0.05450558662414551
3.9959867000579834,2334,99766078,0.054703712463378906
3.969614028930664,2335,99808841,0.054529666900634766
4.033801555633545,2336,99851604,0.054392099380493164
4.0369873046875,2337,99894367,0.054720163345336914
4.035820484161377,2338,99937130,0.054590463638305664
3.9883086681365967,2339,99979893,0.05457925796508789
4.034236431121826,2340,100022656,0.05473661422729492
