7.017049789428711,2,42762,0.3992495536804199
7.020769119262695,3,85525,0.056218624114990234
7.020557403564453,4,128288,0.08122825622558594
7.0192670822143555,5,171051,0.05792856216430664
7.016605854034424,6,213814,0.05753350257873535
7.017935752868652,7,256577,0.05565810203552246
7.015283584594727,8,299340,0.05550646781921387
7.014971733093262,9,342103,0.05549001693725586
7.014019012451172,10,384866,0.0558316707611084
7.006209850311279,11,427629,0.05551457405090332
7.005946636199951,12,470392,0.05554080009460449
7.001501083374023,13,513155,0.05554652214050293
6.999485969543457,14,555918,0.05546259880065918
6.995937824249268,15,598681,0.05559110641479492
6.991123199462891,16,641444,0.05534172058105469
6.984659194946289,17,684207,0.05538010597229004
6.981698036193848,18,726970,0.05553412437438965
6.9723334312438965,19,769733,0.05536460876464844
6.968108654022217,20,812496,0.05540132522583008
6.961275100708008,21,855259,0.05525398254394531
6.956692218780518,22,898022,0.05552172660827637
6.950439453125,23,940785,0.05560111999511719
6.942072868347168,24,983548,0.05553007125854492
6.934033393859863,25,1026311,0.05515313148498535
6.926117420196533,26,1069074,0.055849313735961914
6.917746067047119,27,1111837,0.055612802505493164
6.9082465171813965,28,1154600,0.05549740791320801
6.898808002471924,29,1197363,0.055512189865112305
6.890585422515869,30,1240126,0.05541276931762695
6.881475448608398,31,1282889,0.05578327178955078
6.871331691741943,32,1325652,0.05553483963012695
6.860041618347168,33,1368415,0.05520176887512207
6.851959705352783,34,1411178,0.05529904365539551
6.838558673858643,35,1453941,0.055423736572265625
6.82831335067749,36,1496704,0.05549311637878418
6.815957546234131,37,1539467,0.055501699447631836
6.804251194000244,38,1582230,0.05535125732421875
6.795346260070801,39,1624993,0.05542945861816406
6.779546737670898,40,1667756,0.05550193786621094
6.772165298461914,41,1710519,0.05550050735473633
6.756623268127441,42,1753282,0.055307865142822266
6.746622085571289,43,1796045,0.05538439750671387
6.733223915100098,44,1838808,0.05519986152648926
6.723649501800537,45,1881571,0.055113792419433594
6.711853504180908,46,1924334,0.055328369140625
6.6970014572143555,47,1967097,0.05548286437988281
6.6833696365356445,48,2009860,0.055472373962402344
6.673852443695068,49,2052623,0.05516815185546875
6.656421661376953,50,2095386,0.055040597915649414
6.645703315734863,51,2138149,0.055637359619140625
6.63555908203125,52,2180912,0.055228471755981445
6.620129108428955,53,2223675,0.05527973175048828
6.611274719238281,54,2266438,0.055092573165893555
6.589134216308594,55,2309201,0.05605196952819824
6.5812668800354,56,2351964,0.05605435371398926
6.570437431335449,57,2394727,0.05543923377990723
6.553951740264893,58,2437490,0.05540013313293457
6.548940181732178,59,2480253,0.055066585540771484
6.530429363250732,60,2523016,0.05543041229248047
6.5214619636535645,61,2565779,0.05595278739929199
6.506164073944092,62,2608542,0.05508852005004883
6.50000524520874,63,2651305,0.05521869659423828
6.4768524169921875,64,2694068,0.05527353286743164
6.4660234451293945,65,2736831,0.05528712272644043
6.45759916305542,66,2779594,0.055725812911987305
6.446760177612305,67,2822357,0.05542397499084473
6.434073448181152,68,2865120,0.05530190467834473
6.428774356842041,69,2907883,0.05517172813415527
6.408721446990967,70,2950646,0.05510973930358887
6.392441272735596,71,2993409,0.05547070503234863
6.379843235015869,72,3036172,0.05556154251098633
6.370458126068115,73,3078935,0.0553288459777832
6.35268497467041,74,3121698,0.05540752410888672
6.351068496704102,75,3164461,0.055414676666259766
6.333166599273682,76,3207224,0.055696964263916016
6.318842887878418,77,3249987,0.05518341064453125
6.309454441070557,78,3292750,0.05523538589477539
6.296388149261475,79,3335513,0.05512714385986328
6.284025192260742,80,3378276,0.05540966987609863
6.2747368812561035,81,3421039,0.05556797981262207
6.26243782043457,82,3463802,0.05530142784118652
6.250176429748535,83,3506565,0.055283546447753906
6.236979007720947,84,3549328,0.05528998374938965
6.2225022315979,85,3592091,0.05559229850769043
6.2122650146484375,86,3634854,0.055292606353759766
6.203054428100586,87,3677617,0.05544400215148926
6.189925193786621,88,3720380,0.05511593818664551
6.179235935211182,89,3763143,0.05513286590576172
6.16309118270874,90,3805906,0.055191993713378906
6.148533344268799,91,3848669,0.05530714988708496
6.136964797973633,92,3891432,0.055359840393066406
6.128964900970459,93,3934195,0.05516695976257324
6.109947204589844,94,3976958,0.05519914627075195
6.101046562194824,95,4019721,0.055219173431396484
6.08671236038208,96,4062484,0.055428266525268555
6.081118106842041,97,4105247,0.05538058280944824
6.067296981811523,98,4148010,0.05543041229248047
6.052441596984863,99,4190773,0.0552670955657959
6.043300151824951,100,4233536,0.05527091026306152
6.024703025817871,101,4276299,0.05518746376037598
6.005341529846191,102,4319062,0.05521893501281738
5.9954729080200195,103,4361825,0.05535292625427246
5.9816389083862305,104,4404588,0.05500459671020508
5.969162464141846,105,4447351,0.05506253242492676
5.962016582489014,106,4490114,0.05514860153198242
5.94481086730957,107,4532877,0.05525493621826172
5.935812473297119,108,4575640,0.05519437789916992
5.9179792404174805,109,4618403,0.05535531044006348
5.903820991516113,110,4661166,0.05509781837463379
5.89876127243042,111,4703929,0.05519700050354004
5.879912853240967,112,4746692,0.056131601333618164
5.858633041381836,113,4789455,0.05558633804321289
5.8514227867126465,114,4832218,0.05596661567687988
5.840702533721924,115,4874981,0.0556485652923584
5.8309197425842285,116,4917744,0.05546402931213379
5.8073225021362305,117,4960507,0.05563712120056152
5.7966132164001465,118,5003270,0.05546760559082031
5.775333404541016,119,5046033,0.05549883842468262
5.769609451293945,120,5088796,0.0555577278137207
5.745222568511963,121,5131559,0.055635929107666016
5.74055814743042,122,5174322,0.055436134338378906
5.72920036315918,123,5217085,0.05550885200500488
5.71093225479126,124,5259848,0.055515289306640625
5.693736553192139,125,5302611,0.055710554122924805
5.679416179656982,126,5345374,0.05577874183654785
5.661523342132568,127,5388137,0.055831193923950195
5.6585187911987305,128,5430900,0.05581355094909668
5.656914710998535,129,5473663,0.055780649185180664
5.646911144256592,130,5516426,0.05582904815673828
5.614533424377441,131,5559189,0.055711984634399414
5.601388931274414,132,5601952,0.05572199821472168
5.578089714050293,133,5644715,0.05612301826477051
5.57912540435791,134,5687478,0.05605435371398926
5.566452980041504,135,5730241,0.056832313537597656
5.5509185791015625,136,5773004,0.05756664276123047
5.5447893142700195,137,5815767,0.05630612373352051
5.510570526123047,138,5858530,0.056485652923583984
5.523611068725586,139,5901293,0.05555558204650879
5.502795696258545,140,5944056,0.055567026138305664
5.490100383758545,141,5986819,0.055333614349365234
5.46376895904541,142,6029582,0.05565643310546875
5.468086242675781,143,6072345,0.05577993392944336
5.4463300704956055,144,6115108,0.056990623474121094
5.4366936683654785,145,6157871,0.05703926086425781
5.412558078765869,146,6200634,0.055748701095581055
5.403222560882568,147,6243397,0.05582857131958008
5.40042781829834,148,6286160,0.05528450012207031
5.393040180206299,149,6328923,0.05550980567932129
5.363605499267578,150,6371686,0.05592179298400879
5.365902423858643,151,6414449,0.05608081817626953
5.3615593910217285,152,6457212,0.05621838569641113
5.320234775543213,153,6499975,0.055962562561035156
5.311688423156738,154,6542738,0.05565595626831055
5.310788631439209,155,6585501,0.055567026138305664
5.293551445007324,156,6628264,0.055420637130737305
5.265865325927734,157,6671027,0.05565905570983887
5.264299392700195,158,6713790,0.05553007125854492
5.241123676300049,159,6756553,0.05505490303039551
5.246043682098389,160,6799316,0.05549192428588867
5.2192277908325195,161,6842079,0.05536770820617676
5.199880123138428,162,6884842,0.055501461029052734
5.170444011688232,163,6927605,0.05563664436340332
5.157748222351074,164,6970368,0.05608415603637695
5.130039215087891,165,7013131,0.05551552772521973
5.130295276641846,166,7055894,0.05558419227600098
5.132478713989258,167,7098657,0.05556893348693848
5.114351749420166,168,7141420,0.0554804801940918
5.096663475036621,169,7184183,0.05559825897216797
5.088613510131836,170,7226946,0.05552101135253906
5.0502800941467285,171,7269709,0.05557513236999512
5.048182487487793,172,7312472,0.055481910705566406
5.0278849601745605,173,7355235,0.05546259880065918
5.031218528747559,174,7397998,0.05548596382141113
5.0310468673706055,175,7440761,0.05544900894165039
5.01754093170166,176,7483524,0.05536317825317383
4.976696968078613,177,7526287,0.05531001091003418
4.983590602874756,178,7569050,0.0554654598236084
4.960752010345459,179,7611813,0.055542707443237305
4.924915313720703,180,7654576,0.0553288459777832
4.942692756652832,181,7697339,0.05479764938354492
4.921816349029541,182,7740102,0.05548453330993652
4.931035041809082,183,7782865,0.055475711822509766
4.899031162261963,184,7825628,0.055301666259765625
4.891912460327148,185,7868391,0.055353403091430664
4.879131317138672,186,7911154,0.05548667907714844
4.847504615783691,187,7953917,0.05540585517883301
4.836747169494629,188,7996680,0.05513715744018555
4.828381538391113,189,8039443,0.056262969970703125
4.79215145111084,190,8082206,0.056162118911743164
4.7954301834106445,191,8124969,0.05618691444396973
4.8002214431762695,192,8167732,0.05566978454589844
4.801151752471924,193,8210495,0.05512285232543945
4.777911186218262,194,8253258,0.05532431602478027
4.7870283126831055,195,8296021,0.05536699295043945
4.778826713562012,196,8338784,0.05554389953613281
4.765457630157471,197,8381547,0.0555419921875
4.77911901473999,198,8424310,0.05525708198547363
4.706435680389404,199,8467073,0.05872035026550293
4.702872276306152,200,8509836,0.056394100189208984
4.714123725891113,201,8552599,0.0552973747253418
4.708830833435059,202,8595362,0.054902076721191406
4.742637634277344,203,8638125,0.05483055114746094
4.6491546630859375,204,8680888,0.054682254791259766
4.6782612800598145,205,8723651,0.05919623374938965
4.698723793029785,206,8766414,0.058165788650512695
4.704166412353516,207,8809177,0.055100440979003906
4.690546035766602,208,8851940,0.05519533157348633
4.676084518432617,209,8894703,0.05486416816711426
4.6500983238220215,210,8937466,0.05520153045654297
4.598667621612549,211,8980229,0.056478023529052734
4.629757881164551,212,9022992,0.05545520782470703
4.638497352600098,213,9065755,0.055355072021484375
4.674975872039795,214,9108518,0.05533170700073242
4.613565444946289,215,9151281,0.05510544776916504
4.629945278167725,216,9194044,0.055572509765625
4.601555824279785,217,9236807,0.05527925491333008
4.590034484863281,218,9279570,0.05488991737365723
4.604949951171875,219,9322333,0.05526590347290039
4.6345953941345215,220,9365096,0.05516362190246582
4.579362392425537,221,9407859,0.05552053451538086
4.60080623626709,222,9450622,0.05525565147399902
4.6195549964904785,223,9493385,0.05531167984008789
4.613056659698486,224,9536148,0.05518388748168945
4.546993255615234,225,9578911,0.05538749694824219
4.617562770843506,226,9621674,0.05519604682922363
4.585169792175293,227,9664437,0.05527448654174805
4.539067268371582,228,9707200,0.055346012115478516
4.53721284866333,229,9749963,0.05529975891113281
4.557136535644531,230,9792726,0.05553150177001953
4.541440486907959,231,9835489,0.05525851249694824
4.59426736831665,232,9878252,0.055277347564697266
4.5194411277771,233,9921015,0.05542635917663574
4.534407138824463,234,9963778,0.05743241310119629
4.543388843536377,235,10006541,0.055251121520996094
4.4941534996032715,236,10049304,0.05518293380737305
4.522435665130615,237,10092067,0.05524635314941406
4.496856689453125,238,10134830,0.05520129203796387
4.505219459533691,239,10177593,0.05558037757873535
4.478994846343994,240,10220356,0.05513882637023926
4.495376110076904,241,10263119,0.05534529685974121
4.5276641845703125,242,10305882,0.055329322814941406
4.531156539916992,243,10348645,0.05574798583984375
4.485893249511719,244,10391408,0.05737876892089844
4.527185916900635,245,10434171,0.05658578872680664
4.503452777862549,246,10476934,0.05614113807678223
4.540828227996826,247,10519697,0.05553460121154785
4.491527080535889,248,10562460,0.05595660209655762
4.544832706451416,249,10605223,0.05560421943664551
4.483373641967773,250,10647986,0.05588722229003906
4.486299514770508,251,10690749,0.05536031723022461
4.483929634094238,252,10733512,0.05533099174499512
4.459595203399658,253,10776275,0.05511975288391113
4.5164995193481445,254,10819038,0.05552363395690918
4.481187343597412,255,10861801,0.05542945861816406
4.485934257507324,256,10904564,0.0553128719329834
4.4738688468933105,257,10947327,0.05520510673522949
4.438214302062988,258,10990090,0.05528140068054199
4.450061798095703,259,11032853,0.055341243743896484
4.440591335296631,260,11075616,0.055410146713256836
4.483077049255371,261,11118379,0.055934906005859375
4.502937316894531,262,11161142,0.05547213554382324
4.422077178955078,263,11203905,0.05527615547180176
4.471551418304443,264,11246668,0.057021141052246094
4.4476637840271,265,11289431,0.05575728416442871
4.437023162841797,266,11332194,0.05517697334289551
4.433955669403076,267,11374957,0.055533409118652344
4.451900005340576,268,11417720,0.0552823543548584
4.440783500671387,269,11460483,0.05521130561828613
4.457269191741943,270,11503246,0.05533576011657715
4.380184650421143,271,11546009,0.0548555850982666
4.457387924194336,272,11588772,0.05531191825866699
4.438687324523926,273,11631535,0.056710004806518555
4.45963716506958,274,11674298,0.05628347396850586
4.435070991516113,275,11717061,0.05614471435546875
4.464906692504883,276,11759824,0.0565793514251709
4.412548542022705,277,11802587,0.055458784103393555
4.423870086669922,278,11845350,0.05532264709472656
4.439408779144287,279,11888113,0.05562901496887207
4.436695098876953,280,11930876,0.055304765701293945
4.442751407623291,281,11973639,0.056379079818725586
4.417746067047119,282,12016402,0.05540204048156738
4.436017036437988,283,12059165,0.055513620376586914
4.427392482757568,284,12101928,0.055434226989746094
4.369576930999756,285,12144691,0.0553584098815918
4.3696699142456055,286,12187454,0.055819034576416016
4.412453651428223,287,12230217,0.05536651611328125
4.410175800323486,288,12272980,0.055312156677246094
4.408987045288086,289,12315743,0.05556845664978027
4.380414009094238,290,12358506,0.055493831634521484
4.441816806793213,291,12401269,0.05545330047607422
4.3904337882995605,292,12444032,0.05541586875915527
4.4103288650512695,293,12486795,0.055531978607177734
4.456930160522461,294,12529558,0.05502629280090332
4.432864665985107,295,12572321,0.05472922325134277
4.415040969848633,296,12615084,0.05539870262145996
4.38381290435791,297,12657847,0.05539703369140625
4.388789176940918,298,12700610,0.055516958236694336
4.369786262512207,299,12743373,0.055167198181152344
4.409473896026611,300,12786136,0.0549314022064209
4.367964744567871,301,12828899,0.05511021614074707
4.372231960296631,302,12871662,0.05495619773864746
4.352262020111084,303,12914425,0.055333852767944336
4.383327007293701,304,12957188,0.05527615547180176
4.372466087341309,305,12999951,0.055535316467285156
4.36704683303833,306,13042714,0.05547308921813965
4.368393421173096,307,13085477,0.05541563034057617
4.412639617919922,308,13128240,0.05539822578430176
4.384236812591553,309,13171003,0.05493760108947754
4.342434883117676,310,13213766,0.05516171455383301
4.414918422698975,311,13256529,0.05542159080505371
4.337276458740234,312,13299292,0.05542635917663574
4.3262834548950195,313,13342055,0.055521249771118164
4.3410844802856445,314,13384818,0.05518078804016113
4.279600620269775,315,13427581,0.05528712272644043
4.3750739097595215,316,13470344,0.055483102798461914
4.358333110809326,317,13513107,0.054877519607543945
4.357055187225342,318,13555870,0.0548245906829834
4.385122299194336,319,13598633,0.055271148681640625
4.362233638763428,320,13641396,0.0561070442199707
4.362576007843018,321,13684159,0.05553150177001953
4.330018997192383,322,13726922,0.05645155906677246
4.34749174118042,323,13769685,0.055289268493652344
4.316330909729004,324,13812448,0.0556483268737793
4.335014343261719,325,13855211,0.05694389343261719
4.302868366241455,326,13897974,0.05508542060852051
4.351735591888428,327,13940737,0.05594635009765625
4.3409743309021,328,13983500,0.055338144302368164
4.3178205490112305,329,14026263,0.05495715141296387
4.317894458770752,330,14069026,0.056870460510253906
4.35809850692749,331,14111789,0.05557513236999512
4.353422164916992,332,14154552,0.055269479751586914
4.359673023223877,333,14197315,0.05574488639831543
4.308482646942139,334,14240078,0.056371212005615234
4.326049327850342,335,14282841,0.05659031867980957
4.309378147125244,336,14325604,0.05549883842468262
4.365540981292725,337,14368367,0.05474424362182617
4.321067810058594,338,14411130,0.05666685104370117
4.345342636108398,339,14453893,0.05531167984008789
4.354489326477051,340,14496656,0.05593109130859375
4.312984466552734,341,14539419,0.05623197555541992
4.347108364105225,342,14582182,0.05543780326843262
4.323957443237305,343,14624945,0.05521392822265625
4.353511333465576,344,14667708,0.05533862113952637
4.326122283935547,345,14710471,0.055025577545166016
4.335062503814697,346,14753234,0.05650973320007324
4.3259477615356445,347,14795997,0.0562896728515625
4.3017449378967285,348,14838760,0.05538129806518555
4.308220863342285,349,14881523,0.055307865142822266
4.367863655090332,350,14924286,0.05530095100402832
4.348927974700928,351,14967049,0.05531144142150879
4.3358540534973145,352,15009812,0.05650615692138672
4.31665563583374,353,15052575,0.05575060844421387
4.293145179748535,354,15095338,0.056012868881225586
4.255033493041992,355,15138101,0.05669999122619629
4.3242268562316895,356,15180864,0.056288719177246094
4.27908182144165,357,15223627,0.05479168891906738
4.314285755157471,358,15266390,0.05685901641845703
4.360864162445068,359,15309153,0.05637073516845703
4.2943339347839355,360,15351916,0.05571937561035156
4.3288092613220215,361,15394679,0.05592083930969238
4.307701110839844,362,15437442,0.05527043342590332
4.285874843597412,363,15480205,0.055467844009399414
4.263066291809082,364,15522968,0.05558300018310547
4.285157680511475,365,15565731,0.05533337593078613
4.285224437713623,366,15608494,0.055071115493774414
4.304230213165283,367,15651257,0.05526375770568848
4.273822784423828,368,15694020,0.05532479286193848
4.298823356628418,369,15736783,0.05533599853515625
4.307987689971924,370,15779546,0.05601763725280762
4.279057502746582,371,15822309,0.05505108833312988
4.2457780838012695,372,15865072,0.05522584915161133
4.3118896484375,373,15907835,0.05511832237243652
4.298440456390381,374,15950598,0.05481433868408203
4.278735637664795,375,15993361,0.055210113525390625
4.246922492980957,376,16036124,0.05531907081604004
4.258684158325195,377,16078887,0.05537295341491699
4.266223430633545,378,16121650,0.0553431510925293
4.268420696258545,379,16164413,0.05548739433288574
4.275127410888672,380,16207176,0.05515003204345703
4.329211235046387,381,16249939,0.055257320404052734
4.28852653503418,382,16292702,0.05634951591491699
4.318492412567139,383,16335465,0.05523490905761719
4.2318315505981445,384,16378228,0.05581188201904297
4.2639384269714355,385,16420991,0.054897308349609375
4.316833019256592,386,16463754,0.05604410171508789
4.304957866668701,387,16506517,0.05532240867614746
4.270279884338379,388,16549280,0.05572175979614258
4.225387096405029,389,16592043,0.05507302284240723
4.317727088928223,390,16634806,0.0558009147644043
4.26145076751709,391,16677569,0.05514216423034668
4.246356010437012,392,16720332,0.05482625961303711
4.257925033569336,393,16763095,0.05520057678222656
4.2721428871154785,394,16805858,0.055760860443115234
4.306259632110596,395,16848621,0.05590319633483887
4.293713092803955,396,16891384,0.05570650100708008
4.301599502563477,397,16934147,0.05547308921813965
4.2840375900268555,398,16976910,0.055205583572387695
4.293509006500244,399,17019673,0.0548863410949707
4.270134449005127,400,17062436,0.05509066581726074
4.275832653045654,401,17105199,0.054863691329956055
4.254868507385254,402,17147962,0.05524921417236328
4.272946834564209,403,17190725,0.05517983436584473
4.258068084716797,404,17233488,0.055310964584350586
4.278597831726074,405,17276251,0.055358171463012695
4.233060359954834,406,17319014,0.05532121658325195
4.269086837768555,407,17361777,0.05544543266296387
4.275840759277344,408,17404540,0.055207252502441406
4.268438816070557,409,17447303,0.0553131103515625
4.256089687347412,410,17490066,0.05507183074951172
4.220127582550049,411,17532829,0.05531430244445801
4.23720645904541,412,17575592,0.05551767349243164
4.249272346496582,413,17618355,0.054846763610839844
4.229981899261475,414,17661118,0.05466198921203613
4.243693828582764,415,17703881,0.05459117889404297
4.25504207611084,416,17746644,0.05505967140197754
4.260916709899902,417,17789407,0.054807186126708984
4.249329566955566,418,17832170,0.054888248443603516
4.237328052520752,419,17874933,0.05501580238342285
4.247100353240967,420,17917696,0.05539584159851074
4.229142665863037,421,17960459,0.055269479751586914
4.229687690734863,422,18003222,0.05534625053405762
4.288713455200195,423,18045985,0.05523324012756348
4.224201679229736,424,18088748,0.05528402328491211
4.231591701507568,425,18131511,0.05517721176147461
4.273489952087402,426,18174274,0.05517315864562988
4.252624034881592,427,18217037,0.05505228042602539
4.260464191436768,428,18259800,0.05526256561279297
4.246764659881592,429,18302563,0.055233001708984375
4.264137268066406,430,18345326,0.05509328842163086
4.252846717834473,431,18388089,0.05507397651672363
4.274933338165283,432,18430852,0.056166648864746094
4.259708881378174,433,18473615,0.055251359939575195
4.261190414428711,434,18516378,0.05531144142150879
4.256199359893799,435,18559141,0.055028676986694336
4.278907299041748,436,18601904,0.05575394630432129
4.241805553436279,437,18644667,0.05517172813415527
4.2763590812683105,438,18687430,0.05557370185852051
4.2785491943359375,439,18730193,0.05561566352844238
4.26605224609375,440,18772956,0.0554807186126709
4.2211527824401855,441,18815719,0.05505037307739258
4.254312515258789,442,18858482,0.055147409439086914
4.2527265548706055,443,18901245,0.055223703384399414
4.270135402679443,444,18944008,0.0552515983581543
4.219054222106934,445,18986771,0.05502152442932129
4.229517936706543,446,19029534,0.05521368980407715
4.255098819732666,447,19072297,0.055223703384399414
4.2369232177734375,448,19115060,0.054819345474243164
4.229158878326416,449,19157823,0.05520772933959961
4.247926712036133,450,19200586,0.055132150650024414
4.234186172485352,451,19243349,0.05515861511230469
4.214552879333496,452,19286112,0.05510282516479492
4.254922389984131,453,19328875,0.055376529693603516
4.222496032714844,454,19371638,0.055376529693603516
4.277121543884277,455,19414401,0.05521678924560547
4.220729827880859,456,19457164,0.05487394332885742
4.230484485626221,457,19499927,0.055036306381225586
4.2644877433776855,458,19542690,0.05520319938659668
4.2593994140625,459,19585453,0.05508255958557129
4.223689079284668,460,19628216,0.05514955520629883
4.243947505950928,461,19670979,0.05527353286743164
4.2338128089904785,462,19713742,0.05511307716369629
4.183332920074463,463,19756505,0.05514931678771973
4.239508628845215,464,19799268,0.05507469177246094
4.206509113311768,465,19842031,0.055237531661987305
4.213189125061035,466,19884794,0.054990291595458984
4.212654113769531,467,19927557,0.055077314376831055
4.224330902099609,468,19970320,0.05535268783569336
4.22835111618042,469,20013083,0.05516815185546875
4.256514072418213,470,20055846,0.05542802810668945
4.2136125564575195,471,20098609,0.05525016784667969
4.225953578948975,472,20141372,0.05535626411437988
4.215080261230469,473,20184135,0.055263519287109375
4.250910758972168,474,20226898,0.055146217346191406
4.185142993927002,475,20269661,0.055243730545043945
4.206877708435059,476,20312424,0.055168867111206055
4.2028679847717285,477,20355187,0.05531620979309082
4.238051891326904,478,20397950,0.055396080017089844
4.214814186096191,479,20440713,0.055175065994262695
4.236770153045654,480,20483476,0.05542635917663574
4.2257466316223145,481,20526239,0.05502939224243164
4.217837333679199,482,20569002,0.055191755294799805
4.195319652557373,483,20611765,0.05514216423034668
4.171203136444092,484,20654528,0.05527520179748535
4.184679985046387,485,20697291,0.055201053619384766
4.2209649085998535,486,20740054,0.05533003807067871
4.253046989440918,487,20782817,0.05520439147949219
4.176551342010498,488,20825580,0.05527925491333008
4.2277913093566895,489,20868343,0.05548858642578125
4.182888031005859,490,20911106,0.0552825927734375
4.238992691040039,491,20953869,0.05539202690124512
4.218800067901611,492,20996632,0.05518960952758789
4.196474075317383,493,21039395,0.05515575408935547
4.186074256896973,494,21082158,0.055194854736328125
4.241680145263672,495,21124921,0.05526304244995117
4.234800815582275,496,21167684,0.05507373809814453
4.21853494644165,497,21210447,0.05535078048706055
4.275279521942139,498,21253210,0.055522918701171875
4.2142438888549805,499,21295973,0.05525636672973633
4.197576522827148,500,21338736,0.055205345153808594
4.244130611419678,501,21381499,0.05518531799316406
4.2046003341674805,502,21424262,0.059445858001708984
4.230908393859863,503,21467025,0.05757331848144531
4.200371742248535,504,21509788,0.05754971504211426
4.195756912231445,505,21552551,0.057684898376464844
4.1937971115112305,506,21595314,0.057852745056152344
4.181388854980469,507,21638077,0.057737112045288086
4.2385640144348145,508,21680840,0.057885169982910156
4.232604026794434,509,21723603,0.057578086853027344
4.188807010650635,510,21766366,0.05739641189575195
4.221681594848633,511,21809129,0.05866432189941406
4.153046131134033,512,21851892,0.057564735412597656
4.199520111083984,513,21894655,0.057889461517333984
4.1757025718688965,514,21937418,0.061318159103393555
4.204446315765381,515,21980181,0.057839393615722656
4.213413238525391,516,22022944,0.057608604431152344
4.2257585525512695,517,22065707,0.057317256927490234
4.167716026306152,518,22108470,0.05747723579406738
4.219666957855225,519,22151233,0.0574493408203125
4.206494331359863,520,22193996,0.05737566947937012
4.19025993347168,521,22236759,0.057656049728393555
4.167508125305176,522,22279522,0.05837869644165039
4.191006660461426,523,22322285,0.057847023010253906
4.176373481750488,524,22365048,0.057511091232299805
4.211583614349365,525,22407811,0.05768847465515137
4.187288761138916,526,22450574,0.05776500701904297
4.212907791137695,527,22493337,0.05746197700500488
4.1459503173828125,528,22536100,0.05763697624206543
4.218914031982422,529,22578863,0.05768275260925293
4.1905694007873535,530,22621626,0.057770729064941406
4.200578212738037,531,22664389,0.057589054107666016
4.180082321166992,532,22707152,0.0574793815612793
4.1658244132995605,533,22749915,0.05748796463012695
4.211995601654053,534,22792678,0.05862689018249512
4.189541816711426,535,22835441,0.05783510208129883
4.188933849334717,536,22878204,0.05807352066040039
4.214982032775879,537,22920967,0.0576024055480957
4.179144859313965,538,22963730,0.05806374549865723
4.161973476409912,539,23006493,0.057619571685791016
4.158895015716553,540,23049256,0.05749154090881348
4.172834396362305,541,23092019,0.057444095611572266
4.198182106018066,542,23134782,0.05757951736450195
4.2328619956970215,543,23177545,0.05740189552307129
4.196313858032227,544,23220308,0.057363033294677734
4.171137809753418,545,23263071,0.057747602462768555
4.18800687789917,546,23305834,0.058828115463256836
4.185991287231445,547,23348597,0.05785822868347168
4.168702125549316,548,23391360,0.05761885643005371
4.222588539123535,549,23434123,0.05744647979736328
4.169431686401367,550,23476886,0.05753588676452637
4.205881118774414,551,23519649,0.05798840522766113
4.211043357849121,552,23562412,0.0575869083404541
4.165624618530273,553,23605175,0.05752301216125488
4.190529823303223,554,23647938,0.057504892349243164
4.179446697235107,555,23690701,0.05733942985534668
4.16541051864624,556,23733464,0.05766439437866211
4.172661781311035,557,23776227,0.05809521675109863
4.1967082023620605,558,23818990,0.0576624870300293
4.186472415924072,559,23861753,0.0577085018157959
4.20749568939209,560,23904516,0.05725288391113281
4.144557952880859,561,23947279,0.05762529373168945
4.176999092102051,562,23990042,0.058820486068725586
4.193696022033691,563,24032805,0.057871103286743164
4.196394443511963,564,24075568,0.05754542350769043
4.210978984832764,565,24118331,0.05784177780151367
4.174039363861084,566,24161094,0.05764961242675781
4.1930413246154785,567,24203857,0.05737566947937012
4.193324089050293,568,24246620,0.057713985443115234
4.182074546813965,569,24289383,0.05779719352722168
4.168121337890625,570,24332146,0.05740523338317871
4.155643463134766,571,24374909,0.05750775337219238
4.1845502853393555,572,24417672,0.058258056640625
4.136553764343262,573,24460435,0.05795001983642578
4.185698986053467,574,24503198,0.057601213455200195
4.190945148468018,575,24545961,0.0576932430267334
4.193086624145508,576,24588724,0.05758213996887207
4.1523118019104,577,24631487,0.0576479434967041
4.209814071655273,578,24674250,0.0573270320892334
4.165374279022217,579,24717013,0.05751657485961914
4.1784539222717285,580,24759776,0.0578160285949707
4.1769843101501465,581,24802539,0.05736279487609863
4.196714878082275,582,24845302,0.05753731727600098
4.192983150482178,583,24888065,0.05774831771850586
4.139810085296631,584,24930828,0.05751347541809082
4.203118801116943,585,24973591,0.057482242584228516
4.198266983032227,586,25016354,0.05783390998840332
4.185068607330322,587,25059117,0.057788848876953125
4.124184608459473,588,25101880,0.057805776596069336
4.198446750640869,589,25144643,0.05784869194030762
4.204325199127197,590,25187406,0.05751395225524902
4.193841457366943,591,25230169,0.05771374702453613
4.153217315673828,592,25272932,0.05965757369995117
4.179560661315918,593,25315695,0.05784869194030762
4.128048896789551,594,25358458,0.05743217468261719
4.196638107299805,595,25401221,0.05716872215270996
4.145560264587402,596,25443984,0.05794262886047363
4.154856204986572,597,25486747,0.05750417709350586
4.178370475769043,598,25529510,0.05762219429016113
4.201740741729736,599,25572273,0.057281494140625
4.170408725738525,600,25615036,0.05784344673156738
4.144914627075195,601,25657799,0.05733466148376465
4.160848140716553,602,25700562,0.05777549743652344
4.159284591674805,603,25743325,0.05737948417663574
4.127612113952637,604,25786088,0.05720329284667969
4.148026466369629,605,25828851,0.05748486518859863
4.150856971740723,606,25871614,0.05821037292480469
4.153716564178467,607,25914377,0.05776166915893555
4.202537536621094,608,25957140,0.05746340751647949
4.183856010437012,609,25999903,0.05776691436767578
4.153748512268066,610,26042666,0.057420969009399414
4.197505950927734,611,26085429,0.0580601692199707
4.156088829040527,612,26128192,0.05825233459472656
4.1917219161987305,613,26170955,0.057619333267211914
4.162036418914795,614,26213718,0.05742383003234863
4.141599655151367,615,26256481,0.057535648345947266
4.131993770599365,616,26299244,0.05743741989135742
4.176069259643555,617,26342007,0.057586669921875
4.140013694763184,618,26384770,0.05750393867492676
4.1531147956848145,619,26427533,0.057562828063964844
4.140848636627197,620,26470296,0.05745697021484375
4.1558709144592285,621,26513059,0.0575556755065918
4.14799165725708,622,26555822,0.05791449546813965
4.1565117835998535,623,26598585,0.05758047103881836
4.178450107574463,624,26641348,0.057331085205078125
4.149410724639893,625,26684111,0.05761575698852539
4.179549217224121,626,26726874,0.05786752700805664
4.158056735992432,627,26769637,0.05766892433166504
4.1782426834106445,628,26812400,0.05742049217224121
4.183901309967041,629,26855163,0.05743050575256348
4.180546760559082,630,26897926,0.05779862403869629
4.142289638519287,631,26940689,0.05758166313171387
4.170805931091309,632,26983452,0.05876636505126953
4.163992404937744,633,27026215,0.057720184326171875
4.181308746337891,634,27068978,0.05749320983886719
4.183984756469727,635,27111741,0.05776357650756836
4.180411338806152,636,27154504,0.05758857727050781
4.152257919311523,637,27197267,0.05790877342224121
4.124637603759766,638,27240030,0.05772542953491211
4.139855861663818,639,27282793,0.057442665100097656
4.133186340332031,640,27325556,0.05767655372619629
4.127726078033447,641,27368319,0.05767035484313965
4.155937194824219,642,27411082,0.057450294494628906
4.199659824371338,643,27453845,0.05755162239074707
4.150403022766113,644,27496608,0.05783534049987793
4.118869304656982,645,27539371,0.05773448944091797
4.153116226196289,646,27582134,0.05732464790344238
4.168797016143799,647,27624897,0.0573430061340332
4.153596878051758,648,27667660,0.05769538879394531
4.145116329193115,649,27710423,0.057563066482543945
4.171019077301025,650,27753186,0.058072805404663086
4.137339115142822,651,27795949,0.05758023262023926
4.138131141662598,652,27838712,0.057367801666259766
4.1586689949035645,653,27881475,0.05734539031982422
4.1433234214782715,654,27924238,0.057418107986450195
4.154666900634766,655,27967001,0.0575408935546875
4.186254978179932,656,28009764,0.05756998062133789
4.139077186584473,657,28052527,0.05742073059082031
4.142374515533447,658,28095290,0.05755281448364258
4.1511054039001465,659,28138053,0.05759406089782715
4.129941463470459,660,28180816,0.05729341506958008
4.151647090911865,661,28223579,0.057825326919555664
4.165456771850586,662,28266342,0.05796074867248535
4.147259712219238,663,28309105,0.057587623596191406
4.112037658691406,664,28351868,0.05767345428466797
4.157362461090088,665,28394631,0.057720184326171875
4.104952335357666,666,28437394,0.05749940872192383
4.17239236831665,667,28480157,0.057381629943847656
4.144364833831787,668,28522920,0.0575871467590332
4.166226863861084,669,28565683,0.05755329132080078
4.122917175292969,670,28608446,0.05767345428466797
4.139410495758057,671,28651209,0.05767655372619629
4.15395450592041,672,28693972,0.057770490646362305
4.130089282989502,673,28736735,0.05746912956237793
4.120138168334961,674,28779498,0.05756950378417969
4.096142768859863,675,28822261,0.05756855010986328
4.122955799102783,676,28865024,0.05753970146179199
4.136742115020752,677,28907787,0.05744290351867676
4.152512073516846,678,28950550,0.057599544525146484
4.144716262817383,679,28993313,0.05738973617553711
4.171529293060303,680,29036076,0.057663917541503906
4.111978054046631,681,29078839,0.057641029357910156
4.182070255279541,682,29121602,0.05741143226623535
4.108975410461426,683,29164365,0.05758953094482422
4.179951190948486,684,29207128,0.05855512619018555
4.169958114624023,685,29249891,0.05785322189331055
4.109554767608643,686,29292654,0.057550668716430664
4.145271301269531,687,29335417,0.05748629570007324
4.141089916229248,688,29378180,0.05773305892944336
4.125443935394287,689,29420943,0.05790567398071289
4.152048110961914,690,29463706,0.057804107666015625
4.0874786376953125,691,29506469,0.05798935890197754
4.1504130363464355,692,29549232,0.05797624588012695
4.128037929534912,693,29591995,0.05792713165283203
4.1389241218566895,694,29634758,0.05797719955444336
4.110182762145996,695,29677521,0.058040618896484375
4.168838024139404,696,29720284,0.05810093879699707
4.13905143737793,697,29763047,0.05804800987243652
4.130446434020996,698,29805810,0.058161258697509766
4.117236137390137,699,29848573,0.05804800987243652
4.175662517547607,700,29891336,0.0581820011138916
4.128462791442871,701,29934099,0.05831170082092285
4.188479423522949,702,29976862,0.058349609375
4.119935989379883,703,30019625,0.05827736854553223
4.159470558166504,704,30062388,0.0582880973815918
4.089295387268066,705,30105151,0.05824637413024902
4.111050128936768,706,30147914,0.05944967269897461
4.125206470489502,707,30190677,0.05878043174743652
4.152514457702637,708,30233440,0.058296918869018555
4.144959449768066,709,30276203,0.05830502510070801
4.125491619110107,710,30318966,0.05822396278381348
4.155185222625732,711,30361729,0.058509111404418945
4.130607604980469,712,30404492,0.05820488929748535
4.110731601715088,713,30447255,0.05832815170288086
4.153432846069336,714,30490018,0.057741641998291016
4.095759868621826,715,30532781,0.05840301513671875
4.152703762054443,716,30575544,0.05863618850708008
4.15093469619751,717,30618307,0.05795884132385254
4.13007116317749,718,30661070,0.058383941650390625
4.104805946350098,719,30703833,0.05821084976196289
4.141541004180908,720,30746596,0.058441877365112305
4.135748386383057,721,30789359,0.05840110778808594
4.165529727935791,722,30832122,0.05837845802307129
4.105504989624023,723,30874885,0.05813789367675781
4.1113810539245605,724,30917648,0.05814695358276367
4.119541645050049,725,30960411,0.0582575798034668
4.147432804107666,726,31003174,0.05829119682312012
4.152531147003174,727,31045937,0.057544708251953125
4.146540641784668,728,31088700,0.05817723274230957
4.160981178283691,729,31131463,0.055753469467163086
4.126668453216553,730,31174226,0.055741071701049805
4.153578758239746,731,31216989,0.05818486213684082
4.111570358276367,732,31259752,0.058107852935791016
4.161933422088623,733,31302515,0.05830883979797363
4.088411331176758,734,31345278,0.05829954147338867
4.145840167999268,735,31388041,0.05836844444274902
4.142662048339844,736,31430804,0.05759692192077637
4.075860500335693,737,31473567,0.06007957458496094
4.077069282531738,738,31516330,0.05855226516723633
4.155333518981934,739,31559093,0.06132626533508301
4.134276390075684,740,31601856,0.05826163291931152
4.130192279815674,741,31644619,0.05935382843017578
4.162079811096191,742,31687382,0.05985450744628906
4.161173343658447,743,31730145,0.05918145179748535
4.131241798400879,744,31772908,0.05995535850524902
4.137626647949219,745,31815671,0.05731964111328125
4.181819915771484,746,31858434,0.05604839324951172
4.0966033935546875,747,31901197,0.056014060974121094
4.103067398071289,748,31943960,0.055580854415893555
4.105157375335693,749,31986723,0.05531167984008789
4.156993865966797,750,32029486,0.055624961853027344
4.121635437011719,751,32072249,0.054936885833740234
4.167085647583008,752,32115012,0.05518627166748047
4.138430595397949,753,32157775,0.056493520736694336
4.090959072113037,754,32200538,0.05685281753540039
4.103579521179199,755,32243301,0.05539417266845703
4.090878486633301,756,32286064,0.0556643009185791
4.08538293838501,757,32328827,0.05718588829040527
4.119752883911133,758,32371590,0.05564594268798828
4.09766960144043,759,32414353,0.05660200119018555
4.1286396980285645,760,32457116,0.055910587310791016
4.122093677520752,761,32499879,0.05705547332763672
4.1258931159973145,762,32542642,0.055606842041015625
4.079654693603516,763,32585405,0.05691862106323242
4.084194660186768,764,32628168,0.05647730827331543
4.135576248168945,765,32670931,0.05565190315246582
4.12233829498291,766,32713694,0.056262969970703125
4.147542476654053,767,32756457,0.05631113052368164
4.130955219268799,768,32799220,0.055312156677246094
4.061844348907471,769,32841983,0.055582523345947266
4.112147331237793,770,32884746,0.05667543411254883
4.123239040374756,771,32927509,0.05619049072265625
4.119108200073242,772,32970272,0.057839393615722656
4.138784885406494,773,33013035,0.05503654479980469
4.121279716491699,774,33055798,0.05496025085449219
4.107743263244629,775,33098561,0.054978370666503906
4.075000762939453,776,33141324,0.05492043495178223
4.091680526733398,777,33184087,0.054975032806396484
4.071589469909668,778,33226850,0.055010080337524414
4.1171770095825195,779,33269613,0.05488705635070801
4.132267951965332,780,33312376,0.056119680404663086
4.145767688751221,781,33355139,0.05564117431640625
4.105575084686279,782,33397902,0.055159807205200195
4.083177089691162,783,33440665,0.05515742301940918
4.1240010261535645,784,33483428,0.05501198768615723
4.126992702484131,785,33526191,0.05555462837219238
4.130876541137695,786,33568954,0.0557093620300293
4.097023963928223,787,33611717,0.05498242378234863
4.149595260620117,788,33654480,0.05546259880065918
4.147769451141357,789,33697243,0.05520486831665039
4.093836784362793,790,33740006,0.055193424224853516
4.131357192993164,791,33782769,0.055357933044433594
4.105918884277344,792,33825532,0.055042266845703125
4.099180698394775,793,33868295,0.05525636672973633
4.1425933837890625,794,33911058,0.05510520935058594
4.044723987579346,795,33953821,0.055326223373413086
4.127723217010498,796,33996584,0.056389570236206055
4.104463577270508,797,34039347,0.05545830726623535
4.094221115112305,798,34082110,0.05534005165100098
4.129395961761475,799,34124873,0.05549502372741699
4.1343994140625,800,34167636,0.05519437789916992
4.06624698638916,801,34210399,0.055230140686035156
4.13120698928833,802,34253162,0.05495500564575195
4.064496994018555,803,34295925,0.05800580978393555
4.101621627807617,804,34338688,0.05833292007446289
4.114111423492432,805,34381451,0.05794882774353027
4.136682510375977,806,34424214,0.05750703811645508
4.114318370819092,807,34466977,0.05896711349487305
4.100625514984131,808,34509740,0.058237314224243164
4.109147071838379,809,34552503,0.05771970748901367
4.1121506690979,810,34595266,0.058150291442871094
4.097175121307373,811,34638029,0.05833911895751953
4.138657093048096,812,34680792,0.05829334259033203
4.133523941040039,813,34723555,0.058286190032958984
4.0924506187438965,814,34766318,0.05836915969848633
4.113995552062988,815,34809081,0.0582730770111084
4.11687707901001,816,34851844,0.0580141544342041
4.119170188903809,817,34894607,0.05811285972595215
4.096035003662109,818,34937370,0.05814170837402344
4.142874717712402,819,34980133,0.05793428421020508
4.1129302978515625,820,35022896,0.05860161781311035
4.119906425476074,821,35065659,0.05769681930541992
4.119687080383301,822,35108422,0.05816769599914551
4.074071407318115,823,35151185,0.06001448631286621
4.08698034286499,824,35193948,0.05642223358154297
4.105802536010742,825,35236711,0.05595064163208008
4.108607292175293,826,35279474,0.05791974067687988
4.093634128570557,827,35322237,0.06032252311706543
4.112123489379883,828,35365000,0.058640480041503906
4.105068683624268,829,35407763,0.05840945243835449
4.110597133636475,830,35450526,0.058188438415527344
4.108115196228027,831,35493289,0.05820512771606445
4.117787837982178,832,35536052,0.05913496017456055
4.090175628662109,833,35578815,0.05954384803771973
4.1073760986328125,834,35621578,0.05983996391296387
4.113729000091553,835,35664341,0.05986666679382324
4.154350280761719,836,35707104,0.0596158504486084
4.120329856872559,837,35749867,0.05831718444824219
4.105468273162842,838,35792630,0.05861687660217285
4.119345188140869,839,35835393,0.059060096740722656
4.113694667816162,840,35878156,0.05964469909667969
4.076323986053467,841,35920919,0.059304237365722656
4.135598182678223,842,35963682,0.05895662307739258
4.105982780456543,843,36006445,0.056433677673339844
4.130139350891113,844,36049208,0.05623817443847656
4.085686683654785,845,36091971,0.055921077728271484
4.144598484039307,846,36134734,0.05556654930114746
4.075826168060303,847,36177497,0.05561375617980957
4.145630836486816,848,36220260,0.0564115047454834
4.121540069580078,849,36263023,0.05604910850524902
4.123110771179199,850,36305786,0.05661916732788086
4.091519355773926,851,36348549,0.05589771270751953
4.067944049835205,852,36391312,0.056644439697265625
4.1217474937438965,853,36434075,0.05565786361694336
4.141787528991699,854,36476838,0.055490732192993164
4.075589179992676,855,36519601,0.055588483810424805
4.134415149688721,856,36562364,0.0553736686706543
4.10915470123291,857,36605127,0.05514383316040039
4.105142593383789,858,36647890,0.055603742599487305
4.122251033782959,859,36690653,0.05543684959411621
4.124894142150879,860,36733416,0.055258989334106445
4.084523677825928,861,36776179,0.05547809600830078
4.084417819976807,862,36818942,0.055519819259643555
4.134056568145752,863,36861705,0.05609536170959473
4.101822853088379,864,36904468,0.05678963661193848
4.105713367462158,865,36947231,0.05565357208251953
4.081925392150879,866,36989994,0.05553913116455078
4.073343753814697,867,37032757,0.05823540687561035
4.0922932624816895,868,37075520,0.056620121002197266
4.097862243652344,869,37118283,0.057436227798461914
4.119638442993164,870,37161046,0.05636882781982422
4.100949764251709,871,37203809,0.05624103546142578
4.113156318664551,872,37246572,0.05960202217102051
4.091145038604736,873,37289335,0.05618095397949219
4.101471424102783,874,37332098,0.05531120300292969
4.062534809112549,875,37374861,0.055934906005859375
4.092358112335205,876,37417624,0.055502891540527344
4.099524974822998,877,37460387,0.05712080001831055
4.113146781921387,878,37503150,0.05529165267944336
4.058996200561523,879,37545913,0.05532526969909668
4.089412689208984,880,37588676,0.055117130279541016
4.104323387145996,881,37631439,0.05538654327392578
4.080117225646973,882,37674202,0.05531144142150879
4.115713119506836,883,37716965,0.0554196834564209
4.077087879180908,884,37759728,0.05539751052856445
4.0625810623168945,885,37802491,0.056314945220947266
4.071405410766602,886,37845254,0.05539369583129883
4.120102405548096,887,37888017,0.0554661750793457
4.0917067527771,888,37930780,0.055262088775634766
4.103090286254883,889,37973543,0.055236101150512695
4.120843887329102,890,38016306,0.055222511291503906
4.092955112457275,891,38059069,0.05519366264343262
4.117482662200928,892,38101832,0.05527138710021973
4.118283748626709,893,38144595,0.05534791946411133
4.124432563781738,894,38187358,0.05512666702270508
4.090722560882568,895,38230121,0.055104732513427734
4.060450553894043,896,38272884,0.055176496505737305
4.119475364685059,897,38315647,0.05539846420288086
4.10660457611084,898,38358410,0.05533933639526367
4.068324565887451,899,38401173,0.055397987365722656
4.083165168762207,900,38443936,0.05507183074951172
4.086175918579102,901,38486699,0.05528998374938965
4.096231460571289,902,38529462,0.05543231964111328
4.09025239944458,903,38572225,0.05522274971008301
4.101359844207764,904,38614988,0.05546426773071289
4.117003440856934,905,38657751,0.05484461784362793
4.07697868347168,906,38700514,0.05515122413635254
4.119606971740723,907,38743277,0.05535435676574707
4.09449577331543,908,38786040,0.05544590950012207
4.110042095184326,909,38828803,0.05517888069152832
4.098714828491211,910,38871566,0.05543971061706543
4.1271772384643555,911,38914329,0.05537009239196777
4.073986053466797,912,38957092,0.055390119552612305
4.10929012298584,913,38999855,0.054885149002075195
4.059963226318359,914,39042618,0.05516242980957031
4.109732151031494,915,39085381,0.055294036865234375
4.102823257446289,916,39128144,0.0553278923034668
4.087634086608887,917,39170907,0.05669736862182617
4.095198154449463,918,39213670,0.05543828010559082
4.103677749633789,919,39256433,0.05469012260437012
4.101223945617676,920,39299196,0.05755949020385742
4.075449466705322,921,39341959,0.05642390251159668
4.103506088256836,922,39384722,0.056043386459350586
4.126646995544434,923,39427485,0.05557107925415039
4.105188846588135,924,39470248,0.056444644927978516
4.084936141967773,925,39513011,0.05551552772521973
4.081085681915283,926,39555774,0.055394887924194336
4.066375732421875,927,39598537,0.05555868148803711
4.1329193115234375,928,39641300,0.055117130279541016
4.090122222900391,929,39684063,0.05543017387390137
4.094594478607178,930,39726826,0.055558204650878906
4.079950332641602,931,39769589,0.05524492263793945
4.124696731567383,932,39812352,0.0551142692565918
4.062948703765869,933,39855115,0.05504965782165527
4.092765808105469,934,39897878,0.05547833442687988
4.081906795501709,935,39940641,0.056189775466918945
4.096175670623779,936,39983404,0.0565485954284668
4.0688796043396,937,40026167,0.05584573745727539
4.133984088897705,938,40068930,0.057080745697021484
4.125946998596191,939,40111693,0.0556950569152832
4.119626998901367,940,40154456,0.05548214912414551
4.068746566772461,941,40197219,0.055190324783325195
4.11674165725708,942,40239982,0.05586099624633789
4.093067646026611,943,40282745,0.05542898178100586
4.078085422515869,944,40325508,0.05668377876281738
4.051876068115234,945,40368271,0.056610822677612305
4.058098316192627,946,40411034,0.0553436279296875
4.092337608337402,947,40453797,0.055600881576538086
4.056539535522461,948,40496560,0.055384159088134766
4.093534469604492,949,40539323,0.05522513389587402
4.08204460144043,950,40582086,0.0559697151184082
4.036752700805664,951,40624849,0.05515551567077637
4.046986103057861,952,40667612,0.05699300765991211
4.115814208984375,953,40710375,0.05609583854675293
4.067876815795898,954,40753138,0.05626821517944336
4.06669282913208,955,40795901,0.05540728569030762
4.047572612762451,956,40838664,0.05662894248962402
4.064465045928955,957,40881427,0.05582761764526367
4.107086181640625,958,40924190,0.05547904968261719
4.092828273773193,959,40966953,0.055771589279174805
4.047688007354736,960,41009716,0.05536842346191406
4.07270622253418,961,41052479,0.055310726165771484
4.1075592041015625,962,41095242,0.05621027946472168
4.084466457366943,963,41138005,0.05561637878417969
4.070778846740723,964,41180768,0.05559992790222168
4.078126907348633,965,41223531,0.05604839324951172
4.099850654602051,966,41266294,0.05642223358154297
4.087385177612305,967,41309057,0.056501150131225586
4.0442891120910645,968,41351820,0.0558011531829834
4.086177825927734,969,41394583,0.05640053749084473
4.089507102966309,970,41437346,0.05615568161010742
4.082639217376709,971,41480109,0.05652928352355957
4.088190078735352,972,41522872,0.057251930236816406
4.103184223175049,973,41565635,0.05606579780578613
4.085341453552246,974,41608398,0.05696415901184082
4.091424942016602,975,41651161,0.05583524703979492
4.034120559692383,976,41693924,0.05713343620300293
4.0882649421691895,977,41736687,0.056119441986083984
4.095091342926025,978,41779450,0.05532956123352051
4.052816390991211,979,41822213,0.05543947219848633
4.099864959716797,980,41864976,0.05639004707336426
4.091381072998047,981,41907739,0.05583524703979492
4.049253940582275,982,41950502,0.05543851852416992
4.054990768432617,983,41993265,0.056061744689941406
4.0751261711120605,984,42036028,0.05592036247253418
4.103140830993652,985,42078791,0.056307077407836914
4.109602451324463,986,42121554,0.056201934814453125
4.074809551239014,987,42164317,0.05501675605773926
4.099956512451172,988,42207080,0.05516314506530762
4.096034526824951,989,42249843,0.05512523651123047
4.112313747406006,990,42292606,0.056624650955200195
4.079353332519531,991,42335369,0.05553245544433594
4.113256454467773,992,42378132,0.05507707595825195
4.0669846534729,993,42420895,0.05500316619873047
4.007461071014404,994,42463658,0.05483436584472656
4.095438480377197,995,42506421,0.05474424362182617
4.096187591552734,996,42549184,0.05464434623718262
4.065494537353516,997,42591947,0.05490899085998535
4.080853462219238,998,42634710,0.05487966537475586
4.055294513702393,999,42677473,0.05496549606323242
4.050520896911621,1000,42720236,0.05468440055847168
4.078467845916748,1001,42762999,0.05492854118347168
4.083508014678955,1002,42805762,0.14490652084350586
4.087217807769775,1003,42848525,0.05739879608154297
4.092904090881348,1004,42891288,0.05913543701171875
4.07215690612793,1005,42934051,0.05950307846069336
4.075788974761963,1006,42976814,0.05874133110046387
4.102733135223389,1007,43019577,0.05794858932495117
4.093445777893066,1008,43062340,0.058640480041503906
4.089988708496094,1009,43105103,0.05897068977355957
4.085987091064453,1010,43147866,0.05833315849304199
4.056458950042725,1011,43190629,0.05843520164489746
4.066384315490723,1012,43233392,0.05823493003845215
4.09311056137085,1013,43276155,0.058293819427490234
4.093644142150879,1014,43318918,0.05919075012207031
4.104151725769043,1015,43361681,0.05850982666015625
4.056610107421875,1016,43404444,0.05837273597717285
4.114705562591553,1017,43447207,0.05744338035583496
4.102118968963623,1018,43489970,0.05774688720703125
4.077041149139404,1019,43532733,0.057739973068237305
4.087347030639648,1020,43575496,0.05828356742858887
4.118850231170654,1021,43618259,0.05817532539367676
4.075530529022217,1022,43661022,0.05798792839050293
4.141180038452148,1023,43703785,0.058115243911743164
4.117337703704834,1024,43746548,0.05794668197631836
4.062829494476318,1025,43789311,0.05807828903198242
4.061834335327148,1026,43832074,0.05833625793457031
4.069051265716553,1027,43874837,0.05797767639160156
4.055862903594971,1028,43917600,0.05811119079589844
4.073875427246094,1029,43960363,0.05813169479370117
4.080803394317627,1030,44003126,0.05803251266479492
4.071100234985352,1031,44045889,0.05777144432067871
4.084007740020752,1032,44088652,0.05731034278869629
4.070563316345215,1033,44131415,0.05761861801147461
4.07288122177124,1034,44174178,0.05747413635253906
4.093379974365234,1035,44216941,0.057554006576538086
4.0763959884643555,1036,44259704,0.05731010437011719
4.087338924407959,1037,44302467,0.05746579170227051
4.1170549392700195,1038,44345230,0.05733633041381836
4.020097255706787,1039,44387993,0.05746030807495117
4.085766315460205,1040,44430756,0.05732131004333496
4.077863693237305,1041,44473519,0.05757308006286621
4.075043201446533,1042,44516282,0.05772042274475098
4.057774543762207,1043,44559045,0.057535648345947266
4.09087610244751,1044,44601808,0.0576329231262207
4.085598945617676,1045,44644571,0.05781841278076172
4.100018501281738,1046,44687334,0.057598114013671875
4.124462604522705,1047,44730097,0.05753898620605469
4.058814525604248,1048,44772860,0.05749368667602539
4.095650672912598,1049,44815623,0.057687997817993164
4.122465133666992,1050,44858386,0.057396888732910156
4.085535526275635,1051,44901149,0.05752754211425781
4.07621955871582,1052,44943912,0.05747795104980469
4.087550640106201,1053,44986675,0.05768847465515137
4.076107025146484,1054,45029438,0.05775141716003418
4.060138702392578,1055,45072201,0.05749964714050293
4.068411350250244,1056,45114964,0.05746889114379883
4.077882289886475,1057,45157727,0.05751180648803711
4.0840253829956055,1058,45200490,0.05736112594604492
4.117930889129639,1059,45243253,0.05759763717651367
4.050868988037109,1060,45286016,0.05740666389465332
4.060549736022949,1061,45328779,0.057623863220214844
4.029293537139893,1062,45371542,0.057375192642211914
4.051599025726318,1063,45414305,0.057654619216918945
4.098209381103516,1064,45457068,0.0573427677154541
4.066788196563721,1065,45499831,0.05725598335266113
4.085590362548828,1066,45542594,0.05748462677001953
4.07393741607666,1067,45585357,0.05757784843444824
4.099576950073242,1068,45628120,0.057543039321899414
4.070075035095215,1069,45670883,0.05760598182678223
4.066884994506836,1070,45713646,0.05749654769897461
4.065141677856445,1071,45756409,0.05763530731201172
4.082565784454346,1072,45799172,0.057654380798339844
4.1074724197387695,1073,45841935,0.05755305290222168
4.06175422668457,1074,45884698,0.05735206604003906
4.052467346191406,1075,45927461,0.05746626853942871
4.038853168487549,1076,45970224,0.05741620063781738
4.0860209465026855,1077,46012987,0.05783891677856445
4.094079494476318,1078,46055750,0.057517051696777344
4.049110412597656,1079,46098513,0.05763602256774902
4.104785442352295,1080,46141276,0.057726144790649414
4.060003757476807,1081,46184039,0.05756998062133789
4.090033531188965,1082,46226802,0.05759263038635254
4.065181732177734,1083,46269565,0.0574948787689209
4.0921759605407715,1084,46312328,0.057555437088012695
4.105344295501709,1085,46355091,0.058176279067993164
4.07674503326416,1086,46397854,0.05756068229675293
4.072200775146484,1087,46440617,0.057747602462768555
4.121561527252197,1088,46483380,0.05740976333618164
4.06330680847168,1089,46526143,0.05771756172180176
4.047889709472656,1090,46568906,0.05753755569458008
4.066624164581299,1091,46611669,0.05740475654602051
4.076676368713379,1092,46654432,0.05738711357116699
4.058995246887207,1093,46697195,0.0576019287109375
4.073616027832031,1094,46739958,0.0575566291809082
4.092769145965576,1095,46782721,0.05737137794494629
4.085685729980469,1096,46825484,0.05759119987487793
4.009903907775879,1097,46868247,0.05860614776611328
4.070307731628418,1098,46911010,0.05750083923339844
4.081459045410156,1099,46953773,0.0572657585144043
4.065547466278076,1100,46996536,0.057946205139160156
4.083855152130127,1101,47039299,0.05736398696899414
4.0445027351379395,1102,47082062,0.05747270584106445
4.0715131759643555,1103,47124825,0.05746936798095703
4.051440715789795,1104,47167588,0.058756351470947266
4.066623210906982,1105,47210351,0.05799078941345215
4.042879104614258,1106,47253114,0.05748724937438965
4.082054138183594,1107,47295877,0.05790567398071289
4.045590400695801,1108,47338640,0.057430267333984375
4.075079917907715,1109,47381403,0.05733513832092285
4.086672306060791,1110,47424166,0.057834625244140625
4.045764923095703,1111,47466929,0.05742001533508301
4.058784008026123,1112,47509692,0.0575566291809082
4.112485885620117,1113,47552455,0.05755114555358887
4.022220134735107,1114,47595218,0.05747628211975098
4.09768533706665,1115,47637981,0.05786013603210449
4.051680088043213,1116,47680744,0.05753636360168457
4.059981822967529,1117,47723507,0.05774092674255371
4.094920635223389,1118,47766270,0.057158470153808594
4.0489912033081055,1119,47809033,0.057523250579833984
4.106507301330566,1120,47851796,0.0588836669921875
4.089443206787109,1121,47894559,0.05759882926940918
4.045416355133057,1122,47937322,0.05768537521362305
4.058631896972656,1123,47980085,0.0580747127532959
4.050487041473389,1124,48022848,0.057613372802734375
4.045462131500244,1125,48065611,0.05758261680603027
4.058565139770508,1126,48108374,0.057581424713134766
4.0691237449646,1127,48151137,0.05762052536010742
4.077571868896484,1128,48193900,0.05733299255371094
4.0542755126953125,1129,48236663,0.05747795104980469
4.073270320892334,1130,48279426,0.05806899070739746
4.0731658935546875,1131,48322189,0.0579068660736084
4.037076473236084,1132,48364952,0.05759859085083008
4.03894567489624,1133,48407715,0.05733513832092285
4.064051628112793,1134,48450478,0.057534217834472656
4.034720420837402,1135,48493241,0.05745816230773926
4.064054489135742,1136,48536004,0.057486534118652344
4.067873477935791,1137,48578767,0.05770373344421387
4.082858085632324,1138,48621530,0.05786943435668945
4.042733669281006,1139,48664293,0.05740928649902344
4.092990398406982,1140,48707056,0.05743885040283203
4.059760093688965,1141,48749819,0.05736804008483887
4.030062675476074,1142,48792582,0.057327985763549805
4.05568790435791,1143,48835345,0.05753827095031738
4.046871185302734,1144,48878108,0.057486772537231445
4.078488349914551,1145,48920871,0.057219505310058594
4.074634075164795,1146,48963634,0.057331085205078125
4.092917442321777,1147,49006397,0.057541608810424805
4.1079816818237305,1148,49049160,0.05769038200378418
4.065338611602783,1149,49091923,0.0575251579284668
4.081933975219727,1150,49134686,0.057533979415893555
4.054196357727051,1151,49177449,0.058141231536865234
3.998913526535034,1152,49220212,0.05736851692199707
4.041769504547119,1153,49262975,0.05761075019836426
4.030058860778809,1154,49305738,0.057378292083740234
4.021690368652344,1155,49348501,0.05778002738952637
4.0707621574401855,1156,49391264,0.05737185478210449
4.076083660125732,1157,49434027,0.057387351989746094
4.112489223480225,1158,49476790,0.05734133720397949
4.074550628662109,1159,49519553,0.05740499496459961
4.05372428894043,1160,49562316,0.05766630172729492
4.104468822479248,1161,49605079,0.057573556900024414
4.0574564933776855,1162,49647842,0.057268381118774414
4.073615550994873,1163,49690605,0.05763649940490723
4.109706401824951,1164,49733368,0.05827832221984863
4.067023277282715,1165,49776131,0.057737112045288086
4.045782566070557,1166,49818894,0.057291507720947266
4.038853645324707,1167,49861657,0.05746030807495117
4.058986663818359,1168,49904420,0.05782008171081543
4.114441871643066,1169,49947183,0.05774354934692383
4.066125392913818,1170,49989946,0.057412147521972656
4.09957218170166,1171,50032709,0.05753636360168457
4.035645008087158,1172,50075472,0.05740618705749512
4.046424865722656,1173,50118235,0.05743598937988281
4.050745010375977,1174,50160998,0.057862281799316406
4.0285773277282715,1175,50203761,0.05754399299621582
4.064342021942139,1176,50246524,0.05743217468261719
4.078409194946289,1177,50289287,0.05766415596008301
4.075396537780762,1178,50332050,0.05746316909790039
4.081193447113037,1179,50374813,0.05757451057434082
4.02829647064209,1180,50417576,0.05762624740600586
4.05849027633667,1181,50460339,0.0575563907623291
4.063011169433594,1182,50503102,0.05766439437866211
4.0248613357543945,1183,50545865,0.05738377571105957
4.030465126037598,1184,50588628,0.057462453842163086
4.0632710456848145,1185,50631391,0.05745649337768555
4.040861129760742,1186,50674154,0.05716681480407715
4.0424113273620605,1187,50716917,0.05767703056335449
4.058346271514893,1188,50759680,0.05756425857543945
4.059185981750488,1189,50802443,0.057393789291381836
4.058483123779297,1190,50845206,0.05897784233093262
4.097401142120361,1191,50887969,0.05783796310424805
4.0914626121521,1192,50930732,0.05772590637207031
4.061466217041016,1193,50973495,0.05756807327270508
4.071630001068115,1194,51016258,0.057332515716552734
4.083880424499512,1195,51059021,0.05758190155029297
4.069270610809326,1196,51101784,0.057290077209472656
4.125838756561279,1197,51144547,0.0576171875
4.0616984367370605,1198,51187310,0.057478904724121094
4.001006126403809,1199,51230073,0.0578157901763916
4.086625099182129,1200,51272836,0.05758404731750488
4.070709228515625,1201,51315599,0.057721853256225586
4.057541847229004,1202,51358362,0.057500362396240234
4.067956447601318,1203,51401125,0.05750918388366699
4.048559665679932,1204,51443888,0.05747652053833008
4.062623500823975,1205,51486651,0.05753922462463379
4.085135459899902,1206,51529414,0.057601213455200195
4.042370796203613,1207,51572177,0.05765414237976074
4.022313117980957,1208,51614940,0.058362483978271484
4.063258647918701,1209,51657703,0.05768752098083496
4.087961673736572,1210,51700466,0.05737018585205078
4.0663838386535645,1211,51743229,0.0575556755065918
4.10123348236084,1212,51785992,0.05752873420715332
4.030295372009277,1213,51828755,0.05733156204223633
4.061642169952393,1214,51871518,0.057626962661743164
4.086583137512207,1215,51914281,0.057616233825683594
4.070366382598877,1216,51957044,0.05742001533508301
4.058562278747559,1217,51999807,0.057585716247558594
4.068113327026367,1218,52042570,0.057494401931762695
4.065266132354736,1219,52085333,0.05768561363220215
4.072232246398926,1220,52128096,0.05760478973388672
4.00861120223999,1221,52170859,0.057476043701171875
4.104503154754639,1222,52213622,0.057473182678222656
4.0642619132995605,1223,52256385,0.05749249458312988
4.058106422424316,1224,52299148,0.057422637939453125
4.0681047439575195,1225,52341911,0.05771136283874512
4.017972469329834,1226,52384674,0.0576326847076416
4.074917793273926,1227,52427437,0.05737876892089844
4.065017223358154,1228,52470200,0.05747032165527344
4.111227035522461,1229,52512963,0.05755209922790527
4.079441070556641,1230,52555726,0.05746889114379883
4.079064846038818,1231,52598489,0.057411909103393555
4.096379280090332,1232,52641252,0.05793905258178711
4.034366607666016,1233,52684015,0.05746650695800781
4.032467842102051,1234,52726778,0.05727386474609375
4.060894012451172,1235,52769541,0.05736517906188965
4.0420241355896,1236,52812304,0.05760693550109863
4.03365421295166,1237,52855067,0.05770468711853027
4.064106464385986,1238,52897830,0.05748891830444336
4.049471855163574,1239,52940593,0.05753326416015625
4.061971187591553,1240,52983356,0.05750155448913574
4.031585693359375,1241,53026119,0.05748581886291504
4.076078414916992,1242,53068882,0.05857992172241211
4.054509162902832,1243,53111645,0.057923316955566406
4.061862468719482,1244,53154408,0.05752444267272949
4.057775020599365,1245,53197171,0.05730438232421875
4.036304950714111,1246,53239934,0.05751967430114746
4.090413570404053,1247,53282697,0.057370901107788086
4.017012119293213,1248,53325460,0.057338714599609375
4.0798234939575195,1249,53368223,0.05746006965637207
4.0584917068481445,1250,53410986,0.05757451057434082
4.097118377685547,1251,53453749,0.05780935287475586
4.047815799713135,1252,53496512,0.057782888412475586
4.044335842132568,1253,53539275,0.05792737007141113
4.087801456451416,1254,53582038,0.057698726654052734
4.0784912109375,1255,53624801,0.05759549140930176
4.06127405166626,1256,53667564,0.0574648380279541
4.066605567932129,1257,53710327,0.057457685470581055
4.049132823944092,1258,53753090,0.057465553283691406
4.026556968688965,1259,53795853,0.057356834411621094
4.081300258636475,1260,53838616,0.05763697624206543
4.046201705932617,1261,53881379,0.05785512924194336
4.034073352813721,1262,53924142,0.05750274658203125
4.049238204956055,1263,53966905,0.05743265151977539
4.058272838592529,1264,54009668,0.0574648380279541
4.085392475128174,1265,54052431,0.058179378509521484
4.042680263519287,1266,54095194,0.05785369873046875
4.016700744628906,1267,54137957,0.05756735801696777
4.0435051918029785,1268,54180720,0.05745363235473633
4.033073902130127,1269,54223483,0.05741429328918457
4.07339334487915,1270,54266246,0.05756568908691406
4.073043346405029,1271,54309009,0.05743074417114258
4.0443878173828125,1272,54351772,0.0573878288269043
4.059482097625732,1273,54394535,0.05749821662902832
4.081873893737793,1274,54437298,0.05736994743347168
4.076237201690674,1275,54480061,0.057450294494628906
4.042317867279053,1276,54522824,0.05756497383117676
4.068659782409668,1277,54565587,0.05768013000488281
4.069004535675049,1278,54608350,0.05775117874145508
4.05124568939209,1279,54651113,0.057775020599365234
4.025779724121094,1280,54693876,0.058025360107421875
4.041037559509277,1281,54736639,0.05811715126037598
4.034502029418945,1282,54779402,0.05792117118835449
4.070786952972412,1283,54822165,0.05801582336425781
4.05170202255249,1284,54864928,0.05819559097290039
4.080092906951904,1285,54907691,0.05811905860900879
4.058833599090576,1286,54950454,0.05797219276428223
4.012632369995117,1287,54993217,0.05804729461669922
4.056909561157227,1288,55035980,0.058164119720458984
4.087301731109619,1289,55078743,0.058321475982666016
4.019308090209961,1290,55121506,0.05819201469421387
4.037984848022461,1291,55164269,0.05803227424621582
4.0382819175720215,1292,55207032,0.05826258659362793
4.040347576141357,1293,55249795,0.058284759521484375
4.018179893493652,1294,55292558,0.05812263488769531
4.081332206726074,1295,55335321,0.05839896202087402
4.037555694580078,1296,55378084,0.058364152908325195
4.058024883270264,1297,55420847,0.05835223197937012
4.054914951324463,1298,55463610,0.05826592445373535
4.0926127433776855,1299,55506373,0.05820822715759277
4.027462959289551,1300,55549136,0.058240652084350586
4.076624870300293,1301,55591899,0.05823826789855957
4.019190788269043,1302,55634662,0.05828142166137695
4.033501148223877,1303,55677425,0.05842471122741699
4.043118476867676,1304,55720188,0.058190345764160156
4.084061622619629,1305,55762951,0.058301687240600586
4.0270538330078125,1306,55805714,0.058441162109375
4.055815696716309,1307,55848477,0.0579686164855957
4.049197196960449,1308,55891240,0.05809593200683594
4.0479865074157715,1309,55934003,0.059333086013793945
4.052407741546631,1310,55976766,0.05831408500671387
4.074809551239014,1311,56019529,0.058214426040649414
4.056722164154053,1312,56062292,0.05833172798156738
4.068600654602051,1313,56105055,0.05828237533569336
4.024005889892578,1314,56147818,0.05830669403076172
4.044864177703857,1315,56190581,0.05809617042541504
4.037929534912109,1316,56233344,0.058194875717163086
4.062288284301758,1317,56276107,0.05813431739807129
4.043138027191162,1318,56318870,0.05820965766906738
4.046048164367676,1319,56361633,0.05830812454223633
4.0503740310668945,1320,56404396,0.058446407318115234
4.05610990524292,1321,56447159,0.05842280387878418
4.036749362945557,1322,56489922,0.05842399597167969
4.037542819976807,1323,56532685,0.05832386016845703
4.023839473724365,1324,56575448,0.0560300350189209
4.057285785675049,1325,56618211,0.05531883239746094
4.040124893188477,1326,56660974,0.05540060997009277
4.028517246246338,1327,56703737,0.05535411834716797
4.0798659324646,1328,56746500,0.05553174018859863
4.0602946281433105,1329,56789263,0.055257320404052734
4.041823863983154,1330,56832026,0.055088043212890625
4.03820276260376,1331,56874789,0.05512046813964844
4.0485405921936035,1332,56917552,0.05527973175048828
4.037221431732178,1333,56960315,0.05481362342834473
4.052358150482178,1334,57003078,0.05522298812866211
4.027796745300293,1335,57045841,0.055101871490478516
4.062521934509277,1336,57088604,0.05542635917663574
4.031747817993164,1337,57131367,0.05527901649475098
4.045914173126221,1338,57174130,0.05535483360290527
4.059683799743652,1339,57216893,0.056540727615356445
4.041426658630371,1340,57259656,0.05595993995666504
4.064190864562988,1341,57302419,0.05542469024658203
4.056168556213379,1342,57345182,0.05547046661376953
4.015322208404541,1343,57387945,0.05547308921813965
3.991882801055908,1344,57430708,0.055234432220458984
4.0083136558532715,1345,57473471,0.05534648895263672
4.065606117248535,1346,57516234,0.05519580841064453
4.040401935577393,1347,57558997,0.05513191223144531
4.036135673522949,1348,57601760,0.05491757392883301
4.067898750305176,1349,57644523,0.05509829521179199
4.047485828399658,1350,57687286,0.055348873138427734
4.023029804229736,1351,57730049,0.05517983436584473
4.03162956237793,1352,57772812,0.055049896240234375
4.001769065856934,1353,57815575,0.05526232719421387
4.068083763122559,1354,57858338,0.054956912994384766
4.0540080070495605,1355,57901101,0.0550999641418457
4.056082725524902,1356,57943864,0.05503487586975098
4.059127330780029,1357,57986627,0.055032968521118164
4.034425258636475,1358,58029390,0.05530810356140137
4.016035556793213,1359,58072153,0.05499005317687988
4.049096584320068,1360,58114916,0.05552506446838379
4.0302557945251465,1361,58157679,0.05487561225891113
4.061707973480225,1362,58200442,0.0553436279296875
4.034193992614746,1363,58243205,0.05484318733215332
4.055387020111084,1364,58285968,0.05469512939453125
4.014875411987305,1365,58328731,0.05484652519226074
4.021389007568359,1366,58371494,0.054956674575805664
4.031382083892822,1367,58414257,0.05471014976501465
4.048402309417725,1368,58457020,0.055037736892700195
4.053416728973389,1369,58499783,0.05492877960205078
4.033059120178223,1370,58542546,0.054982662200927734
4.0987653732299805,1371,58585309,0.055017709732055664
4.012476444244385,1372,58628072,0.05490589141845703
4.0341081619262695,1373,58670835,0.055043935775756836
4.06995964050293,1374,58713598,0.05532503128051758
4.0545430183410645,1375,58756361,0.055420875549316406
4.044181823730469,1376,58799124,0.055013179779052734
4.077368259429932,1377,58841887,0.054773569107055664
4.042019367218018,1378,58884650,0.05510258674621582
4.071263790130615,1379,58927413,0.055021047592163086
4.017820835113525,1380,58970176,0.055057525634765625
4.076539516448975,1381,59012939,0.05512499809265137
4.090404510498047,1382,59055702,0.056472063064575195
4.0391058921813965,1383,59098465,0.05537104606628418
4.037327289581299,1384,59141228,0.05494999885559082
4.04704475402832,1385,59183991,0.0551142692565918
4.0354485511779785,1386,59226754,0.05535387992858887
4.026144981384277,1387,59269517,0.0547940731048584
4.044495582580566,1388,59312280,0.055104732513427734
4.052555084228516,1389,59355043,0.05524086952209473
4.032086372375488,1390,59397806,0.055182695388793945
4.057755470275879,1391,59440569,0.05553030967712402
4.044339656829834,1392,59483332,0.05649876594543457
4.020269870758057,1393,59526095,0.05513739585876465
4.025892734527588,1394,59568858,0.055789947509765625
4.030897617340088,1395,59611621,0.05687451362609863
4.030746936798096,1396,59654384,0.056864261627197266
4.023862838745117,1397,59697147,0.05641484260559082
4.031291961669922,1398,59739910,0.05555319786071777
4.042529106140137,1399,59782673,0.05710482597351074
4.0428786277771,1400,59825436,0.05728864669799805
4.064826011657715,1401,59868199,0.05522274971008301
4.049161434173584,1402,59910962,0.056034088134765625
4.024179458618164,1403,59953725,0.0563654899597168
4.077639102935791,1404,59996488,0.05672717094421387
4.043616771697998,1405,60039251,0.05626964569091797
4.039444446563721,1406,60082014,0.05733132362365723
4.109529495239258,1407,60124777,0.05637526512145996
4.05340576171875,1408,60167540,0.056412696838378906
4.0205159187316895,1409,60210303,0.05545949935913086
4.0375871658325195,1410,60253066,0.05578875541687012
4.037726879119873,1411,60295829,0.05583786964416504
4.091098785400391,1412,60338592,0.05576729774475098
4.03192138671875,1413,60381355,0.05525040626525879
4.048260688781738,1414,60424118,0.05614304542541504
4.010210037231445,1415,60466881,0.05522274971008301
4.0251054763793945,1416,60509644,0.05563068389892578
4.012612342834473,1417,60552407,0.055368900299072266
4.015130996704102,1418,60595170,0.05530071258544922
4.058621883392334,1419,60637933,0.05548429489135742
4.039011001586914,1420,60680696,0.05549502372741699
3.9772582054138184,1421,60723459,0.05531930923461914
4.034643650054932,1422,60766222,0.055062294006347656
4.063827991485596,1423,60808985,0.05565309524536133
4.041238784790039,1424,60851748,0.055274248123168945
4.062018871307373,1425,60894511,0.0557711124420166
4.0195207595825195,1426,60937274,0.05539441108703613
4.022039890289307,1427,60980037,0.05543255805969238
4.081206798553467,1428,61022800,0.05492830276489258
4.090188026428223,1429,61065563,0.055310964584350586
4.032045364379883,1430,61108326,0.057013511657714844
4.037288665771484,1431,61151089,0.057112932205200195
4.035672664642334,1432,61193852,0.05521559715270996
4.056144714355469,1433,61236615,0.055219173431396484
4.030553817749023,1434,61279378,0.056465864181518555
4.065149784088135,1435,61322141,0.05591106414794922
4.077497482299805,1436,61364904,0.055385589599609375
4.090351581573486,1437,61407667,0.055460453033447266
4.020005226135254,1438,61450430,0.05535531044006348
4.033427715301514,1439,61493193,0.05549907684326172
4.02763032913208,1440,61535956,0.05536317825317383
3.9988865852355957,1441,61578719,0.05514097213745117
3.9749128818511963,1442,61621482,0.05548405647277832
4.096743583679199,1443,61664245,0.055217742919921875
4.038815975189209,1444,61707008,0.0553739070892334
4.101255893707275,1445,61749771,0.05542349815368652
4.016639709472656,1446,61792534,0.05624198913574219
4.070474147796631,1447,61835297,0.055451393127441406
4.071924209594727,1448,61878060,0.05595517158508301
4.0545573234558105,1449,61920823,0.055875301361083984
4.019794464111328,1450,61963586,0.05546164512634277
4.0492119789123535,1451,62006349,0.05588722229003906
4.0455193519592285,1452,62049112,0.05662131309509277
4.071176052093506,1453,62091875,0.05678677558898926
4.066318511962891,1454,62134638,0.05543708801269531
4.0437703132629395,1455,62177401,0.056055545806884766
4.045193672180176,1456,62220164,0.055914878845214844
4.055454254150391,1457,62262927,0.05546140670776367
4.049306392669678,1458,62305690,0.055567264556884766
4.036114692687988,1459,62348453,0.056424856185913086
4.003542423248291,1460,62391216,0.0567622184753418
4.050760746002197,1461,62433979,0.05578279495239258
4.053279399871826,1462,62476742,0.05567646026611328
4.05551290512085,1463,62519505,0.05509448051452637
4.034334182739258,1464,62562268,0.05539989471435547
4.063740253448486,1465,62605031,0.05526876449584961
4.021753311157227,1466,62647794,0.05544233322143555
4.026134967803955,1467,62690557,0.05540204048156738
4.0716447830200195,1468,62733320,0.05508899688720703
4.056899547576904,1469,62776083,0.05551314353942871
4.047804355621338,1470,62818846,0.055452585220336914
4.014596939086914,1471,62861609,0.05543088912963867
4.040162086486816,1472,62904372,0.05548262596130371
4.036681652069092,1473,62947135,0.05666327476501465
4.066512584686279,1474,62989898,0.055815696716308594
4.013655662536621,1475,63032661,0.05769824981689453
4.019781112670898,1476,63075424,0.05562257766723633
4.07752799987793,1477,63118187,0.0554659366607666
4.023292064666748,1478,63160950,0.056235313415527344
4.058588981628418,1479,63203713,0.05565786361694336
4.038570404052734,1480,63246476,0.0560455322265625
4.044804573059082,1481,63289239,0.0561375617980957
4.058034896850586,1482,63332002,0.056342363357543945
3.99521541595459,1483,63374765,0.05515599250793457
4.092530727386475,1484,63417528,0.056537628173828125
4.012147903442383,1485,63460291,0.05569028854370117
4.057676792144775,1486,63503054,0.055824995040893555
4.04201078414917,1487,63545817,0.05620837211608887
4.073783874511719,1488,63588580,0.05641007423400879
4.050120830535889,1489,63631343,0.05665755271911621
4.048394203186035,1490,63674106,0.05585646629333496
4.085384845733643,1491,63716869,0.05597066879272461
4.0853376388549805,1492,63759632,0.05655050277709961
4.077756881713867,1493,63802395,0.0555720329284668
4.022995948791504,1494,63845158,0.055495262145996094
4.043575763702393,1495,63887921,0.05530714988708496
4.0520806312561035,1496,63930684,0.055171966552734375
4.011253356933594,1497,63973447,0.0552978515625
4.043512344360352,1498,64016210,0.05500221252441406
4.064386367797852,1499,64058973,0.05523848533630371
4.0641398429870605,1500,64101736,0.05521392822265625
4.035095691680908,1501,64144499,0.05542612075805664
4.025335311889648,1502,64187262,0.05750775337219238
4.035238265991211,1503,64230025,0.05543637275695801
4.043369770050049,1504,64272788,0.05518627166748047
3.997326612472534,1505,64315551,0.056185245513916016
4.030742168426514,1506,64358314,0.05576133728027344
4.0393548011779785,1507,64401077,0.05532026290893555
4.046915531158447,1508,64443840,0.05647563934326172
4.071215629577637,1509,64486603,0.055426836013793945
4.02842378616333,1510,64529366,0.055251121520996094
4.016390323638916,1511,64572129,0.05492830276489258
4.008171558380127,1512,64614892,0.054790496826171875
4.037684440612793,1513,64657655,0.05463671684265137
4.043896675109863,1514,64700418,0.054537057876586914
4.073431491851807,1515,64743181,0.055640459060668945
4.040794849395752,1516,64785944,0.05468440055847168
3.9957573413848877,1517,64828707,0.05485057830810547
4.063972473144531,1518,64871470,0.055274009704589844
3.9818036556243896,1519,64914233,0.05487990379333496
4.013841152191162,1520,64956996,0.05478692054748535
3.9888951778411865,1521,64999759,0.05455589294433594
4.023678779602051,1522,65042522,0.05457329750061035
4.074490547180176,1523,65085285,0.05462980270385742
4.042149543762207,1524,65128048,0.05598759651184082
4.046612739562988,1525,65170811,0.0551753044128418
4.064845561981201,1526,65213574,0.05491518974304199
4.051436424255371,1527,65256337,0.054819583892822266
4.00494384765625,1528,65299100,0.054865121841430664
4.013266563415527,1529,65341863,0.05484271049499512
4.032630920410156,1530,65384626,0.05459237098693848
4.024312973022461,1531,65427389,0.0548551082611084
4.064399242401123,1532,65470152,0.054984331130981445
4.044846057891846,1533,65512915,0.05446791648864746
4.032424449920654,1534,65555678,0.054558753967285156
4.041371822357178,1535,65598441,0.054625511169433594
4.070287227630615,1536,65641204,0.0557253360748291
4.030492782592773,1537,65683967,0.05484628677368164
4.046036720275879,1538,65726730,0.05485677719116211
4.075707912445068,1539,65769493,0.05485820770263672
4.053518772125244,1540,65812256,0.05475282669067383
4.0448126792907715,1541,65855019,0.05462789535522461
4.066433906555176,1542,65897782,0.05464792251586914
4.021476745605469,1543,65940545,0.054559946060180664
4.050758361816406,1544,65983308,0.05539560317993164
4.0689921379089355,1545,66026071,0.05505776405334473
4.065043926239014,1546,66068834,0.054886817932128906
4.028165817260742,1547,66111597,0.05473732948303223
4.040403842926025,1548,66154360,0.05479288101196289
4.020206451416016,1549,66197123,0.05475211143493652
4.0673627853393555,1550,66239886,0.05491185188293457
4.04033088684082,1551,66282649,0.05482745170593262
4.019702911376953,1552,66325412,0.05481457710266113
4.0160136222839355,1553,66368175,0.055017709732055664
4.081155776977539,1554,66410938,0.05515742301940918
4.017690658569336,1555,66453701,0.05494546890258789
4.048228740692139,1556,66496464,0.055031776428222656
4.041284561157227,1557,66539227,0.05493736267089844
4.041677951812744,1558,66581990,0.05474376678466797
4.043006896972656,1559,66624753,0.055620431900024414
4.06037712097168,1560,66667516,0.05515456199645996
4.038991451263428,1561,66710279,0.05488085746765137
4.034914970397949,1562,66753042,0.054834842681884766
4.037497520446777,1563,66795805,0.05458426475524902
4.052859783172607,1564,66838568,0.05461573600769043
4.032506942749023,1565,66881331,0.05470132827758789
4.070677280426025,1566,66924094,0.05473947525024414
4.028318881988525,1567,66966857,0.05482840538024902
4.039544582366943,1568,67009620,0.05470871925354004
4.006239414215088,1569,67052383,0.055480003356933594
4.038502216339111,1570,67095146,0.054973602294921875
4.023542881011963,1571,67137909,0.05468869209289551
4.069580078125,1572,67180672,0.0549006462097168
4.035126209259033,1573,67223435,0.054718017578125
4.062061309814453,1574,67266198,0.05473661422729492
4.009896755218506,1575,67308961,0.054987192153930664
4.051534175872803,1576,67351724,0.05469799041748047
3.9991743564605713,1577,67394487,0.05488848686218262
4.080690383911133,1578,67437250,0.055031776428222656
4.025768280029297,1579,67480013,0.054939985275268555
4.027444839477539,1580,67522776,0.05540752410888672
4.053731441497803,1581,67565539,0.05570530891418457
4.005961894989014,1582,67608302,0.055443525314331055
4.043380260467529,1583,67651065,0.05543851852416992
4.0324387550354,1584,67693828,0.055545806884765625
4.042394638061523,1585,67736591,0.05515456199645996
4.014103889465332,1586,67779354,0.054816484451293945
3.9959967136383057,1587,67822117,0.0563511848449707
4.057123184204102,1588,67864880,0.05545616149902344
4.022134780883789,1589,67907643,0.055290937423706055
4.023016929626465,1590,67950406,0.05503058433532715
4.040936470031738,1591,67993169,0.05492138862609863
4.025270938873291,1592,68035932,0.05535316467285156
4.036697864532471,1593,68078695,0.055367231369018555
4.003753662109375,1594,68121458,0.054757118225097656
4.003783702850342,1595,68164221,0.05523943901062012
4.030832767486572,1596,68206984,0.05526161193847656
4.058404922485352,1597,68249747,0.05522942543029785
4.041476249694824,1598,68292510,0.05520176887512207
4.0505290031433105,1599,68335273,0.056175947189331055
4.068309783935547,1600,68378036,0.05573320388793945
4.065410614013672,1601,68420799,0.05531716346740723
4.022131443023682,1602,68463562,0.05547761917114258
4.048321723937988,1603,68506325,0.05527496337890625
4.030312538146973,1604,68549088,0.05531001091003418
4.032848358154297,1605,68591851,0.0555267333984375
4.0078349113464355,1606,68634614,0.05533766746520996
4.044564723968506,1607,68677377,0.05538606643676758
4.055320739746094,1608,68720140,0.05531811714172363
4.0699944496154785,1609,68762903,0.05530405044555664
4.01286506652832,1610,68805666,0.0555267333984375
4.050155162811279,1611,68848429,0.05568337440490723
3.980736255645752,1612,68891192,0.055090904235839844
4.0522871017456055,1613,68933955,0.05545949935913086
4.064811706542969,1614,68976718,0.05501151084899902
4.038965702056885,1615,69019481,0.05499768257141113
4.052032470703125,1616,69062244,0.05486607551574707
4.067500591278076,1617,69105007,0.054891109466552734
4.064426422119141,1618,69147770,0.055089712142944336
4.013863563537598,1619,69190533,0.05492901802062988
4.073040008544922,1620,69233296,0.05517315864562988
4.019175052642822,1621,69276059,0.05595517158508301
4.0350799560546875,1622,69318822,0.05489516258239746
4.058304309844971,1623,69361585,0.05489325523376465
4.019416332244873,1624,69404348,0.054971933364868164
4.04545783996582,1625,69447111,0.05485653877258301
4.029693126678467,1626,69489874,0.054923057556152344
4.06669807434082,1627,69532637,0.054961442947387695
4.046999454498291,1628,69575400,0.05490446090698242
4.022926330566406,1629,69618163,0.0551905632019043
4.052398204803467,1630,69660926,0.0547945499420166
4.076093673706055,1631,69703689,0.0552515983581543
4.038052082061768,1632,69746452,0.055039405822753906
4.0603814125061035,1633,69789215,0.054996490478515625
4.022158622741699,1634,69831978,0.05504441261291504
4.000682830810547,1635,69874741,0.054863929748535156
4.012979507446289,1636,69917504,0.05555367469787598
3.9881060123443604,1637,69960267,0.05493807792663574
4.022701263427734,1638,70003030,0.05519604682922363
4.023177146911621,1639,70045793,0.05507040023803711
4.053983688354492,1640,70088556,0.05512070655822754
4.0253095626831055,1641,70131319,0.05487799644470215
3.995591402053833,1642,70174082,0.05473613739013672
4.024925708770752,1643,70216845,0.054937124252319336
4.0637593269348145,1644,70259608,0.05522274971008301
4.049438953399658,1645,70302371,0.054969072341918945
4.015031814575195,1646,70345134,0.05470538139343262
4.047810077667236,1647,70387897,0.05481696128845215
4.028748989105225,1648,70430660,0.05495762825012207
4.037278175354004,1649,70473423,0.054882049560546875
4.0344343185424805,1650,70516186,0.054883480072021484
4.031806468963623,1651,70558949,0.0548095703125
4.027657508850098,1652,70601712,0.05493927001953125
4.0587310791015625,1653,70644475,0.05527758598327637
4.032033920288086,1654,70687238,0.0549626350402832
4.016957759857178,1655,70730001,0.0550386905670166
4.044374465942383,1656,70772764,0.05489063262939453
4.037158966064453,1657,70815527,0.0548858642578125
4.014159202575684,1658,70858290,0.055140018463134766
4.045576572418213,1659,70901053,0.055086612701416016
4.03900671005249,1660,70943816,0.05490541458129883
4.034938335418701,1661,70986579,0.05505561828613281
4.013723850250244,1662,71029342,0.055860280990600586
4.0251851081848145,1663,71072105,0.055184125900268555
4.035457134246826,1664,71114868,0.05491924285888672
4.04872989654541,1665,71157631,0.05528688430786133
4.020850658416748,1666,71200394,0.05509519577026367
4.02518892288208,1667,71243157,0.05494976043701172
4.033544063568115,1668,71285920,0.05489301681518555
4.034980773925781,1669,71328683,0.055129051208496094
4.029080867767334,1670,71371446,0.05487346649169922
4.045454025268555,1671,71414209,0.054959774017333984
4.0905609130859375,1672,71456972,0.05488109588623047
4.055800914764404,1673,71499735,0.05496978759765625
4.039918899536133,1674,71542498,0.05487227439880371
4.025352478027344,1675,71585261,0.0550692081451416
4.0171942710876465,1676,71628024,0.054932355880737305
4.058833599090576,1677,71670787,0.05482673645019531
4.005696773529053,1678,71713550,0.054945945739746094
4.079529285430908,1679,71756313,0.054848432540893555
4.048149108886719,1680,71799076,0.05578899383544922
3.9699814319610596,1681,71841839,0.05496954917907715
4.020066261291504,1682,71884602,0.05456376075744629
4.011822700500488,1683,71927365,0.054769039154052734
4.068775177001953,1684,71970128,0.05509185791015625
4.007602214813232,1685,72012891,0.05472254753112793
4.030371189117432,1686,72055654,0.05469059944152832
4.011908531188965,1687,72098417,0.05480527877807617
4.067479133605957,1688,72141180,0.05465412139892578
4.056128978729248,1689,72183943,0.05486297607421875
4.032470226287842,1690,72226706,0.054938316345214844
4.03207540512085,1691,72269469,0.05465435981750488
4.046080112457275,1692,72312232,0.05494189262390137
4.0034074783325195,1693,72354995,0.0550539493560791
3.993070363998413,1694,72397758,0.05463409423828125
4.035772323608398,1695,72440521,0.05470085144042969
4.044854640960693,1696,72483284,0.054621219635009766
3.9853906631469727,1697,72526047,0.054819345474243164
4.007781028747559,1698,72568810,0.05483269691467285
4.0631842613220215,1699,72611573,0.05490684509277344
4.032806873321533,1700,72654336,0.05463743209838867
4.04571008682251,1701,72697099,0.05495929718017578
4.048900604248047,1702,72739862,0.05479717254638672
4.002643585205078,1703,72782625,0.05467796325683594
4.005151748657227,1704,72825388,0.05489659309387207
4.049475193023682,1705,72868151,0.05454611778259277
4.048996448516846,1706,72910914,0.05465292930603027
4.047823905944824,1707,72953677,0.054601192474365234
4.036292552947998,1708,72996440,0.054669857025146484
3.9921343326568604,1709,73039203,0.05498647689819336
4.039935111999512,1710,73081966,0.05465531349182129
4.014793395996094,1711,73124729,0.05564141273498535
4.046406269073486,1712,73167492,0.05515289306640625
4.051482200622559,1713,73210255,0.054999351501464844
4.012486457824707,1714,73253018,0.05502676963806152
4.063496112823486,1715,73295781,0.054678916931152344
4.024165630340576,1716,73338544,0.054640769958496094
4.043252944946289,1717,73381307,0.05452728271484375
4.054337978363037,1718,73424070,0.05481886863708496
4.017736911773682,1719,73466833,0.0549473762512207
3.9880893230438232,1720,73509596,0.05453038215637207
3.9978535175323486,1721,73552359,0.054552316665649414
4.014585494995117,1722,73595122,0.054982662200927734
4.020114421844482,1723,73637885,0.05503654479980469
4.063206672668457,1724,73680648,0.05489230155944824
4.0439605712890625,1725,73723411,0.05478620529174805
4.026355743408203,1726,73766174,0.05466914176940918
4.050963878631592,1727,73808937,0.05476784706115723
4.06192684173584,1728,73851700,0.05455279350280762
4.011607646942139,1729,73894463,0.05466437339782715
4.025960445404053,1730,73937226,0.05470895767211914
4.047959804534912,1731,73979989,0.05466723442077637
4.005228042602539,1732,74022752,0.055633544921875
4.017998218536377,1733,74065515,0.05496931076049805
4.052313804626465,1734,74108278,0.054841041564941406
4.04445219039917,1735,74151041,0.054762840270996094
4.055712699890137,1736,74193804,0.05451631546020508
4.035058498382568,1737,74236567,0.054846763610839844
4.026526927947998,1738,74279330,0.05451035499572754
4.0289530754089355,1739,74322093,0.05495452880859375
3.992520332336426,1740,74364856,0.05464744567871094
4.058485507965088,1741,74407619,0.05478501319885254
3.995396852493286,1742,74450382,0.054561614990234375
3.9969825744628906,1743,74493145,0.05499863624572754
4.036406993865967,1744,74535908,0.05478954315185547
4.032256126403809,1745,74578671,0.05489301681518555
4.025829792022705,1746,74621434,0.05482745170593262
4.024614334106445,1747,74664197,0.05476093292236328
3.988538980484009,1748,74706960,0.05464339256286621
4.019948482513428,1749,74749723,0.054572343826293945
4.017658710479736,1750,74792486,0.054650306701660156
4.038747787475586,1751,74835249,0.05468297004699707
3.989271879196167,1752,74878012,0.054735660552978516
4.016917705535889,1753,74920775,0.0547330379486084
4.043818950653076,1754,74963538,0.054860591888427734
3.994190216064453,1755,75006301,0.05460023880004883
4.030832290649414,1756,75049064,0.05465078353881836
4.019851207733154,1757,75091827,0.054697275161743164
4.007672309875488,1758,75134590,0.054953575134277344
4.048091888427734,1759,75177353,0.05490398406982422
4.02533483505249,1760,75220116,0.0544431209564209
4.0326924324035645,1761,75262879,0.05483818054199219
3.9768054485321045,1762,75305642,0.05449986457824707
4.022373199462891,1763,75348405,0.05476117134094238
4.041863918304443,1764,75391168,0.05478215217590332
4.026697158813477,1765,75433931,0.05475640296936035
4.045663356781006,1766,75476694,0.05460071563720703
4.008700847625732,1767,75519457,0.05499410629272461
4.034555912017822,1768,75562220,0.054805755615234375
4.012203216552734,1769,75604983,0.054856300354003906
4.054563045501709,1770,75647746,0.0554814338684082
4.057347774505615,1771,75690509,0.05470156669616699
4.009298801422119,1772,75733272,0.0547175407409668
4.051037788391113,1773,75776035,0.05466580390930176
4.036550045013428,1774,75818798,0.054793357849121094
4.060121536254883,1775,75861561,0.05462956428527832
4.061821937561035,1776,75904324,0.054729461669921875
4.012455463409424,1777,75947087,0.054852962493896484
4.046498775482178,1778,75989850,0.0547635555267334
4.048369407653809,1779,76032613,0.05500626564025879
4.006174087524414,1780,76075376,0.05457711219787598
4.031435966491699,1781,76118139,0.05464911460876465
4.059935092926025,1782,76160902,0.0546717643737793
3.996267557144165,1783,76203665,0.054750680923461914
4.016969680786133,1784,76246428,0.05467510223388672
4.032342910766602,1785,76289191,0.054773807525634766
3.9891085624694824,1786,76331954,0.054936885833740234
4.0536956787109375,1787,76374717,0.054590702056884766
4.048600196838379,1788,76417480,0.05488324165344238
4.039875507354736,1789,76460243,0.05471611022949219
4.018104076385498,1790,76503006,0.054443359375
4.063807010650635,1791,76545769,0.05487799644470215
4.025238990783691,1792,76588532,0.05474090576171875
4.034499168395996,1793,76631295,0.054877281188964844
4.010261058807373,1794,76674058,0.054811954498291016
4.0463337898254395,1795,76716821,0.054741859436035156
4.033627510070801,1796,76759584,0.056072235107421875
4.014960289001465,1797,76802347,0.05452394485473633
4.059988021850586,1798,76845110,0.054996490478515625
4.030886650085449,1799,76887873,0.05457782745361328
4.030323505401611,1800,76930636,0.05490684509277344
4.023883819580078,1801,76973399,0.05458378791809082
4.019690036773682,1802,77016162,0.05474710464477539
4.051070213317871,1803,77058925,0.054512739181518555
4.024538993835449,1804,77101688,0.055014848709106445
4.020890235900879,1805,77144451,0.05483412742614746
4.0260090827941895,1806,77187214,0.05469560623168945
4.027041912078857,1807,77229977,0.054537296295166016
3.9976582527160645,1808,77272740,0.05449724197387695
4.042975902557373,1809,77315503,0.054889678955078125
4.018880367279053,1810,77358266,0.054692745208740234
4.0416083335876465,1811,77401029,0.054759979248046875
4.037103176116943,1812,77443792,0.05492877960205078
4.0299506187438965,1813,77486555,0.05467844009399414
4.055123805999756,1814,77529318,0.05484819412231445
4.070394992828369,1815,77572081,0.05486416816711426
4.010421276092529,1816,77614844,0.05487561225891113
4.008703708648682,1817,77657607,0.0545046329498291
4.0159382820129395,1818,77700370,0.05456256866455078
4.037284851074219,1819,77743133,0.05442643165588379
4.011552810668945,1820,77785896,0.054624319076538086
4.036780834197998,1821,77828659,0.055085182189941406
3.998067617416382,1822,77871422,0.05464673042297363
4.020934104919434,1823,77914185,0.05476689338684082
4.026484966278076,1824,77956948,0.05463767051696777
4.0344696044921875,1825,77999711,0.054435014724731445
4.057363033294678,1826,78042474,0.05492377281188965
4.0360846519470215,1827,78085237,0.05462145805358887
3.988646984100342,1828,78128000,0.054559946060180664
4.046867847442627,1829,78170763,0.05483055114746094
4.026215553283691,1830,78213526,0.05482840538024902
4.021622657775879,1831,78256289,0.05472278594970703
4.023707866668701,1832,78299052,0.0547027587890625
4.044291019439697,1833,78341815,0.05462050437927246
4.026991844177246,1834,78384578,0.05485081672668457
4.025424480438232,1835,78427341,0.05472922325134277
4.0166215896606445,1836,78470104,0.05467081069946289
3.997140884399414,1837,78512867,0.05469679832458496
4.0022873878479,1838,78555630,0.054616451263427734
4.041215419769287,1839,78598393,0.05489468574523926
4.034371852874756,1840,78641156,0.054612159729003906
4.024235725402832,1841,78683919,0.054781436920166016
4.026645660400391,1842,78726682,0.05468177795410156
4.057509899139404,1843,78769445,0.05441594123840332
3.9771616458892822,1844,78812208,0.05516338348388672
4.026854515075684,1845,78854971,0.055570125579833984
4.0562310218811035,1846,78897734,0.05488419532775879
4.043211936950684,1847,78940497,0.05480337142944336
4.0066142082214355,1848,78983260,0.054767608642578125
4.046271800994873,1849,79026023,0.05519509315490723
4.0613603591918945,1850,79068786,0.054789066314697266
4.049086570739746,1851,79111549,0.054892778396606445
4.034158229827881,1852,79154312,0.05456209182739258
4.010521411895752,1853,79197075,0.05471444129943848
4.006871223449707,1854,79239838,0.05460166931152344
4.049294471740723,1855,79282601,0.05473756790161133
4.017572402954102,1856,79325364,0.05479788780212402
4.019725799560547,1857,79368127,0.05483841896057129
4.036862373352051,1858,79410890,0.054631710052490234
4.002118110656738,1859,79453653,0.054660797119140625
4.060117244720459,1860,79496416,0.05459451675415039
3.9871292114257812,1861,79539179,0.05476045608520508
4.051066875457764,1862,79581942,0.05494379997253418
4.056039810180664,1863,79624705,0.05494523048400879
4.0351362228393555,1864,79667468,0.0548551082611084
3.9902591705322266,1865,79710231,0.05451655387878418
4.0307416915893555,1866,79752994,0.054672956466674805
4.028002738952637,1867,79795757,0.05479311943054199
4.041770935058594,1868,79838520,0.05477619171142578
4.0017194747924805,1869,79881283,0.05468273162841797
3.9871344566345215,1870,79924046,0.054654836654663086
4.060648441314697,1871,79966809,0.054910898208618164
3.9989519119262695,1872,80009572,0.054741621017456055
4.080785751342773,1873,80052335,0.054741859436035156
4.038107395172119,1874,80095098,0.05460953712463379
4.047133922576904,1875,80137861,0.05485343933105469
4.01483678817749,1876,80180624,0.05506324768066406
4.050063610076904,1877,80223387,0.055159807205200195
4.037022590637207,1878,80266150,0.055594682693481445
4.061833381652832,1879,80308913,0.05548453330993652
4.054753303527832,1880,80351676,0.054949045181274414
4.028582572937012,1881,80394439,0.055080413818359375
4.013698101043701,1882,80437202,0.05504131317138672
3.9940240383148193,1883,80479965,0.055036067962646484
4.025825500488281,1884,80522728,0.05514788627624512
4.077172756195068,1885,80565491,0.05521821975708008
4.018665313720703,1886,80608254,0.05532121658325195
4.029102325439453,1887,80651017,0.05514883995056152
4.038032531738281,1888,80693780,0.05518627166748047
4.0436482429504395,1889,80736543,0.05539393424987793
4.043045997619629,1890,80779306,0.055236101150512695
4.040367126464844,1891,80822069,0.05495262145996094
4.059404373168945,1892,80864832,0.054744720458984375
4.043035507202148,1893,80907595,0.05487632751464844
4.032495975494385,1894,80950358,0.05533957481384277
3.99877667427063,1895,80993121,0.05518627166748047
3.9928951263427734,1896,81035884,0.05512690544128418
4.0028252601623535,1897,81078647,0.05530428886413574
4.0644354820251465,1898,81121410,0.05540132522583008
4.035731315612793,1899,81164173,0.05522012710571289
4.017475605010986,1900,81206936,0.05496788024902344
4.058173179626465,1901,81249699,0.056069374084472656
4.044692516326904,1902,81292462,0.0561060905456543
4.02861213684082,1903,81335225,0.055701255798339844
4.051319122314453,1904,81377988,0.05601620674133301
4.0468525886535645,1905,81420751,0.05552220344543457
4.022384166717529,1906,81463514,0.05502724647521973
4.047423839569092,1907,81506277,0.05546927452087402
4.027114391326904,1908,81549040,0.05516529083251953
4.039618968963623,1909,81591803,0.05689644813537598
4.0579328536987305,1910,81634566,0.05617189407348633
4.046384334564209,1911,81677329,0.0551304817199707
4.040336608886719,1912,81720092,0.05493736267089844
3.991847276687622,1913,81762855,0.055905818939208984
4.038137912750244,1914,81805618,0.055341482162475586
4.012068748474121,1915,81848381,0.05529618263244629
4.037537097930908,1916,81891144,0.055274009704589844
4.030864715576172,1917,81933907,0.05515599250793457
3.9355716705322266,1918,81976670,0.05497026443481445
4.011384963989258,1919,82019433,0.054847002029418945
4.02856969833374,1920,82062196,0.05543208122253418
3.9751124382019043,1921,82104959,0.0554196834564209
4.036111831665039,1922,82147722,0.05522298812866211
4.040510177612305,1923,82190485,0.05517768859863281
4.057809352874756,1924,82233248,0.05520296096801758
4.00434684753418,1925,82276011,0.05515575408935547
4.001534461975098,1926,82318774,0.05638289451599121
3.989356517791748,1927,82361537,0.05475330352783203
4.039455413818359,1928,82404300,0.055475711822509766
3.985792875289917,1929,82447063,0.05624723434448242
3.9755542278289795,1930,82489826,0.05563497543334961
4.048079013824463,1931,82532589,0.05516195297241211
4.065009117126465,1932,82575352,0.055136919021606445
4.017524719238281,1933,82618115,0.05543398857116699
4.029130935668945,1934,82660878,0.05519866943359375
4.051279067993164,1935,82703641,0.0552823543548584
4.096791744232178,1936,82746404,0.055318593978881836
3.9794692993164062,1937,82789167,0.056142330169677734
3.974316120147705,1938,82831930,0.05507636070251465
3.9992449283599854,1939,82874693,0.05527472496032715
4.051466464996338,1940,82917456,0.05530071258544922
4.022963523864746,1941,82960219,0.05510401725769043
4.075504779815674,1942,83002982,0.0551600456237793
4.028302192687988,1943,83045745,0.05514073371887207
4.033140659332275,1944,83088508,0.0553431510925293
4.021710395812988,1945,83131271,0.05505943298339844
4.017358303070068,1946,83174034,0.05489087104797363
3.988604784011841,1947,83216797,0.0550992488861084
4.017781734466553,1948,83259560,0.05504798889160156
4.041194438934326,1949,83302323,0.05533862113952637
4.0469794273376465,1950,83345086,0.055030107498168945
3.9967761039733887,1951,83387849,0.0558619499206543
4.077785968780518,1952,83430612,0.05585622787475586
4.0592546463012695,1953,83473375,0.05498933792114258
3.981454372406006,1954,83516138,0.055486202239990234
4.058740139007568,1955,83558901,0.05508780479431152
4.022572994232178,1956,83601664,0.055632829666137695
4.0030598640441895,1957,83644427,0.05524444580078125
4.005106449127197,1958,83687190,0.055214643478393555
4.054661750793457,1959,83729953,0.05519413948059082
4.015153408050537,1960,83772716,0.05482149124145508
4.059433937072754,1961,83815479,0.05507922172546387
3.995356559753418,1962,83858242,0.05526232719421387
4.023942470550537,1963,83901005,0.05515336990356445
4.028908729553223,1964,83943768,0.05522322654724121
4.044947624206543,1965,83986531,0.05524611473083496
4.025938987731934,1966,84029294,0.05470633506774902
4.00877046585083,1967,84072057,0.054848670959472656
4.026902198791504,1968,84114820,0.05502748489379883
3.9976084232330322,1969,84157583,0.055228233337402344
3.9734954833984375,1970,84200346,0.055063486099243164
4.035172462463379,1971,84243109,0.05492091178894043
4.030820369720459,1972,84285872,0.05515336990356445
4.035377502441406,1973,84328635,0.054970502853393555
4.043631076812744,1974,84371398,0.05496811866760254
4.013803482055664,1975,84414161,0.05626106262207031
4.064835548400879,1976,84456924,0.0556797981262207
4.037031173706055,1977,84499687,0.05504107475280762
4.037283420562744,1978,84542450,0.05491161346435547
4.0308518409729,1979,84585213,0.05470705032348633
4.032817363739014,1980,84627976,0.05487346649169922
4.038718223571777,1981,84670739,0.05471205711364746
4.01032018661499,1982,84713502,0.05487823486328125
4.072972297668457,1983,84756265,0.054801225662231445
3.969470262527466,1984,84799028,0.05479741096496582
4.0225677490234375,1985,84841791,0.05469775199890137
4.0097336769104,1986,84884554,0.05492806434631348
3.9983198642730713,1987,84927317,0.055094242095947266
4.021719455718994,1988,84970080,0.05485367774963379
4.038577556610107,1989,85012843,0.0553278923034668
4.034895420074463,1990,85055606,0.05532693862915039
4.045702934265137,1991,85098369,0.05520200729370117
3.9742889404296875,1992,85141132,0.05521416664123535
4.05812406539917,1993,85183895,0.05478668212890625
4.0693864822387695,1994,85226658,0.05526447296142578
4.012397766113281,1995,85269421,0.05519366264343262
4.0291242599487305,1996,85312184,0.05479001998901367
4.045403957366943,1997,85354947,0.05536293983459473
3.986490249633789,1998,85397710,0.05782747268676758
4.048428535461426,1999,85440473,0.057964324951171875
4.004726886749268,2000,85483236,0.05932760238647461
4.056936264038086,2001,85525999,0.058158159255981445
4.029627799987793,2002,85568762,0.07568097114562988
4.041425704956055,2003,85611525,0.05556941032409668
4.0292768478393555,2004,85654288,0.05528855323791504
4.050838947296143,2005,85697051,0.05564761161804199
4.008120536804199,2006,85739814,0.055022478103637695
4.03640079498291,2007,85782577,0.055576324462890625
3.9918835163116455,2008,85825340,0.0554807186126709
4.0576372146606445,2009,85868103,0.05522274971008301
4.0192036628723145,2010,85910866,0.055077314376831055
4.018075466156006,2011,85953629,0.05485177040100098
4.00096321105957,2012,85996392,0.05611920356750488
4.043537139892578,2013,86039155,0.05502724647521973
4.035053730010986,2014,86081918,0.055028438568115234
4.025710105895996,2015,86124681,0.05556631088256836
4.033149242401123,2016,86167444,0.05490303039550781
4.0023345947265625,2017,86210207,0.05506706237792969
4.011526584625244,2018,86252970,0.055510520935058594
3.9912912845611572,2019,86295733,0.055228233337402344
4.042026042938232,2020,86338496,0.05489945411682129
4.0151166915893555,2021,86381259,0.05621671676635742
4.027886390686035,2022,86424022,0.05492401123046875
4.018377304077148,2023,86466785,0.05518960952758789
3.993513822555542,2024,86509548,0.05504035949707031
4.024404525756836,2025,86552311,0.054973602294921875
4.032039165496826,2026,86595074,0.05523276329040527
4.005440711975098,2027,86637837,0.05673933029174805
4.012530326843262,2028,86680600,0.055747270584106445
4.00421142578125,2029,86723363,0.055307626724243164
4.029275894165039,2030,86766126,0.05513739585876465
4.04212760925293,2031,86808889,0.05475640296936035
4.029696941375732,2032,86851652,0.054986000061035156
4.0313897132873535,2033,86894415,0.05508279800415039
4.03387975692749,2034,86937178,0.05541229248046875
4.034806728363037,2035,86979941,0.056943655014038086
4.024710178375244,2036,87022704,0.05557107925415039
4.002011299133301,2037,87065467,0.05606222152709961
4.055017471313477,2038,87108230,0.057740211486816406
3.9782919883728027,2039,87150993,0.055437326431274414
4.029096603393555,2040,87193756,0.055182695388793945
4.022227764129639,2041,87236519,0.05542445182800293
4.048910617828369,2042,87279282,0.05485272407531738
3.9927361011505127,2043,87322045,0.05511879920959473
4.027695178985596,2044,87364808,0.05510592460632324
4.082701683044434,2045,87407571,0.05592942237854004
4.044638156890869,2046,87450334,0.05469679832458496
4.0363993644714355,2047,87493097,0.05512547492980957
4.062226295471191,2048,87535860,0.05535721778869629
4.014884948730469,2049,87578623,0.0558474063873291
4.035327434539795,2050,87621386,0.05694437026977539
4.034059047698975,2051,87664149,0.05540823936462402
4.048480987548828,2052,87706912,0.05522561073303223
4.036767482757568,2053,87749675,0.054978370666503906
4.042999267578125,2054,87792438,0.05509138107299805
4.02863073348999,2055,87835201,0.05501055717468262
3.9863944053649902,2056,87877964,0.055126190185546875
4.0547637939453125,2057,87920727,0.05572843551635742
4.037703037261963,2058,87963490,0.055315256118774414
4.021823883056641,2059,88006253,0.05505943298339844
4.00734281539917,2060,88049016,0.0550997257232666
4.026869773864746,2061,88091779,0.055159807205200195
4.025714874267578,2062,88134542,0.05482006072998047
4.0498456954956055,2063,88177305,0.05491995811462402
4.016337871551514,2064,88220068,0.05498552322387695
4.008730411529541,2065,88262831,0.055175065994262695
4.043554306030273,2066,88305594,0.055620670318603516
4.069830894470215,2067,88348357,0.05539655685424805
4.029166221618652,2068,88391120,0.05623912811279297
3.9545278549194336,2069,88433883,0.055449485778808594
4.029411792755127,2070,88476646,0.0548396110534668
4.000114917755127,2071,88519409,0.055292606353759766
4.015129566192627,2072,88562172,0.05509448051452637
3.9817731380462646,2073,88604935,0.05521702766418457
4.037686824798584,2074,88647698,0.055042266845703125
4.0071306228637695,2075,88690461,0.05525541305541992
4.0607523918151855,2076,88733224,0.05559659004211426
4.057206153869629,2077,88775987,0.05465054512023926
3.980313301086426,2078,88818750,0.05487799644470215
4.048541069030762,2079,88861513,0.05535483360290527
4.035701751708984,2080,88904276,0.05517935752868652
4.028404235839844,2081,88947039,0.056498050689697266
4.057896614074707,2082,88989802,0.05557966232299805
4.063098430633545,2083,89032565,0.05502581596374512
4.042234420776367,2084,89075328,0.05531954765319824
4.030715465545654,2085,89118091,0.05522727966308594
4.024636268615723,2086,89160854,0.055394887924194336
4.07323694229126,2087,89203617,0.05499601364135742
4.027306079864502,2088,89246380,0.05531573295593262
4.005861282348633,2089,89289143,0.054978132247924805
4.06924295425415,2090,89331906,0.05530905723571777
3.9982712268829346,2091,89374669,0.05595111846923828
4.0263671875,2092,89417432,0.055689096450805664
4.039765357971191,2093,89460195,0.05531024932861328
4.015459060668945,2094,89502958,0.05531597137451172
3.984346628189087,2095,89545721,0.05529189109802246
4.028185844421387,2096,89588484,0.05488920211791992
4.084989070892334,2097,89631247,0.05548501014709473
4.04990291595459,2098,89674010,0.054891347885131836
4.018526077270508,2099,89716773,0.05508828163146973
4.046252250671387,2100,89759536,0.055400848388671875
4.038645267486572,2101,89802299,0.05601334571838379
4.035610198974609,2102,89845062,0.05508852005004883
4.0130486488342285,2103,89887825,0.054946184158325195
4.063981056213379,2104,89930588,0.055289268493652344
4.038691520690918,2105,89973351,0.05518746376037598
4.05401611328125,2106,90016114,0.05536603927612305
4.007651329040527,2107,90058877,0.057128190994262695
4.044565200805664,2108,90101640,0.05561399459838867
4.0287652015686035,2109,90144403,0.05672287940979004
3.986814498901367,2110,90187166,0.05645179748535156
4.013845920562744,2111,90229929,0.05605292320251465
4.032400608062744,2112,90272692,0.055822134017944336
4.052084922790527,2113,90315455,0.055711984634399414
3.999229907989502,2114,90358218,0.05515170097351074
4.024845600128174,2115,90400981,0.05495953559875488
4.06730842590332,2116,90443744,0.05493736267089844
4.022299289703369,2117,90486507,0.055068016052246094
4.07704496383667,2118,90529270,0.05511116981506348
4.029510498046875,2119,90572033,0.05520987510681152
4.07435941696167,2120,90614796,0.05536031723022461
4.021642684936523,2121,90657559,0.05537152290344238
4.012693881988525,2122,90700322,0.055968284606933594
4.0295562744140625,2123,90743085,0.05514359474182129
4.055835247039795,2124,90785848,0.05542874336242676
4.02095365524292,2125,90828611,0.05538058280944824
4.046613693237305,2126,90871374,0.05527448654174805
4.026922702789307,2127,90914137,0.05513930320739746
4.027877330780029,2128,90956900,0.05532026290893555
4.025348663330078,2129,90999663,0.055574893951416016
3.9999940395355225,2130,91042426,0.05545663833618164
4.008799076080322,2131,91085189,0.05507206916809082
4.032275199890137,2132,91127952,0.05532979965209961
4.009624481201172,2133,91170715,0.05480217933654785
4.062386512756348,2134,91213478,0.05463838577270508
4.004805088043213,2135,91256241,0.05478525161743164
3.9923510551452637,2136,91299004,0.055042266845703125
4.00087833404541,2137,91341767,0.054656982421875
4.013117790222168,2138,91384530,0.05445265769958496
4.02567195892334,2139,91427293,0.05462765693664551
3.9744246006011963,2140,91470056,0.054450273513793945
4.006560802459717,2141,91512819,0.05458378791809082
4.0431227684021,2142,91555582,0.05466461181640625
4.030454635620117,2143,91598345,0.054540395736694336
4.06630277633667,2144,91641108,0.0552823543548584
4.000873565673828,2145,91683871,0.05462503433227539
4.044817924499512,2146,91726634,0.05473184585571289
4.017143726348877,2147,91769397,0.05488228797912598
4.101446151733398,2148,91812160,0.05493640899658203
4.0144758224487305,2149,91854923,0.054961204528808594
4.042431354522705,2150,91897686,0.055034637451171875
4.002918720245361,2151,91940449,0.05495643615722656
4.028183460235596,2152,91983212,0.05498194694519043
4.007672309875488,2153,92025975,0.05507040023803711
4.030486583709717,2154,92068738,0.05513429641723633
4.042858600616455,2155,92111501,0.05511212348937988
4.027941703796387,2156,92154264,0.0552217960357666
4.031280994415283,2157,92197027,0.054911136627197266
4.009989261627197,2158,92239790,0.05589628219604492
4.01275634765625,2159,92282553,0.05559039115905762
4.03000020980835,2160,92325316,0.055100202560424805
4.0366129875183105,2161,92368079,0.055389404296875
4.041260242462158,2162,92410842,0.05529975891113281
4.038611888885498,2163,92453605,0.055248260498046875
4.0323076248168945,2164,92496368,0.054671287536621094
4.016313552856445,2165,92539131,0.05534815788269043
4.027503490447998,2166,92581894,0.05488777160644531
4.066104412078857,2167,92624657,0.05521750450134277
4.046219825744629,2168,92667420,0.05532073974609375
4.05695104598999,2169,92710183,0.05521702766418457
4.010861396789551,2170,92752946,0.055310726165771484
4.044509410858154,2171,92795709,0.05541276931762695
3.9910385608673096,2172,92838472,0.05517697334289551
4.034781455993652,2173,92881235,0.05482625961303711
4.047069549560547,2174,92923998,0.05522489547729492
3.9910566806793213,2175,92966761,0.05492091178894043
4.0238752365112305,2176,93009524,0.05664873123168945
4.032032489776611,2177,93052287,0.055176734924316406
4.038557052612305,2178,93095050,0.055243492126464844
3.9955127239227295,2179,93137813,0.05477619171142578
4.004897117614746,2180,93180576,0.054795026779174805
4.003953456878662,2181,93223339,0.055145263671875
3.995980978012085,2182,93266102,0.05523180961608887
3.985762357711792,2183,93308865,0.05540180206298828
3.9566266536712646,2184,93351628,0.055230140686035156
4.015223026275635,2185,93394391,0.0563204288482666
4.03737211227417,2186,93437154,0.05520439147949219
3.9965264797210693,2187,93479917,0.05523371696472168
3.9991893768310547,2188,93522680,0.05520915985107422
4.040324687957764,2189,93565443,0.05534839630126953
4.039440631866455,2190,93608206,0.055032968521118164
4.010399341583252,2191,93650969,0.054930686950683594
4.042338848114014,2192,93693732,0.05521750450134277
4.024840831756592,2193,93736495,0.0548403263092041
4.022819995880127,2194,93779258,0.05499386787414551
4.044955253601074,2195,93822021,0.05513477325439453
4.033328533172607,2196,93864784,0.055123329162597656
4.080975532531738,2197,93907547,0.05518913269042969
4.006134033203125,2198,93950310,0.05525970458984375
4.022043704986572,2199,93993073,0.05524039268493652
4.0371575355529785,2200,94035836,0.05520796775817871
3.9991393089294434,2201,94078599,0.05533862113952637
4.0012006759643555,2202,94121362,0.05555009841918945
4.030097484588623,2203,94164125,0.05545520782470703
4.03047513961792,2204,94206888,0.055202484130859375
4.003848552703857,2205,94249651,0.055052995681762695
4.004354000091553,2206,94292414,0.0556795597076416
4.012232780456543,2207,94335177,0.05536341667175293
4.022902488708496,2208,94377940,0.05540823936462402
3.997598886489868,2209,94420703,0.05526089668273926
4.055483818054199,2210,94463466,0.05478191375732422
4.0065598487854,2211,94506229,0.05510449409484863
4.0660080909729,2212,94548992,0.05503726005554199
4.034155368804932,2213,94591755,0.05525469779968262
4.0051116943359375,2214,94634518,0.055123090744018555
4.011224269866943,2215,94677281,0.05495738983154297
4.007991790771484,2216,94720044,0.05489182472229004
4.0181379318237305,2217,94762807,0.054823875427246094
4.001811981201172,2218,94805570,0.05493950843811035
4.044722557067871,2219,94848333,0.05497026443481445
4.00247049331665,2220,94891096,0.05488157272338867
3.9710373878479004,2221,94933859,0.055082082748413086
4.015284061431885,2222,94976622,0.054854393005371094
4.0163068771362305,2223,95019385,0.055339813232421875
3.9992001056671143,2224,95062148,0.05525994300842285
4.044501304626465,2225,95104911,0.055051326751708984
4.028768539428711,2226,95147674,0.05536532402038574
3.9962329864501953,2227,95190437,0.05503034591674805
3.992906332015991,2228,95233200,0.055071353912353516
4.022919178009033,2229,95275963,0.05501556396484375
4.041978359222412,2230,95318726,0.0549471378326416
4.040019989013672,2231,95361489,0.05484914779663086
4.000340938568115,2232,95404252,0.05492997169494629
4.042902946472168,2233,95447015,0.054921865463256836
4.068077087402344,2234,95489778,0.0560297966003418
4.000423908233643,2235,95532541,0.055205345153808594
3.9965193271636963,2236,95575304,0.054941415786743164
4.04999303817749,2237,95618067,0.05491518974304199
4.015509605407715,2238,95660830,0.05461764335632324
4.008330345153809,2239,95703593,0.05467343330383301
4.029637336730957,2240,95746356,0.05477333068847656
4.018972396850586,2241,95789119,0.05464029312133789
4.043081283569336,2242,95831882,0.05440378189086914
4.0127763748168945,2243,95874645,0.05435776710510254
4.04377555847168,2244,95917408,0.05459785461425781
4.013038635253906,2245,95960171,0.05457305908203125
4.0272135734558105,2246,96002934,0.05468916893005371
4.011770725250244,2247,96045697,0.05444765090942383
4.015048027038574,2248,96088460,0.05441474914550781
4.025556564331055,2249,96131223,0.054430246353149414
4.012995719909668,2250,96173986,0.05452609062194824
4.014328479766846,2251,96216749,0.054624319076538086
4.005988121032715,2252,96259512,0.05458807945251465
4.04202127456665,2253,96302275,0.054598093032836914
4.0373759269714355,2254,96345038,0.05451250076293945
4.0397210121154785,2255,96387801,0.05440568923950195
4.002036094665527,2256,96430564,0.05510878562927246
4.014618873596191,2257,96473327,0.05464601516723633
4.000380992889404,2258,96516090,0.05438852310180664
4.050012111663818,2259,96558853,0.05458688735961914
4.063670635223389,2260,96601616,0.054444313049316406
4.01724910736084,2261,96644379,0.054520606994628906
3.9891316890716553,2262,96687142,0.054647207260131836
3.9977340698242188,2263,96729905,0.054496049880981445
4.0343546867370605,2264,96772668,0.054557085037231445
3.9976274967193604,2265,96815431,0.054296255111694336
4.0051188468933105,2266,96858194,0.054726600646972656
4.028750419616699,2267,96900957,0.0548398494720459
4.0521392822265625,2268,96943720,0.05469942092895508
4.0332207679748535,2269,96986483,0.054605722427368164
4.013952732086182,2270,97029246,0.054454803466796875
4.001411437988281,2271,97072009,0.054436445236206055
4.040206432342529,2272,97114772,0.05467629432678223
4.0159101486206055,2273,97157535,0.054837703704833984
4.0108642578125,2274,97200298,0.05462193489074707
4.046422481536865,2275,97243061,0.05454683303833008
4.019972801208496,2276,97285824,0.05446457862854004
4.038991928100586,2277,97328587,0.054575204849243164
3.9969799518585205,2278,97371350,0.05484342575073242
4.028356552124023,2279,97414113,0.05476689338684082
3.9994616508483887,2280,97456876,0.054749250411987305
4.0123291015625,2281,97499639,0.05501103401184082
4.0364298820495605,2282,97542402,0.05474376678466797
3.9890990257263184,2283,97585165,0.054761409759521484
4.033261299133301,2284,97627928,0.05450105667114258
4.013887405395508,2285,97670691,0.05453658103942871
4.002821445465088,2286,97713454,0.054463863372802734
3.9932425022125244,2287,97756217,0.054636478424072266
4.0291619300842285,2288,97798980,0.05465078353881836
4.01945161819458,2289,97841743,0.05465984344482422
3.998565912246704,2290,97884506,0.05434823036193848
4.048822402954102,2291,97927269,0.0544743537902832
4.028435230255127,2292,97970032,0.054602861404418945
4.048590183258057,2293,98012795,0.05463433265686035
4.019453048706055,2294,98055558,0.05571603775024414
4.02034330368042,2295,98098321,0.05515313148498535
4.056603908538818,2296,98141084,0.054685354232788086
4.056204795837402,2297,98183847,0.05462336540222168
4.069703578948975,2298,98226610,0.05482792854309082
4.041743278503418,2299,98269373,0.05458259582519531
4.0271100997924805,2300,98312136,0.0543820858001709
4.022650718688965,2301,98354899,0.054583072662353516
4.042526721954346,2302,98397662,0.054656267166137695
4.037298679351807,2303,98440425,0.054798126220703125
4.0121870040893555,2304,98483188,0.05453372001647949
3.9837565422058105,2305,98525951,0.054620981216430664
4.024800777435303,2306,98568714,0.05491757392883301
4.038037300109863,2307,98611477,0.05458545684814453
4.009885311126709,2308,98654240,0.05442190170288086
3.9822797775268555,2309,98697003,0.05445384979248047
4.011250972747803,2310,98739766,0.054602861404418945
4.0485124588012695,2311,98782529,0.0546269416809082
4.0220627784729,2312,98825292,0.05455613136291504
4.056465148925781,2313,98868055,0.05484151840209961
4.007829189300537,2314,98910818,0.05460548400878906
4.010980606079102,2315,98953581,0.0545651912689209
4.012369155883789,2316,98996344,0.05490541458129883
4.004848480224609,2317,99039107,0.054784297943115234
3.9666786193847656,2318,99081870,0.054833173751831055
4.010434150695801,2319,99124633,0.05450868606567383
3.9757161140441895,2320,99167396,0.05525350570678711
3.9941725730895996,2321,99210159,0.05503439903259277
4.0473761558532715,2322,99252922,0.05474209785461426
4.034946441650391,2323,99295685,0.0545504093170166
4.040850639343262,2324,99338448,0.05466508865356445
4.023436546325684,2325,99381211,0.05452537536621094
4.028288841247559,2326,99423974,0.054680824279785156
4.005232334136963,2327,99466737,0.054436445236206055
4.02783203125,2328,99509500,0.054477691650390625
4.000571250915527,2329,99552263,0.054612159729003906
4.020392417907715,2330,99595026,0.05455374717712402
4.024030685424805,2331,99637789,0.05477643013000488
3.9868178367614746,2332,99680552,0.054627180099487305
4.026942729949951,2333,99723315,0.054726600646972656
4.0452189445495605,2334,99766078,0.05476188659667969
4.025501728057861,2335,99808841,0.05473971366882324
4.040865898132324,2336,99851604,0.054769039154052734
3.999763250350952,2337,99894367,0.0546116828918457
3.992422103881836,2338,99937130,0.054633140563964844
4.063992500305176,2339,99979893,0.05464291572570801
4.0273590087890625,2340,100022656,0.05456113815307617
