7.007884979248047,2,42762,0.38657355308532715
7.007543087005615,3,85525,0.05602312088012695
7.008530616760254,4,128288,0.0797872543334961
7.007503986358643,5,171051,0.0610508918762207
7.006377696990967,6,213814,0.05782270431518555
7.008175849914551,7,256577,0.057373046875
7.0023369789123535,8,299340,0.05681920051574707
7.002936840057373,9,342103,0.055138587951660156
7.000267505645752,10,384866,0.05488705635070801
6.998501777648926,11,427629,0.0548858642578125
6.995676040649414,12,470392,0.05527019500732422
6.991367340087891,13,513155,0.05488753318786621
6.988381385803223,14,555918,0.055091142654418945
6.984780311584473,15,598681,0.055071115493774414
6.980645179748535,16,641444,0.05530214309692383
6.9732346534729,17,684207,0.05515408515930176
6.96946907043457,18,726970,0.05489969253540039
6.964743614196777,19,769733,0.055048227310180664
6.958498954772949,20,812496,0.05518984794616699
6.953197002410889,21,855259,0.055004119873046875
6.947534084320068,22,898022,0.05500650405883789
6.94121789932251,23,940785,0.05494499206542969
6.9345197677612305,24,983548,0.05525779724121094
6.925951957702637,25,1026311,0.05505657196044922
6.916234970092773,26,1069074,0.05513572692871094
6.907167434692383,27,1111837,0.05495023727416992
6.901891708374023,28,1154600,0.05505514144897461
6.891225337982178,29,1197363,0.055120229721069336
6.882122039794922,30,1240126,0.05533194541931152
6.871734142303467,31,1282889,0.055069684982299805
6.863077640533447,32,1325652,0.05514407157897949
6.854387283325195,33,1368415,0.05517220497131348
6.8450469970703125,34,1411178,0.05513572692871094
6.83228063583374,35,1453941,0.05485653877258301
6.821636199951172,36,1496704,0.054941654205322266
6.814947605133057,37,1539467,0.0564570426940918
6.801548480987549,38,1582230,0.05499911308288574
6.787275791168213,39,1624993,0.05492138862609863
6.778811454772949,40,1667756,0.05491042137145996
6.765715599060059,41,1710519,0.055146217346191406
6.755687236785889,42,1753282,0.055203914642333984
6.74540901184082,43,1796045,0.05492520332336426
6.732332229614258,44,1838808,0.05484724044799805
6.717419624328613,45,1881571,0.055576324462890625
6.706002712249756,46,1924334,0.05505871772766113
6.694373607635498,47,1967097,0.054987192153930664
6.6815972328186035,48,2009860,0.05497479438781738
6.672173023223877,49,2052623,0.054917097091674805
6.656700611114502,50,2095386,0.05496811866760254
6.647729873657227,51,2138149,0.0550999641418457
6.63415002822876,52,2180912,0.055083274841308594
6.621537685394287,53,2223675,0.055109500885009766
6.610599040985107,54,2266438,0.05521535873413086
6.60071325302124,55,2309201,0.05490279197692871
6.586567401885986,56,2351964,0.05495119094848633
6.569267749786377,57,2394727,0.05504488945007324
6.563518524169922,58,2437490,0.054975032806396484
6.55036735534668,59,2480253,0.05498671531677246
6.530777454376221,60,2523016,0.05508303642272949
6.527194976806641,61,2565779,0.05511617660522461
6.5109148025512695,62,2608542,0.055251359939575195
6.5061869621276855,63,2651305,0.05500078201293945
6.488191604614258,64,2694068,0.05507683753967285
6.476133823394775,65,2736831,0.05493760108947754
6.462803840637207,66,2779594,0.05492091178894043
6.447171688079834,67,2822357,0.05482935905456543
6.440283298492432,68,2865120,0.05479931831359863
6.425580978393555,69,2907883,0.05510377883911133
6.412548542022705,70,2950646,0.055151939392089844
6.4033098220825195,71,2993409,0.05498528480529785
6.390984058380127,72,3036172,0.054886817932128906
6.37547492980957,73,3078935,0.05513262748718262
6.3715691566467285,74,3121698,0.05494213104248047
6.352233409881592,75,3164461,0.0547487735748291
6.3399577140808105,76,3207224,0.055144548416137695
6.332530498504639,77,3249987,0.055119991302490234
6.314579963684082,78,3292750,0.0552515983581543
6.307900428771973,79,3335513,0.05495047569274902
6.290093421936035,80,3378276,0.05487990379333496
6.28314208984375,81,3421039,0.05484652519226074
6.270479679107666,82,3463802,0.05493474006652832
6.254907131195068,83,3506565,0.054924726486206055
6.2458977699279785,84,3549328,0.05493760108947754
6.232754230499268,85,3592091,0.05492234230041504
6.22215461730957,86,3634854,0.0551300048828125
6.205918312072754,87,3677617,0.05490994453430176
6.191454887390137,88,3720380,0.05478715896606445
6.180444717407227,89,3763143,0.05493736267089844
6.172680854797363,90,3805906,0.05508828163146973
6.15569543838501,91,3848669,0.0551602840423584
6.146690845489502,92,3891432,0.05487227439880371
6.121092319488525,93,3934195,0.054830312728881836
6.116472244262695,94,3976958,0.054715871810913086
6.107522487640381,95,4019721,0.055181264877319336
6.088728427886963,96,4062484,0.05490994453430176
6.081371784210205,97,4105247,0.05480384826660156
6.0648627281188965,98,4148010,0.054790496826171875
6.055418968200684,99,4190773,0.05518364906311035
6.046646595001221,100,4233536,0.05494546890258789
6.034083843231201,101,4276299,0.054775238037109375
6.012436866760254,102,4319062,0.05475282669067383
6.00506591796875,103,4361825,0.05491948127746582
5.992347240447998,104,4404588,0.05512857437133789
5.973332405090332,105,4447351,0.055414676666259766
5.966697692871094,106,4490114,0.05515623092651367
5.955409049987793,107,4532877,0.05481982231140137
5.940388202667236,108,4575640,0.05504131317138672
5.9231438636779785,109,4618403,0.05486631393432617
5.916813373565674,110,4661166,0.05479574203491211
5.895626068115234,111,4703929,0.05520272254943848
5.884653568267822,112,4746692,0.05512642860412598
5.875192165374756,113,4789455,0.0547633171081543
5.860775947570801,114,4832218,0.054779767990112305
5.851212978363037,115,4874981,0.055155277252197266
5.826767444610596,116,4917744,0.05474996566772461
5.821825981140137,117,4960507,0.054914236068725586
5.814540863037109,118,5003270,0.054932594299316406
5.79298734664917,119,5046033,0.05491328239440918
5.774942874908447,120,5088796,0.05486726760864258
5.761209487915039,121,5131559,0.0548551082611084
5.758059978485107,122,5174322,0.05469489097595215
5.744022369384766,123,5217085,0.054841041564941406
5.722800254821777,124,5259848,0.055019378662109375
5.7210164070129395,125,5302611,0.05485105514526367
5.694357872009277,126,5345374,0.054800987243652344
5.693961143493652,127,5388137,0.054608821868896484
5.679311275482178,128,5430900,0.05476999282836914
5.653480052947998,129,5473663,0.054694175720214844
5.641157627105713,130,5516426,0.054850101470947266
5.627802848815918,131,5559189,0.05494332313537598
5.6150312423706055,132,5601952,0.055126190185546875
5.592374801635742,133,5644715,0.05483245849609375
5.591401100158691,134,5687478,0.05568814277648926
5.575857639312744,135,5730241,0.05542564392089844
5.562158584594727,136,5773004,0.05506324768066406
5.549445629119873,137,5815767,0.05527663230895996
5.544307231903076,138,5858530,0.05535268783569336
5.5202555656433105,139,5901293,0.055248260498046875
5.5028228759765625,140,5944056,0.05542325973510742
5.4933085441589355,141,5986819,0.05529212951660156
5.489804744720459,142,6029582,0.05523037910461426
5.4781060218811035,143,6072345,0.05531001091003418
5.469539642333984,144,6115108,0.05539584159851074
5.450155258178711,145,6157871,0.0555112361907959
5.428347587585449,146,6200634,0.055562496185302734
5.429850101470947,147,6243397,0.055472612380981445
5.406594753265381,148,6286160,0.055440425872802734
5.391146659851074,149,6328923,0.05550122261047363
5.377801418304443,150,6371686,0.05545759201049805
5.3539533615112305,151,6414449,0.055552005767822266
5.3630805015563965,152,6457212,0.05561208724975586
5.3518147468566895,153,6499975,0.05562543869018555
5.324739456176758,154,6542738,0.055429697036743164
5.297035217285156,155,6585501,0.055445194244384766
5.294839859008789,156,6628264,0.05545186996459961
5.293360233306885,157,6671027,0.05556750297546387
5.252803325653076,158,6713790,0.055336952209472656
5.268848419189453,159,6756553,0.055173635482788086
5.230871677398682,160,6799316,0.05529022216796875
5.227158546447754,161,6842079,0.05496382713317871
5.203583717346191,162,6884842,0.055400848388671875
5.172017574310303,163,6927605,0.05526304244995117
5.167169094085693,164,6970368,0.05546283721923828
5.1699323654174805,165,7013131,0.05537247657775879
5.156459808349609,166,7055894,0.05529928207397461
5.1203694343566895,167,7098657,0.055290937423706055
5.106722354888916,168,7141420,0.055086612701416016
5.11709451675415,169,7184183,0.0552830696105957
5.09175968170166,170,7226946,0.05534529685974121
5.087958812713623,171,7269709,0.05553030967712402
5.058952331542969,172,7312472,0.05530071258544922
5.037703037261963,173,7355235,0.055272817611694336
5.019983768463135,174,7397998,0.05524110794067383
4.983245372772217,175,7440761,0.055286407470703125
5.012225151062012,176,7483524,0.05507779121398926
4.97380256652832,177,7526287,0.055085182189941406
4.99514102935791,178,7569050,0.05516815185546875
4.953324317932129,179,7611813,0.054764509201049805
4.970039367675781,180,7654576,0.05491328239440918
4.943215370178223,181,7697339,0.05517411231994629
4.941054821014404,182,7740102,0.05521368980407715
4.910623073577881,183,7782865,0.05497479438781738
4.91230583190918,184,7825628,0.054793357849121094
4.918238162994385,185,7868391,0.055235862731933594
4.878904342651367,186,7911154,0.05526447296142578
4.874173164367676,187,7953917,0.05510544776916504
4.857665061950684,188,7996680,0.054636478424072266
4.837495803833008,189,8039443,0.0549468994140625
4.8513922691345215,190,8082206,0.055249929428100586
4.789949417114258,191,8124969,0.055124759674072266
4.848012924194336,192,8167732,0.05507469177246094
4.795627117156982,193,8210495,0.05592751502990723
4.785153865814209,194,8253258,0.05562853813171387
4.7883782386779785,195,8296021,0.056410789489746094
4.7553277015686035,196,8338784,0.05604386329650879
4.7148942947387695,197,8381547,0.05468440055847168
4.744359016418457,198,8424310,0.0560150146484375
4.71930456161499,199,8467073,0.056102752685546875
4.698904037475586,200,8509836,0.054787397384643555
4.737220287322998,201,8552599,0.05605196952819824
4.707694053649902,202,8595362,0.05554461479187012
4.7113356590271,203,8638125,0.05521535873413086
4.704126358032227,204,8680888,0.055036067962646484
4.708799839019775,205,8723651,0.05500030517578125
4.66284704208374,206,8766414,0.055197715759277344
4.676801681518555,207,8809177,0.054885149002075195
4.663321018218994,208,8851940,0.05513358116149902
4.665482044219971,209,8894703,0.0554652214050293
4.640172481536865,210,8937466,0.05510854721069336
4.669214248657227,211,8980229,0.05505704879760742
4.657788276672363,212,9022992,0.054495811462402344
4.651144981384277,213,9065755,0.054792165756225586
4.623415470123291,214,9108518,0.05503273010253906
4.61381721496582,215,9151281,0.05464673042297363
4.625601291656494,216,9194044,0.054787397384643555
4.597635269165039,217,9236807,0.05512046813964844
4.594682693481445,218,9279570,0.0546870231628418
4.582673072814941,219,9322333,0.05498623847961426
4.648538112640381,220,9365096,0.05508899688720703
4.618282318115234,221,9407859,0.05460214614868164
4.573933124542236,222,9450622,0.054903268814086914
4.612760066986084,223,9493385,0.055095672607421875
4.610551357269287,224,9536148,0.05500197410583496
4.612429141998291,225,9578911,0.05491185188293457
4.582911491394043,226,9621674,0.05540347099304199
4.565608024597168,227,9664437,0.054998159408569336
4.564420700073242,228,9707200,0.05513954162597656
4.5832438468933105,229,9749963,0.05477619171142578
4.5559258460998535,230,9792726,0.05467653274536133
4.536274433135986,231,9835489,0.05467510223388672
4.578271865844727,232,9878252,0.05491304397583008
4.534142017364502,233,9921015,0.05471682548522949
4.596498489379883,234,9963778,0.05467534065246582
4.563070774078369,235,10006541,0.0548548698425293
4.534673690795898,236,10049304,0.05494880676269531
4.572028160095215,237,10092067,0.05483365058898926
4.531007289886475,238,10134830,0.05489635467529297
4.551028728485107,239,10177593,0.05479097366333008
4.491539478302002,240,10220356,0.054891347885131836
4.532638072967529,241,10263119,0.05474853515625
4.494266510009766,242,10305882,0.05496716499328613
4.529460906982422,243,10348645,0.05505180358886719
4.517730236053467,244,10391408,0.054898977279663086
4.518241882324219,245,10434171,0.05509352684020996
4.510194778442383,246,10476934,0.05504250526428223
4.502337455749512,247,10519697,0.05500388145446777
4.5056986808776855,248,10562460,0.05519247055053711
4.512804985046387,249,10605223,0.055249929428100586
4.459293365478516,250,10647986,0.05601191520690918
4.492462635040283,251,10690749,0.05515122413635254
4.48368501663208,252,10733512,0.05496025085449219
4.48618221282959,253,10776275,0.05502581596374512
4.482714653015137,254,10819038,0.055107831954956055
4.453044414520264,255,10861801,0.0551149845123291
4.502520561218262,256,10904564,0.05510735511779785
4.472752094268799,257,10947327,0.055031776428222656
4.463155269622803,258,10990090,0.055286407470703125
4.489940643310547,259,11032853,0.05513501167297363
4.435872554779053,260,11075616,0.055176734924316406
4.453619480133057,261,11118379,0.0554201602935791
4.513534069061279,262,11161142,0.055288076400756836
4.4853925704956055,263,11203905,0.05519223213195801
4.465762615203857,264,11246668,0.0551762580871582
4.439407825469971,265,11289431,0.05526876449584961
4.4117302894592285,266,11332194,0.055266380310058594
4.437385559082031,267,11374957,0.0552363395690918
4.469581127166748,268,11417720,0.05504322052001953
4.446392059326172,269,11460483,0.05525803565979004
4.46652889251709,270,11503246,0.05522346496582031
4.427292823791504,271,11546009,0.054802894592285156
4.454004287719727,272,11588772,0.05528759956359863
4.415769100189209,273,11631535,0.05528616905212402
4.440877914428711,274,11674298,0.055787086486816406
4.4476704597473145,275,11717061,0.05656719207763672
4.422662734985352,276,11759824,0.056865692138671875
4.375778675079346,277,11802587,0.05551743507385254
4.426427841186523,278,11845350,0.05538749694824219
4.437135696411133,279,11888113,0.056159257888793945
4.429220676422119,280,11930876,0.05677175521850586
4.458740234375,281,11973639,0.05605006217956543
4.470821380615234,282,12016402,0.05572509765625
4.432613372802734,283,12059165,0.05533456802368164
4.43888521194458,284,12101928,0.05853676795959473
4.4102349281311035,285,12144691,0.05884671211242676
4.412432670593262,286,12187454,0.057433128356933594
4.3737077713012695,287,12230217,0.05795884132385254
4.458310604095459,288,12272980,0.05801892280578613
4.427417755126953,289,12315743,0.05797219276428223
4.416553020477295,290,12358506,0.05789947509765625
4.421382427215576,291,12401269,0.05806326866149902
4.386817932128906,292,12444032,0.05794811248779297
4.381049633026123,293,12486795,0.05750274658203125
4.4313154220581055,294,12529558,0.05792641639709473
4.3831586837768555,295,12572321,0.05753946304321289
4.384784698486328,296,12615084,0.057891845703125
4.405032157897949,297,12657847,0.05797314643859863
4.375065326690674,298,12700610,0.05788087844848633
4.369189262390137,299,12743373,0.057843685150146484
4.349473476409912,300,12786136,0.057230472564697266
4.360785007476807,301,12828899,0.057988882064819336
4.358470916748047,302,12871662,0.0580289363861084
4.389052391052246,303,12914425,0.0574803352355957
4.357265472412109,304,12957188,0.057747840881347656
4.401481628417969,305,12999951,0.05800676345825195
4.399417877197266,306,13042714,0.0572514533996582
4.370945930480957,307,13085477,0.0579371452331543
4.383305549621582,308,13128240,0.05755901336669922
4.3956618309021,309,13171003,0.05754446983337402
4.355745792388916,310,13213766,0.057804107666015625
4.391385555267334,311,13256529,0.05786705017089844
4.3379340171813965,312,13299292,0.05774521827697754
4.400769233703613,313,13342055,0.0577549934387207
4.341663837432861,314,13384818,0.05819106101989746
4.430250644683838,315,13427581,0.05955362319946289
4.365908145904541,316,13470344,0.05832958221435547
4.362135410308838,317,13513107,0.05875086784362793
4.390009880065918,318,13555870,0.058037757873535156
4.372406482696533,319,13598633,0.0588071346282959
4.3477373123168945,320,13641396,0.05887460708618164
4.317041397094727,321,13684159,0.05866289138793945
4.34249210357666,322,13726922,0.05764937400817871
4.349328517913818,323,13769685,0.05809640884399414
4.380240440368652,324,13812448,0.057525634765625
4.4172587394714355,325,13855211,0.05937957763671875
4.349824905395508,326,13897974,0.057572364807128906
4.321794033050537,327,13940737,0.058881521224975586
4.334606647491455,328,13983500,0.05815553665161133
4.332857608795166,329,14026263,0.05783247947692871
4.328459739685059,330,14069026,0.05755019187927246
4.351536750793457,331,14111789,0.057782888412475586
4.31752347946167,332,14154552,0.05785775184631348
4.363224506378174,333,14197315,0.0582432746887207
4.30526876449585,334,14240078,0.05814695358276367
4.356337547302246,335,14282841,0.05810427665710449
4.353414058685303,336,14325604,0.05803036689758301
4.313017845153809,337,14368367,0.058118581771850586
4.3371357917785645,338,14411130,0.05807304382324219
4.328127384185791,339,14453893,0.058022260665893555
4.329091548919678,340,14496656,0.05786633491516113
4.31773042678833,341,14539419,0.05819082260131836
4.322805404663086,342,14582182,0.05611252784729004
4.322246074676514,343,14624945,0.05622434616088867
4.338050365447998,344,14667708,0.05507254600524902
4.337301731109619,345,14710471,0.05516362190246582
4.3054518699646,346,14753234,0.055582523345947266
4.339217662811279,347,14795997,0.0558619499206543
4.30877685546875,348,14838760,0.05588531494140625
4.325532913208008,349,14881523,0.05499863624572754
4.286308765411377,350,14924286,0.055826663970947266
4.3167243003845215,351,14967049,0.057157039642333984
4.348169326782227,352,15009812,0.05581927299499512
4.28657865524292,353,15052575,0.05554318428039551
4.293471813201904,354,15095338,0.05653667449951172
4.293253421783447,355,15138101,0.0552210807800293
4.324566841125488,356,15180864,0.05511307716369629
4.330474376678467,357,15223627,0.05518293380737305
4.279326438903809,358,15266390,0.05712747573852539
4.270867824554443,359,15309153,0.05506777763366699
4.3551788330078125,360,15351916,0.055782318115234375
4.288061618804932,361,15394679,0.05590319633483887
4.287661552429199,362,15437442,0.055487632751464844
4.2512335777282715,363,15480205,0.056313276290893555
4.293906211853027,364,15522968,0.05624198913574219
4.256571292877197,365,15565731,0.05671048164367676
4.287120342254639,366,15608494,0.05575108528137207
4.267945289611816,367,15651257,0.05507230758666992
4.307301044464111,368,15694020,0.05533719062805176
4.258615493774414,369,15736783,0.05556344985961914
4.31601095199585,370,15779546,0.05539107322692871
4.284168720245361,371,15822309,0.05520296096801758
4.2705841064453125,372,15865072,0.056212425231933594
4.261665344238281,373,15907835,0.05556225776672363
4.242312431335449,374,15950598,0.05501413345336914
4.272623538970947,375,15993361,0.055320024490356445
4.277023792266846,376,16036124,0.05572080612182617
4.310136795043945,377,16078887,0.05566883087158203
4.297060012817383,378,16121650,0.05608725547790527
4.275278568267822,379,16164413,0.05671548843383789
4.319400310516357,380,16207176,0.055326223373413086
4.268977165222168,381,16249939,0.055494070053100586
4.269565582275391,382,16292702,0.05735611915588379
4.314368724822998,383,16335465,0.05579185485839844
4.341095447540283,384,16378228,0.05516171455383301
4.216578006744385,385,16420991,0.055147409439086914
4.233262062072754,386,16463754,0.05522298812866211
4.241568565368652,387,16506517,0.05476093292236328
4.238097190856934,388,16549280,0.0552515983581543
4.3034892082214355,389,16592043,0.054991960525512695
4.28128719329834,390,16634806,0.05524921417236328
4.2841877937316895,391,16677569,0.05524325370788574
4.267549514770508,392,16720332,0.05905294418334961
4.240633010864258,393,16763095,0.055611371994018555
4.252804279327393,394,16805858,0.055449485778808594
4.257052421569824,395,16848621,0.056205034255981445
4.272446155548096,396,16891384,0.05541539192199707
4.2878522872924805,397,16934147,0.05492758750915527
4.247204780578613,398,16976910,0.05512523651123047
4.238748550415039,399,17019673,0.05526590347290039
4.293793201446533,400,17062436,0.05522346496582031
4.234986305236816,401,17105199,0.05523085594177246
4.259039878845215,402,17147962,0.055383920669555664
4.228499412536621,403,17190725,0.05519890785217285
4.225226879119873,404,17233488,0.05605030059814453
4.23810338973999,405,17276251,0.055532217025756836
4.271371364593506,406,17319014,0.05528998374938965
4.242249488830566,407,17361777,0.05495858192443848
4.216380596160889,408,17404540,0.05640578269958496
4.229068756103516,409,17447303,0.05530571937561035
4.262872695922852,410,17490066,0.05533766746520996
4.233614444732666,411,17532829,0.05529332160949707
4.251407623291016,412,17575592,0.054773569107055664
4.256458282470703,413,17618355,0.05566859245300293
4.288537502288818,414,17661118,0.05560708045959473
4.224700927734375,415,17703881,0.05525994300842285
4.250251293182373,416,17746644,0.05526471138000488
4.204890251159668,417,17789407,0.05536627769470215
4.248346328735352,418,17832170,0.05537104606628418
4.234689235687256,419,17874933,0.05483746528625488
4.242697715759277,420,17917696,0.055312156677246094
4.255858898162842,421,17960459,0.0548100471496582
4.190435886383057,422,18003222,0.05489230155944824
4.245849132537842,423,18045985,0.0552973747253418
4.223705291748047,424,18088748,0.05514931678771973
4.286073207855225,425,18131511,0.05669212341308594
4.191137790679932,426,18174274,0.05569958686828613
4.2600531578063965,427,18217037,0.0556950569152832
4.2300705909729,428,18259800,0.05557727813720703
4.2335052490234375,429,18302563,0.05572009086608887
4.197103023529053,430,18345326,0.05507802963256836
4.215722560882568,431,18388089,0.05543875694274902
4.256827354431152,432,18430852,0.056142330169677734
4.256913661956787,433,18473615,0.05572628974914551
4.214527130126953,434,18516378,0.05486297607421875
4.226620674133301,435,18559141,0.05487704277038574
4.281225204467773,436,18601904,0.05440878868103027
4.215657711029053,437,18644667,0.05502915382385254
4.256010055541992,438,18687430,0.055135488510131836
4.209648132324219,439,18730193,0.05518460273742676
4.1999430656433105,440,18772956,0.05519723892211914
4.250590801239014,441,18815719,0.05527639389038086
4.2490739822387695,442,18858482,0.055242300033569336
4.215235233306885,443,18901245,0.05513262748718262
4.2155232429504395,444,18944008,0.05512571334838867
4.1911725997924805,445,18986771,0.05521106719970703
4.229383945465088,446,19029534,0.05523109436035156
4.178495407104492,447,19072297,0.0549321174621582
4.247269630432129,448,19115060,0.05525016784667969
4.258773326873779,449,19157823,0.05514407157897949
4.183664321899414,450,19200586,0.05529451370239258
4.190308570861816,451,19243349,0.0551910400390625
4.246590614318848,452,19286112,0.05513334274291992
4.215733528137207,453,19328875,0.05514883995056152
4.249516487121582,454,19371638,0.05517220497131348
4.243185997009277,455,19414401,0.05527186393737793
4.212395668029785,456,19457164,0.05514979362487793
4.225036144256592,457,19499927,0.05504584312438965
4.2193193435668945,458,19542690,0.0551753044128418
4.20589017868042,459,19585453,0.05504560470581055
4.197864055633545,460,19628216,0.05512404441833496
4.222904205322266,461,19670979,0.05521821975708008
4.223821640014648,462,19713742,0.054572105407714844
4.246094703674316,463,19756505,0.05523943901062012
4.212921619415283,464,19799268,0.05510687828063965
4.2166972160339355,465,19842031,0.05496406555175781
4.22286319732666,466,19884794,0.05513334274291992
4.2237467765808105,467,19927557,0.05495166778564453
4.227348327636719,468,19970320,0.05522727966308594
4.197656631469727,469,20013083,0.055184125900268555
4.1826982498168945,470,20055846,0.05509042739868164
4.179630756378174,471,20098609,0.05492448806762695
4.191995143890381,472,20141372,0.054898738861083984
4.193482875823975,473,20184135,0.05480766296386719
4.203158378601074,474,20226898,0.05503988265991211
4.233976364135742,475,20269661,0.055118560791015625
4.179265022277832,476,20312424,0.05477309226989746
4.197565078735352,477,20355187,0.05519509315490723
4.19150447845459,478,20397950,0.05502486228942871
4.185831546783447,479,20440713,0.054744720458984375
4.219145774841309,480,20483476,0.055199623107910156
4.193231582641602,481,20526239,0.05510759353637695
4.226788520812988,482,20569002,0.05512237548828125
4.258201599121094,483,20611765,0.05495095252990723
4.217304229736328,484,20654528,0.054924726486206055
4.231362819671631,485,20697291,0.054956674575805664
4.257334232330322,486,20740054,0.054895639419555664
4.213769435882568,487,20782817,0.05513906478881836
4.1982927322387695,488,20825580,0.055117130279541016
4.215943813323975,489,20868343,0.05516791343688965
4.204006195068359,490,20911106,0.05552387237548828
4.166638374328613,491,20953869,0.055268287658691406
4.172839164733887,492,20996632,0.05453753471374512
4.225968360900879,493,21039395,0.054500579833984375
4.213284015655518,494,21082158,0.05480146408081055
4.2092719078063965,495,21124921,0.05475783348083496
4.256335258483887,496,21167684,0.05471992492675781
4.191809177398682,497,21210447,0.05477404594421387
4.239958763122559,498,21253210,0.0547330379486084
4.21412467956543,499,21295973,0.05482196807861328
4.195127010345459,500,21338736,0.054689645767211914
4.171034812927246,501,21381499,0.05473732948303223
4.188304424285889,502,21424262,0.0623621940612793
4.214425086975098,503,21467025,0.05699872970581055
4.208209037780762,504,21509788,0.05715298652648926
4.1811747550964355,505,21552551,0.05791497230529785
4.163751602172852,506,21595314,0.05721139907836914
4.185633182525635,507,21638077,0.05688643455505371
4.195954322814941,508,21680840,0.05683588981628418
4.192330837249756,509,21723603,0.05761599540710449
4.204874038696289,510,21766366,0.057578325271606445
4.230358123779297,511,21809129,0.05686306953430176
4.154271602630615,512,21851892,0.05707287788391113
4.20326566696167,513,21894655,0.05718731880187988
4.204023361206055,514,21937418,0.057419538497924805
4.216878414154053,515,21980181,0.056923627853393555
4.174748420715332,516,22022944,0.05688595771789551
4.1953229904174805,517,22065707,0.05692887306213379
4.215145587921143,518,22108470,0.05750274658203125
4.188570022583008,519,22151233,0.057102203369140625
4.15395450592041,520,22193996,0.05717635154724121
4.1845622062683105,521,22236759,0.056853532791137695
4.1682000160217285,522,22279522,0.05703091621398926
4.1802754402160645,523,22322285,0.0572209358215332
4.205464839935303,524,22365048,0.05709958076477051
4.201363563537598,525,22407811,0.05683493614196777
4.152868270874023,526,22450574,0.05713486671447754
4.162804126739502,527,22493337,0.057161808013916016
4.181414604187012,528,22536100,0.05698966979980469
4.177339553833008,529,22578863,0.05735278129577637
4.197682857513428,530,22621626,0.05826139450073242
4.1983232498168945,531,22664389,0.05721759796142578
4.185299396514893,532,22707152,0.0569610595703125
4.19866943359375,533,22749915,0.057126760482788086
4.133097171783447,534,22792678,0.05730128288269043
4.1527276039123535,535,22835441,0.05695056915283203
4.196527481079102,536,22878204,0.05690336227416992
4.209100723266602,537,22920967,0.05689263343811035
4.176211357116699,538,22963730,0.05695748329162598
4.164586067199707,539,23006493,0.05681872367858887
4.1665496826171875,540,23049256,0.0568547248840332
4.167459964752197,541,23092019,0.057535648345947266
4.218079566955566,542,23134782,0.057135820388793945
4.230621814727783,543,23177545,0.05712294578552246
4.239333629608154,544,23220308,0.057140350341796875
4.18691873550415,545,23263071,0.056746721267700195
4.189162254333496,546,23305834,0.05702352523803711
4.172611713409424,547,23348597,0.056999921798706055
4.192184925079346,548,23391360,0.056865692138671875
4.21359395980835,549,23434123,0.05695009231567383
4.1964287757873535,550,23476886,0.056893110275268555
4.177286148071289,551,23519649,0.05739188194274902
4.150761604309082,552,23562412,0.05680131912231445
4.186898708343506,553,23605175,0.05691266059875488
4.177034378051758,554,23647938,0.057024240493774414
4.166326999664307,555,23690701,0.057260751724243164
4.183335304260254,556,23733464,0.0580143928527832
4.153900623321533,557,23776227,0.057294368743896484
4.1779279708862305,558,23818990,0.057303667068481445
4.201977252960205,559,23861753,0.057056427001953125
4.175485134124756,560,23904516,0.05698037147521973
4.109523296356201,561,23947279,0.05730772018432617
4.186542510986328,562,23990042,0.05685114860534668
4.200913906097412,563,24032805,0.05711078643798828
4.171692848205566,564,24075568,0.057071685791015625
4.170239448547363,565,24118331,0.05825209617614746
4.159759998321533,566,24161094,0.05706477165222168
4.125589847564697,567,24203857,0.05696725845336914
4.167282581329346,568,24246620,0.05701017379760742
4.143757343292236,569,24289383,0.05706787109375
4.197990894317627,570,24332146,0.05692315101623535
4.137562274932861,571,24374909,0.05714130401611328
4.15375280380249,572,24417672,0.057268619537353516
4.149918079376221,573,24460435,0.05719423294067383
4.149827003479004,574,24503198,0.05695962905883789
4.17415189743042,575,24545961,0.056755781173706055
4.159632205963135,576,24588724,0.05707573890686035
4.202816486358643,577,24631487,0.05699038505554199
4.195117473602295,578,24674250,0.057297706604003906
4.144796848297119,579,24717013,0.05698752403259277
4.161745548248291,580,24759776,0.05707216262817383
4.224020957946777,581,24802539,0.05727410316467285
4.167079925537109,582,24845302,0.05687832832336426
4.1825666427612305,583,24888065,0.056992530822753906
4.165343284606934,584,24930828,0.05828285217285156
4.158962249755859,585,24973591,0.05711030960083008
4.203135967254639,586,25016354,0.05692028999328613
4.211409091949463,587,25059117,0.056914567947387695
4.159818649291992,588,25101880,0.05723714828491211
4.136026859283447,589,25144643,0.056949615478515625
4.165426254272461,590,25187406,0.0571894645690918
4.173539161682129,591,25230169,0.056783437728881836
4.1614484786987305,592,25272932,0.05685091018676758
4.152126789093018,593,25315695,0.05691051483154297
4.164455413818359,594,25358458,0.057115793228149414
4.149354934692383,595,25401221,0.05681276321411133
4.125607490539551,596,25443984,0.05700063705444336
4.128184795379639,597,25486747,0.05747246742248535
4.170580863952637,598,25529510,0.05748605728149414
4.187870025634766,599,25572273,0.05695629119873047
4.168163299560547,600,25615036,0.05695915222167969
4.159613132476807,601,25657799,0.056929588317871094
4.180600166320801,602,25700562,0.05704545974731445
4.139163017272949,603,25743325,0.05712151527404785
4.129542350769043,604,25786088,0.057184696197509766
4.157176494598389,605,25828851,0.05728793144226074
4.168426036834717,606,25871614,0.057218313217163086
4.176939010620117,607,25914377,0.05759263038635254
4.146600723266602,608,25957140,0.05704617500305176
4.158579349517822,609,25999903,0.056993961334228516
4.138286113739014,610,26042666,0.05692315101623535
4.138814449310303,611,26085429,0.0568699836730957
4.13334321975708,612,26128192,0.057100772857666016
4.120757579803467,613,26170955,0.057195425033569336
4.160276889801025,614,26213718,0.05687761306762695
4.178361415863037,615,26256481,0.056858062744140625
4.1786603927612305,616,26299244,0.05681037902832031
4.138457775115967,617,26342007,0.05673480033874512
4.137520790100098,618,26384770,0.05700254440307617
4.17072057723999,619,26427533,0.05699038505554199
4.139057159423828,620,26470296,0.05688667297363281
4.149876594543457,621,26513059,0.05806374549865723
4.186257362365723,622,26555822,0.05721306800842285
4.145759105682373,623,26598585,0.057033538818359375
4.150057315826416,624,26641348,0.05686664581298828
4.147784233093262,625,26684111,0.056847333908081055
4.155556678771973,626,26726874,0.05714845657348633
4.18821382522583,627,26769637,0.05674481391906738
4.15385627746582,628,26812400,0.05705404281616211
4.128411769866943,629,26855163,0.05686831474304199
4.1266188621521,630,26897926,0.056938886642456055
4.190847396850586,631,26940689,0.05705428123474121
4.134344577789307,632,26983452,0.0569913387298584
4.129087448120117,633,27026215,0.05746316909790039
4.1695756912231445,634,27068978,0.057015180587768555
4.138006210327148,635,27111741,0.057001352310180664
4.176230430603027,636,27154504,0.05690479278564453
4.176039218902588,637,27197267,0.056867361068725586
4.0825276374816895,638,27240030,0.05752444267272949
4.156956195831299,639,27282793,0.057173967361450195
4.14119815826416,640,27325556,0.05708599090576172
4.120083332061768,641,27368319,0.05690765380859375
4.127944469451904,642,27411082,0.0569300651550293
4.157709121704102,643,27453845,0.057143449783325195
4.190291404724121,644,27496608,0.05688023567199707
4.155163764953613,645,27539371,0.056810855865478516
4.13629150390625,646,27582134,0.05690145492553711
4.166646957397461,647,27624897,0.05697321891784668
4.1331682205200195,648,27667660,0.057312965393066406
4.181926727294922,649,27710423,0.05708193778991699
4.17965841293335,650,27753186,0.05712008476257324
4.140204429626465,651,27795949,0.05701279640197754
4.142104148864746,652,27838712,0.05684351921081543
4.156296253204346,653,27881475,0.05701398849487305
4.158581256866455,654,27924238,0.05718350410461426
4.131824493408203,655,27967001,0.056832313537597656
4.142613887786865,656,28009764,0.056913137435913086
4.1283063888549805,657,28052527,0.05707693099975586
4.1632161140441895,658,28095290,0.057250022888183594
4.136357307434082,659,28138053,0.057297468185424805
4.168349742889404,660,28180816,0.057053327560424805
4.143411159515381,661,28223579,0.05709505081176758
4.141454696655273,662,28266342,0.05721163749694824
4.130583763122559,663,28309105,0.05699563026428223
4.170588970184326,664,28351868,0.056871891021728516
4.157643795013428,665,28394631,0.05688643455505371
4.120466709136963,666,28437394,0.05706524848937988
4.131910800933838,667,28480157,0.05697774887084961
4.158398628234863,668,28522920,0.057322025299072266
4.1109232902526855,669,28565683,0.05714774131774902
4.1446075439453125,670,28608446,0.0579991340637207
4.1186203956604,671,28651209,0.05735516548156738
4.139664649963379,672,28693972,0.0571901798248291
4.107400417327881,673,28736735,0.05692148208618164
4.134483337402344,674,28779498,0.05710411071777344
4.134081840515137,675,28822261,0.056883811950683594
4.108575820922852,676,28865024,0.05689072608947754
4.144775390625,677,28907787,0.057315826416015625
4.1414055824279785,678,28950550,0.05723094940185547
4.136899948120117,679,28993313,0.057076215744018555
4.150633811950684,680,29036076,0.056981801986694336
4.131380081176758,681,29078839,0.05728912353515625
4.095160007476807,682,29121602,0.05707573890686035
4.145166873931885,683,29164365,0.05697226524353027
4.1156158447265625,684,29207128,0.057530879974365234
4.139305114746094,685,29249891,0.05693817138671875
4.085922718048096,686,29292654,0.05698418617248535
4.154385089874268,687,29335417,0.05706357955932617
4.155248641967773,688,29378180,0.05712532997131348
4.106620788574219,689,29420943,0.05689382553100586
4.144091606140137,690,29463706,0.05704855918884277
4.121353626251221,691,29506469,0.05769157409667969
4.110823154449463,692,29549232,0.05715751647949219
4.185946941375732,693,29591995,0.05706286430358887
4.12714147567749,694,29634758,0.05690336227416992
4.148544788360596,695,29677521,0.05712008476257324
4.16534423828125,696,29720284,0.05713009834289551
4.1301069259643555,697,29763047,0.05711174011230469
4.177302837371826,698,29805810,0.05692720413208008
4.141413688659668,699,29848573,0.0572209358215332
4.197756767272949,700,29891336,0.05726122856140137
4.125162601470947,701,29934099,0.056917667388916016
4.152367115020752,702,29976862,0.057474613189697266
4.133920192718506,703,30019625,0.05697131156921387
4.171316623687744,704,30062388,0.056839704513549805
4.155767917633057,705,30105151,0.05698561668395996
4.111148834228516,706,30147914,0.05695676803588867
4.108180522918701,707,30190677,0.05699443817138672
4.099705219268799,708,30233440,0.056816816329956055
4.13976526260376,709,30276203,0.05713772773742676
4.126911163330078,710,30318966,0.0571904182434082
4.112395286560059,711,30361729,0.05747389793395996
4.121643543243408,712,30404492,0.05747652053833008
4.153879165649414,713,30447255,0.05750703811645508
4.157495021820068,714,30490018,0.05762434005737305
4.1304144859313965,715,30532781,0.0577387809753418
4.131502151489258,716,30575544,0.05773735046386719
4.129133224487305,717,30618307,0.05763387680053711
4.132606029510498,718,30661070,0.05771970748901367
4.121376991271973,719,30703833,0.05797719955444336
4.148777484893799,720,30746596,0.057756900787353516
4.072520732879639,721,30789359,0.057795047760009766
4.139100074768066,722,30832122,0.05779099464416504
4.11533784866333,723,30874885,0.057665109634399414
4.171306610107422,724,30917648,0.05770730972290039
4.167817115783691,725,30960411,0.05799245834350586
4.118343353271484,726,31003174,0.05791783332824707
4.089313983917236,727,31045937,0.05790829658508301
4.080496311187744,728,31088700,0.05787038803100586
4.109776020050049,729,31131463,0.05796241760253906
4.163251876831055,730,31174226,0.05771303176879883
4.1140828132629395,731,31216989,0.05796313285827637
4.152863025665283,732,31259752,0.05817437171936035
4.096853733062744,733,31302515,0.05759739875793457
4.114239692687988,734,31345278,0.0582730770111084
4.1055006980896,735,31388041,0.05949044227600098
4.181908130645752,736,31430804,0.05813741683959961
4.123838901519775,737,31473567,0.05867195129394531
4.14642333984375,738,31516330,0.058541059494018555
4.1452836990356445,739,31559093,0.0577850341796875
4.131260871887207,740,31601856,0.0576474666595459
4.120644569396973,741,31644619,0.05708479881286621
4.13701057434082,742,31687382,0.05786561965942383
4.070940971374512,743,31730145,0.05732870101928711
4.089776515960693,744,31772908,0.05800890922546387
4.120418071746826,745,31815671,0.05807375907897949
4.0872883796691895,746,31858434,0.05950117111206055
4.101985454559326,747,31901197,0.058969736099243164
4.075504779815674,748,31943960,0.059468984603881836
4.117204666137695,749,31986723,0.06005573272705078
4.107415199279785,750,32029486,0.05973196029663086
4.1364054679870605,751,32072249,0.057943105697631836
4.1298322677612305,752,32115012,0.05758237838745117
4.092604637145996,753,32157775,0.057938337326049805
4.11967134475708,754,32200538,0.057845115661621094
4.119986057281494,755,32243301,0.05737781524658203
4.14948844909668,756,32286064,0.057796478271484375
4.094233989715576,757,32328827,0.05797982215881348
4.094688415527344,758,32371590,0.057927608489990234
4.117172718048096,759,32414353,0.0578310489654541
4.112666606903076,760,32457116,0.05848240852355957
4.1206583976745605,761,32499879,0.05794787406921387
4.122176647186279,762,32542642,0.05783796310424805
4.101806163787842,763,32585405,0.057820796966552734
4.10191011428833,764,32628168,0.05800127983093262
4.130533218383789,765,32670931,0.05886721611022949
4.133251667022705,766,32713694,0.058003902435302734
4.152988910675049,767,32756457,0.05783581733703613
4.103418350219727,768,32799220,0.057961225509643555
4.131161212921143,769,32841983,0.05784869194030762
4.1025590896606445,770,32884746,0.05786609649658203
4.114085674285889,771,32927509,0.05764341354370117
4.096290588378906,772,32970272,0.05754256248474121
4.082190990447998,773,33013035,0.05740475654602051
4.1234450340271,774,33055798,0.05787467956542969
4.0945868492126465,775,33098561,0.057363271713256836
4.1098713874816895,776,33141324,0.059729576110839844
4.089173793792725,777,33184087,0.058504343032836914
4.124638080596924,778,33226850,0.057970285415649414
4.143911838531494,779,33269613,0.05934906005859375
4.127590179443359,780,33312376,0.05907154083251953
4.123384475708008,781,33355139,0.05804014205932617
4.119520664215088,782,33397902,0.05783271789550781
4.126133918762207,783,33440665,0.05851435661315918
4.125657081604004,784,33483428,0.05848050117492676
4.096681594848633,785,33526191,0.05781698226928711
4.101563453674316,786,33568954,0.05806851387023926
4.109532356262207,787,33611717,0.0572819709777832
4.075160503387451,788,33654480,0.05763673782348633
4.068212509155273,789,33697243,0.05788373947143555
4.15443754196167,790,33740006,0.05747342109680176
4.140316009521484,791,33782769,0.05770683288574219
4.141749858856201,792,33825532,0.057919979095458984
4.068836212158203,793,33868295,0.05804300308227539
4.100817680358887,794,33911058,0.057770490646362305
4.107976913452148,795,33953821,0.058191537857055664
4.128077030181885,796,33996584,0.05801725387573242
4.112826824188232,797,34039347,0.05829453468322754
4.097248077392578,798,34082110,0.05744457244873047
4.135030746459961,799,34124873,0.05749702453613281
4.105386257171631,800,34167636,0.05722761154174805
4.084475040435791,801,34210399,0.05713939666748047
4.08096981048584,802,34253162,0.05756855010986328
4.115063667297363,803,34295925,0.05712103843688965
4.102570056915283,804,34338688,0.057393550872802734
4.088637351989746,805,34381451,0.057334184646606445
4.144688606262207,806,34424214,0.057587385177612305
4.105732440948486,807,34466977,0.05774116516113281
4.089511871337891,808,34509740,0.05736827850341797
4.130585193634033,809,34552503,0.05709695816040039
4.071730613708496,810,34595266,0.05739784240722656
4.071023941040039,811,34638029,0.058002471923828125
4.0813798904418945,812,34680792,0.057999610900878906
4.057643413543701,813,34723555,0.059154510498046875
4.101580619812012,814,34766318,0.05818939208984375
4.119394302368164,815,34809081,0.05739760398864746
4.1186089515686035,816,34851844,0.05803179740905762
4.0897216796875,817,34894607,0.05777287483215332
4.080761432647705,818,34937370,0.05773568153381348
4.1091766357421875,819,34980133,0.05805516242980957
4.104948043823242,820,35022896,0.05759286880493164
4.10716438293457,821,35065659,0.05725884437561035
4.107888698577881,822,35108422,0.05721139907836914
4.090858459472656,823,35151185,0.05790400505065918
4.087080001831055,824,35193948,0.05803704261779785
4.107736587524414,825,35236711,0.05776405334472656
4.109009742736816,826,35279474,0.05771970748901367
4.114419460296631,827,35322237,0.05758166313171387
4.112340927124023,828,35365000,0.05848574638366699
4.086073875427246,829,35407763,0.05899524688720703
4.102081775665283,830,35450526,0.05994725227355957
4.130014896392822,831,35493289,0.05853128433227539
4.105405807495117,832,35536052,0.05757761001586914
4.048719882965088,833,35578815,0.05786466598510742
4.068206310272217,834,35621578,0.05724191665649414
4.079480171203613,835,35664341,0.05727243423461914
4.128880023956299,836,35707104,0.0571138858795166
4.094792366027832,837,35749867,0.05787372589111328
4.110679626464844,838,35792630,0.057890892028808594
4.073232173919678,839,35835393,0.05805492401123047
4.100707530975342,840,35878156,0.0575563907623291
4.1283416748046875,841,35920919,0.05717968940734863
4.139835357666016,842,35963682,0.057763099670410156
4.107189178466797,843,36006445,0.05843782424926758
4.130304336547852,844,36049208,0.05721879005432129
4.086950302124023,845,36091971,0.05880594253540039
4.116751670837402,846,36134734,0.059866905212402344
4.107808589935303,847,36177497,0.05540943145751953
4.122247695922852,848,36220260,0.05499410629272461
4.132143497467041,849,36263023,0.05527615547180176
4.068359851837158,850,36305786,0.05536007881164551
4.0764288902282715,851,36348549,0.05502009391784668
4.090164661407471,852,36391312,0.05480337142944336
4.079440593719482,853,36434075,0.05514216423034668
4.086512565612793,854,36476838,0.05487990379333496
4.1052703857421875,855,36519601,0.0565798282623291
4.116988658905029,856,36562364,0.05679607391357422
4.107728958129883,857,36605127,0.05512523651123047
4.052099227905273,858,36647890,0.055027008056640625
4.086674213409424,859,36690653,0.05458474159240723
4.053608417510986,860,36733416,0.05492591857910156
4.057557106018066,861,36776179,0.05464768409729004
4.094746112823486,862,36818942,0.05517101287841797
4.1248602867126465,863,36861705,0.05577373504638672
4.0592851638793945,864,36904468,0.05512666702270508
4.084166049957275,865,36947231,0.055086612701416016
4.100447177886963,866,36989994,0.05452084541320801
4.0830159187316895,867,37032757,0.054987430572509766
4.073858737945557,868,37075520,0.05517721176147461
4.141418933868408,869,37118283,0.05508613586425781
4.105479717254639,870,37161046,0.05513358116149902
4.071648597717285,871,37203809,0.055062294006347656
4.11002254486084,872,37246572,0.05481362342834473
4.144475936889648,873,37289335,0.05505251884460449
4.058231353759766,874,37332098,0.05509233474731445
4.124540328979492,875,37374861,0.05494546890258789
4.111885070800781,876,37417624,0.05458378791809082
4.114526271820068,877,37460387,0.05501532554626465
4.146226406097412,878,37503150,0.05555009841918945
4.108007431030273,879,37545913,0.05507636070251465
4.118292808532715,880,37588676,0.05473589897155762
4.076860427856445,881,37631439,0.054982662200927734
4.052460193634033,882,37674202,0.0568852424621582
4.103884696960449,883,37716965,0.05530238151550293
4.099941253662109,884,37759728,0.05515789985656738
4.1181559562683105,885,37802491,0.05498909950256348
4.088807106018066,886,37845254,0.05548381805419922
4.126783847808838,887,37888017,0.05553865432739258
4.131053447723389,888,37930780,0.05525970458984375
4.093080997467041,889,37973543,0.05504298210144043
4.107602119445801,890,38016306,0.05515909194946289
4.162191390991211,891,38059069,0.055127859115600586
4.1274800300598145,892,38101832,0.05524277687072754
4.102995872497559,893,38144595,0.055101633071899414
4.064617156982422,894,38187358,0.05497169494628906
4.094672203063965,895,38230121,0.05495500564575195
4.12447452545166,896,38272884,0.054869890213012695
4.071649074554443,897,38315647,0.0557401180267334
4.099397659301758,898,38358410,0.05510592460632324
4.0680670738220215,899,38401173,0.05515623092651367
4.094353199005127,900,38443936,0.05557966232299805
4.063166618347168,901,38486699,0.0552670955657959
4.132333278656006,902,38529462,0.054939985275268555
4.049156665802002,903,38572225,0.0549318790435791
4.14195442199707,904,38614988,0.05482840538024902
4.117435455322266,905,38657751,0.055027008056640625
4.066725254058838,906,38700514,0.055651187896728516
4.058825969696045,907,38743277,0.05507302284240723
4.091296195983887,908,38786040,0.05496811866760254
4.13017463684082,909,38828803,0.05521202087402344
4.095539093017578,910,38871566,0.055138587951660156
4.052422046661377,911,38914329,0.05531024932861328
4.076741695404053,912,38957092,0.05531191825866699
4.117694854736328,913,38999855,0.05531191825866699
4.085109233856201,914,39042618,0.05726933479309082
4.094854831695557,915,39085381,0.05521392822265625
4.044209003448486,916,39128144,0.05482888221740723
4.1086039543151855,917,39170907,0.05599808692932129
4.076752185821533,918,39213670,0.05569195747375488
4.136472702026367,919,39256433,0.05642080307006836
4.109280109405518,920,39299196,0.0578155517578125
4.074451446533203,921,39341959,0.05620694160461426
4.0462727546691895,922,39384722,0.06128954887390137
4.052654266357422,923,39427485,0.05830192565917969
4.1215739250183105,924,39470248,0.05920100212097168
4.086947441101074,925,39513011,0.05845332145690918
4.065042495727539,926,39555774,0.05855083465576172
4.079464912414551,927,39598537,0.060027360916137695
4.068252086639404,928,39641300,0.05889701843261719
4.123989582061768,929,39684063,0.058290719985961914
4.069011688232422,930,39726826,0.05785632133483887
4.08349609375,931,39769589,0.059459686279296875
4.079745769500732,932,39812352,0.05800676345825195
4.072389602661133,933,39855115,0.05911374092102051
4.072601795196533,934,39897878,0.057916879653930664
4.122859477996826,935,39940641,0.059748172760009766
4.094756126403809,936,39983404,0.05879044532775879
4.111245632171631,937,40026167,0.05812263488769531
4.093023777008057,938,40068930,0.05808115005493164
4.10530424118042,939,40111693,0.05744171142578125
4.082859516143799,940,40154456,0.058091163635253906
4.07960319519043,941,40197219,0.05817818641662598
4.114870548248291,942,40239982,0.057631731033325195
4.074530601501465,943,40282745,0.05752968788146973
4.074223518371582,944,40325508,0.05847907066345215
4.007940292358398,945,40368271,0.0581662654876709
4.082357883453369,946,40411034,0.0583953857421875
4.110467433929443,947,40453797,0.058467864990234375
4.132110595703125,948,40496560,0.05856132507324219
4.056249618530273,949,40539323,0.058858633041381836
4.070436000823975,950,40582086,0.058509111404418945
4.092585563659668,951,40624849,0.05917239189147949
4.092214584350586,952,40667612,0.058279991149902344
4.09370756149292,953,40710375,0.05823945999145508
4.070112705230713,954,40753138,0.05900740623474121
4.071720600128174,955,40795901,0.05791616439819336
4.100811004638672,956,40838664,0.058145761489868164
4.079391956329346,957,40881427,0.058058738708496094
4.105836391448975,958,40924190,0.058126211166381836
4.082911968231201,959,40966953,0.057828426361083984
4.048006534576416,960,41009716,0.05768013000488281
4.102044582366943,961,41052479,0.058016300201416016
4.090973377227783,962,41095242,0.060015201568603516
4.105779647827148,963,41138005,0.057624101638793945
4.071768283843994,964,41180768,0.05804944038391113
4.084117889404297,965,41223531,0.058490753173828125
4.060292720794678,966,41266294,0.05738687515258789
4.099031448364258,967,41309057,0.057961225509643555
4.126539707183838,968,41351820,0.05770277976989746
4.043447017669678,969,41394583,0.057500600814819336
4.106473445892334,970,41437346,0.057790279388427734
4.0739336013793945,971,41480109,0.057993173599243164
4.0814948081970215,972,41522872,0.05762791633605957
4.114439487457275,973,41565635,0.05807662010192871
4.080068111419678,974,41608398,0.055660247802734375
4.099359512329102,975,41651161,0.05495500564575195
4.065723419189453,976,41693924,0.054830312728881836
4.099582195281982,977,41736687,0.05541706085205078
4.090080738067627,978,41779450,0.05542302131652832
4.087521076202393,979,41822213,0.05509519577026367
4.079812049865723,980,41864976,0.05550432205200195
4.1060943603515625,981,41907739,0.05695366859436035
4.083520412445068,982,41950502,0.05538201332092285
4.0888237953186035,983,41993265,0.05511331558227539
4.05862283706665,984,42036028,0.05825018882751465
4.108974456787109,985,42078791,0.05611848831176758
4.084653377532959,986,42121554,0.054834604263305664
4.099642753601074,987,42164317,0.05505871772766113
4.055807590484619,988,42207080,0.056809425354003906
4.105257987976074,989,42249843,0.05523967742919922
4.086330890655518,990,42292606,0.0553441047668457
4.0674262046813965,991,42335369,0.0549161434173584
4.088988780975342,992,42378132,0.05665421485900879
4.08960485458374,993,42420895,0.05542135238647461
4.082126140594482,994,42463658,0.05532693862915039
4.090758800506592,995,42506421,0.0547482967376709
4.097625732421875,996,42549184,0.05565524101257324
4.101522922515869,997,42591947,0.05509781837463379
4.054416179656982,998,42634710,0.055299997329711914
4.099708080291748,999,42677473,0.054885149002075195
4.105855941772461,1000,42720236,0.055019378662109375
4.084758758544922,1001,42762999,0.05498862266540527
4.097231388092041,1002,42805762,0.055818796157836914
4.101747512817383,1003,42848525,0.05487847328186035
4.0794453620910645,1004,42891288,0.05469822883605957
4.072655200958252,1005,42934051,0.054602622985839844
4.056800365447998,1006,42976814,0.054650306701660156
4.069097518920898,1007,43019577,0.054594993591308594
4.11132287979126,1008,43062340,0.05473947525024414
4.108261585235596,1009,43105103,0.054642677307128906
4.096568584442139,1010,43147866,0.054596900939941406
4.090080261230469,1011,43190629,0.05456066131591797
4.066463947296143,1012,43233392,0.0548095703125
4.036026954650879,1013,43276155,0.05466175079345703
4.090563774108887,1014,43318918,0.05458807945251465
4.063967704772949,1015,43361681,0.05471324920654297
4.136170387268066,1016,43404444,0.05465102195739746
4.094887733459473,1017,43447207,0.054773807525634766
4.047482490539551,1018,43489970,0.05460810661315918
4.086254119873047,1019,43532733,0.05456209182739258
4.090385913848877,1020,43575496,0.05463910102844238
4.052771091461182,1021,43618259,0.054624080657958984
4.107887268066406,1022,43661022,0.054673194885253906
4.137981414794922,1023,43703785,0.054485321044921875
4.076530456542969,1024,43746548,0.05464673042297363
4.05210542678833,1025,43789311,0.05474209785461426
4.020784378051758,1026,43832074,0.05473804473876953
4.067557334899902,1027,43874837,0.05491828918457031
4.065489768981934,1028,43917600,0.05499744415283203
4.13756799697876,1029,43960363,0.05500054359436035
4.070366382598877,1030,44003126,0.054791927337646484
4.086553573608398,1031,44045889,0.054605960845947266
4.058746814727783,1032,44088652,0.05458831787109375
4.0882697105407715,1033,44131415,0.054677724838256836
4.041745662689209,1034,44174178,0.054720163345336914
4.064307689666748,1035,44216941,0.05470681190490723
4.081514835357666,1036,44259704,0.05461907386779785
4.125828742980957,1037,44302467,0.05480670928955078
4.062824726104736,1038,44345230,0.05475759506225586
4.102046489715576,1039,44387993,0.05470418930053711
4.054327964782715,1040,44430756,0.05463695526123047
4.094756603240967,1041,44473519,0.0548100471496582
4.069761753082275,1042,44516282,0.054639339447021484
4.047964572906494,1043,44559045,0.05465245246887207
4.073842525482178,1044,44601808,0.05474209785461426
4.065385818481445,1045,44644571,0.05476737022399902
4.109897136688232,1046,44687334,0.054749250411987305
4.086832046508789,1047,44730097,0.054695844650268555
4.084244251251221,1048,44772860,0.05462455749511719
4.063013076782227,1049,44815623,0.05466294288635254
4.112105369567871,1050,44858386,0.054688453674316406
4.084216594696045,1051,44901149,0.0546574592590332
4.063343048095703,1052,44943912,0.05489611625671387
4.097084045410156,1053,44986675,0.05495882034301758
4.055660724639893,1054,45029438,0.05494570732116699
4.084301948547363,1055,45072201,0.054689645767211914
4.051883220672607,1056,45114964,0.0547795295715332
4.082184314727783,1057,45157727,0.054712772369384766
4.102697849273682,1058,45200490,0.05460548400878906
4.049955368041992,1059,45243253,0.05468940734863281
4.070338249206543,1060,45286016,0.054723501205444336
4.0772881507873535,1061,45328779,0.055541038513183594
4.068053245544434,1062,45371542,0.05477476119995117
4.085963249206543,1063,45414305,0.054753780364990234
4.048190593719482,1064,45457068,0.05476641654968262
4.0850677490234375,1065,45499831,0.05488300323486328
4.076929569244385,1066,45542594,0.054566144943237305
4.112697124481201,1067,45585357,0.05459713935852051
4.072648048400879,1068,45628120,0.05463123321533203
4.067002773284912,1069,45670883,0.05471062660217285
4.088584899902344,1070,45713646,0.05464434623718262
4.071364402770996,1071,45756409,0.05472302436828613
4.082851409912109,1072,45799172,0.05486154556274414
4.118453025817871,1073,45841935,0.0546414852142334
4.13917875289917,1074,45884698,0.05484938621520996
4.084726333618164,1075,45927461,0.05453753471374512
4.09102201461792,1076,45970224,0.0547335147857666
4.064321517944336,1077,46012987,0.054755449295043945
4.057404041290283,1078,46055750,0.054705142974853516
4.080419063568115,1079,46098513,0.05502510070800781
4.087775707244873,1080,46141276,0.05467963218688965
4.056616306304932,1081,46184039,0.05498075485229492
4.0817790031433105,1082,46226802,0.054785728454589844
4.086862087249756,1083,46269565,0.05459880828857422
4.06480073928833,1084,46312328,0.05458331108093262
4.131771564483643,1085,46355091,0.05475449562072754
4.071329116821289,1086,46397854,0.05470848083496094
4.068922519683838,1087,46440617,0.05476069450378418
4.066540718078613,1088,46483380,0.0547640323638916
4.069577693939209,1089,46526143,0.05465579032897949
4.09726095199585,1090,46568906,0.05469775199890137
4.061188220977783,1091,46611669,0.054641008377075195
4.086104393005371,1092,46654432,0.05458664894104004
4.097232341766357,1093,46697195,0.05524778366088867
4.072569847106934,1094,46739958,0.054987192153930664
4.075716018676758,1095,46782721,0.05461835861206055
4.083797454833984,1096,46825484,0.05467104911804199
4.053358554840088,1097,46868247,0.05465292930603027
4.062759876251221,1098,46911010,0.05478525161743164
4.1404128074646,1099,46953773,0.05459952354431152
4.078669548034668,1100,46996536,0.05464482307434082
4.103910446166992,1101,47039299,0.05479717254638672
4.060189247131348,1102,47082062,0.054704904556274414
4.074670314788818,1103,47124825,0.054596900939941406
4.069674015045166,1104,47167588,0.05463552474975586
4.067442893981934,1105,47210351,0.05459785461425781
4.056854248046875,1106,47253114,0.05487990379333496
4.039458274841309,1107,47295877,0.05487632751464844
4.021238327026367,1108,47338640,0.05478382110595703
4.082651615142822,1109,47381403,0.05488324165344238
4.02996826171875,1110,47424166,0.05480241775512695
4.145862579345703,1111,47466929,0.054686784744262695
4.074560165405273,1112,47509692,0.05462908744812012
4.052707195281982,1113,47552455,0.05495476722717285
4.057225227355957,1114,47595218,0.054566144943237305
4.083460330963135,1115,47637981,0.05461525917053223
4.086550712585449,1116,47680744,0.05479836463928223
4.067091941833496,1117,47723507,0.054592132568359375
4.070498943328857,1118,47766270,0.0546422004699707
4.11200475692749,1119,47809033,0.05471539497375488
4.058332443237305,1120,47851796,0.05475926399230957
4.105431079864502,1121,47894559,0.054637908935546875
4.0517988204956055,1122,47937322,0.05464339256286621
4.096224308013916,1123,47980085,0.054740190505981445
4.071500778198242,1124,48022848,0.05466866493225098
4.059605121612549,1125,48065611,0.054660797119140625
4.080267429351807,1126,48108374,0.05464887619018555
4.045807838439941,1127,48151137,0.05465221405029297
4.082801818847656,1128,48193900,0.054615020751953125
4.053104877471924,1129,48236663,0.05462765693664551
4.060060024261475,1130,48279426,0.05467629432678223
4.038390159606934,1131,48322189,0.05474591255187988
4.070651054382324,1132,48364952,0.054669857025146484
4.077982425689697,1133,48407715,0.05475974082946777
4.0542168617248535,1134,48450478,0.05484914779663086
4.0493621826171875,1135,48493241,0.05491828918457031
4.059489727020264,1136,48536004,0.054978132247924805
4.07907772064209,1137,48578767,0.05466413497924805
4.058465480804443,1138,48621530,0.05457639694213867
4.085278511047363,1139,48664293,0.05462646484375
4.079797267913818,1140,48707056,0.054639577865600586
4.0680060386657715,1141,48749819,0.05460023880004883
4.072233200073242,1142,48792582,0.05472397804260254
4.035711288452148,1143,48835345,0.05469918251037598
4.0651068687438965,1144,48878108,0.05474996566772461
4.064573287963867,1145,48920871,0.05459189414978027
4.067224502563477,1146,48963634,0.05451560020446777
4.027369022369385,1147,49006397,0.054575443267822266
4.0806660652160645,1148,49049160,0.05466341972351074
4.086266994476318,1149,49091923,0.05465340614318848
4.070037364959717,1150,49134686,0.05470561981201172
4.114938259124756,1151,49177449,0.054555654525756836
4.083286285400391,1152,49220212,0.054817914962768555
4.0754714012146,1153,49262975,0.05460071563720703
4.047912120819092,1154,49305738,0.05464601516723633
4.08096170425415,1155,49348501,0.054594993591308594
4.099688529968262,1156,49391264,0.054498910903930664
4.122856140136719,1157,49434027,0.054659366607666016
4.092104434967041,1158,49476790,0.05459141731262207
4.063884258270264,1159,49519553,0.054636240005493164
4.054461479187012,1160,49562316,0.05473017692565918
4.070796489715576,1161,49605079,0.05471181869506836
4.051085472106934,1162,49647842,0.05476212501525879
4.051006317138672,1163,49690605,0.05476260185241699
4.056331157684326,1164,49733368,0.054796695709228516
4.072579860687256,1165,49776131,0.054779052734375
4.051204681396484,1166,49818894,0.05460977554321289
4.049096584320068,1167,49861657,0.05475497245788574
4.019162178039551,1168,49904420,0.05468583106994629
4.082314491271973,1169,49947183,0.05461621284484863
4.093310832977295,1170,49989946,0.05479001998901367
4.051708698272705,1171,50032709,0.0546417236328125
4.103935718536377,1172,50075472,0.05463886260986328
4.057313919067383,1173,50118235,0.0546259880065918
4.04445219039917,1174,50160998,0.05470919609069824
4.086673259735107,1175,50203761,0.05476713180541992
4.103744029998779,1176,50246524,0.05456686019897461
4.036954879760742,1177,50289287,0.05461931228637695
4.05621337890625,1178,50332050,0.05464625358581543
4.057896614074707,1179,50374813,0.05464649200439453
4.090702056884766,1180,50417576,0.05466485023498535
4.0604400634765625,1181,50460339,0.05457735061645508
4.0794358253479,1182,50503102,0.05467629432678223
4.067544460296631,1183,50545865,0.05458474159240723
4.066171646118164,1184,50588628,0.054611921310424805
4.0506486892700195,1185,50631391,0.05456185340881348
4.11451530456543,1186,50674154,0.054550886154174805
4.039010524749756,1187,50716917,0.05453896522521973
4.047024250030518,1188,50759680,0.0549321174621582
4.063480377197266,1189,50802443,0.05543923377990723
4.05339241027832,1190,50845206,0.05513620376586914
4.044783115386963,1191,50887969,0.0546419620513916
4.075047016143799,1192,50930732,0.054726600646972656
4.115381717681885,1193,50973495,0.054637908935546875
4.070059776306152,1194,51016258,0.05463409423828125
4.019653797149658,1195,51059021,0.05466961860656738
4.059860706329346,1196,51101784,0.05467987060546875
4.108516216278076,1197,51144547,0.054688453674316406
4.069675445556641,1198,51187310,0.054726600646972656
4.059770584106445,1199,51230073,0.05461430549621582
4.064967155456543,1200,51272836,0.05456280708312988
4.101912975311279,1201,51315599,0.054735660552978516
4.039441108703613,1202,51358362,0.05461287498474121
4.058253288269043,1203,51401125,0.05461406707763672
4.0759453773498535,1204,51443888,0.05462646484375
4.0642499923706055,1205,51486651,0.05472397804260254
4.098392009735107,1206,51529414,0.054676055908203125
4.078351974487305,1207,51572177,0.05460977554321289
4.111972332000732,1208,51614940,0.05468392372131348
4.05150032043457,1209,51657703,0.05467677116394043
4.031357288360596,1210,51700466,0.054517507553100586
4.042413234710693,1211,51743229,0.05458569526672363
4.081579685211182,1212,51785992,0.05466341972351074
4.035738468170166,1213,51828755,0.05459713935852051
4.064630508422852,1214,51871518,0.05476808547973633
4.054527282714844,1215,51914281,0.05479598045349121
4.052378177642822,1216,51957044,0.05478024482727051
4.086888313293457,1217,51999807,0.05482602119445801
4.078604698181152,1218,52042570,0.05480051040649414
4.0639543533325195,1219,52085333,0.05490255355834961
4.085837364196777,1220,52128096,0.05460309982299805
4.0746750831604,1221,52170859,0.05456709861755371
4.052464962005615,1222,52213622,0.054572105407714844
4.050899028778076,1223,52256385,0.054701805114746094
4.041985034942627,1224,52299148,0.05474853515625
4.0441060066223145,1225,52341911,0.05468583106994629
4.06777286529541,1226,52384674,0.05471634864807129
4.074334621429443,1227,52427437,0.054708003997802734
4.04110050201416,1228,52470200,0.05495023727416992
4.08852481842041,1229,52512963,0.05475425720214844
4.0494608879089355,1230,52555726,0.05469346046447754
4.100190162658691,1231,52598489,0.05460500717163086
4.039074420928955,1232,52641252,0.05463218688964844
4.062763214111328,1233,52684015,0.05462908744812012
4.036764621734619,1234,52726778,0.05465865135192871
4.038388252258301,1235,52769541,0.054506540298461914
4.087563991546631,1236,52812304,0.05471611022949219
4.0817646980285645,1237,52855067,0.054637908935546875
4.107515335083008,1238,52897830,0.0546567440032959
4.053669452667236,1239,52940593,0.054778099060058594
4.064836025238037,1240,52983356,0.054712772369384766
4.045894622802734,1241,53026119,0.05475759506225586
4.021149635314941,1242,53068882,0.0548253059387207
4.064812660217285,1243,53111645,0.05493879318237305
4.064827919006348,1244,53154408,0.05473184585571289
4.052387714385986,1245,53197171,0.054764509201049805
4.084062576293945,1246,53239934,0.05467653274536133
4.080938339233398,1247,53282697,0.054605722427368164
4.071681976318359,1248,53325460,0.05467939376831055
4.051520347595215,1249,53368223,0.054718017578125
4.036703109741211,1250,53410986,0.05463266372680664
4.064530849456787,1251,53453749,0.054900407791137695
4.079356670379639,1252,53496512,0.0546722412109375
4.08323335647583,1253,53539275,0.05469465255737305
4.08470344543457,1254,53582038,0.05450844764709473
4.075948715209961,1255,53624801,0.05465292930603027
4.073841094970703,1256,53667564,0.054810285568237305
4.044615268707275,1257,53710327,0.05467104911804199
4.057622909545898,1258,53753090,0.05458188056945801
4.033400058746338,1259,53795853,0.0546414852142334
4.099006175994873,1260,53838616,0.05474209785461426
4.095812797546387,1261,53881379,0.05469822883605957
4.09234619140625,1262,53924142,0.05466723442077637
4.016148567199707,1263,53966905,0.05469226837158203
4.089077949523926,1264,54009668,0.054631710052490234
4.021008014678955,1265,54052431,0.0546727180480957
4.081742763519287,1266,54095194,0.054866790771484375
4.073067665100098,1267,54137957,0.054671287536621094
4.080708980560303,1268,54180720,0.054558515548706055
4.075092792510986,1269,54223483,0.05498218536376953
4.036068916320801,1270,54266246,0.05478501319885254
4.058986663818359,1271,54309009,0.05456089973449707
4.077399253845215,1272,54351772,0.05492281913757324
4.027554035186768,1273,54394535,0.05468487739562988
4.033064365386963,1274,54437298,0.05465102195739746
4.055755138397217,1275,54480061,0.05475211143493652
4.053483486175537,1276,54522824,0.05455946922302246
4.084141731262207,1277,54565587,0.05463075637817383
4.017930030822754,1278,54608350,0.054741621017456055
4.051346778869629,1279,54651113,0.05459928512573242
4.090273857116699,1280,54693876,0.05451774597167969
4.101982116699219,1281,54736639,0.05463910102844238
4.0743327140808105,1282,54779402,0.05482339859008789
4.076160907745361,1283,54822165,0.05457139015197754
4.0790276527404785,1284,54864928,0.05476808547973633
4.0712761878967285,1285,54907691,0.0546414852142334
4.093778610229492,1286,54950454,0.05461764335632324
4.054637908935547,1287,54993217,0.05468940734863281
4.04305362701416,1288,55035980,0.05456042289733887
4.053076267242432,1289,55078743,0.0547032356262207
4.057095050811768,1290,55121506,0.05466508865356445
4.11886739730835,1291,55164269,0.05464458465576172
4.094974994659424,1292,55207032,0.05478358268737793
4.06289005279541,1293,55249795,0.054668426513671875
4.0902204513549805,1294,55292558,0.05465507507324219
4.064815521240234,1295,55335321,0.05460858345031738
4.084350109100342,1296,55378084,0.054825782775878906
4.071392059326172,1297,55420847,0.05483508110046387
4.111269950866699,1298,55463610,0.05478501319885254
4.033980369567871,1299,55506373,0.05491232872009277
4.063779354095459,1300,55549136,0.05481982231140137
4.060719966888428,1301,55591899,0.05459713935852051
4.065395832061768,1302,55634662,0.0545504093170166
4.081038951873779,1303,55677425,0.05457282066345215
4.108062267303467,1304,55720188,0.05458998680114746
4.057356357574463,1305,55762951,0.05556035041809082
4.060235977172852,1306,55805714,0.05489015579223633
4.054762840270996,1307,55848477,0.05480480194091797
4.024866580963135,1308,55891240,0.054616689682006836
4.0460944175720215,1309,55934003,0.05477285385131836
4.026562690734863,1310,55976766,0.054624080657958984
4.071671485900879,1311,56019529,0.054621219635009766
4.024406909942627,1312,56062292,0.05472540855407715
4.057581901550293,1313,56105055,0.054529666900634766
4.0987091064453125,1314,56147818,0.05458474159240723
4.067939758300781,1315,56190581,0.054654836654663086
4.091555595397949,1316,56233344,0.05462002754211426
4.066558837890625,1317,56276107,0.0546269416809082
4.041372299194336,1318,56318870,0.054654598236083984
4.057487487792969,1319,56361633,0.054601192474365234
4.0566630363464355,1320,56404396,0.05468297004699707
4.082869052886963,1321,56447159,0.054557085037231445
4.068789005279541,1322,56489922,0.05471944808959961
4.068297386169434,1323,56532685,0.05485963821411133
4.083179950714111,1324,56575448,0.054961442947387695
4.085054397583008,1325,56618211,0.054784536361694336
4.0810112953186035,1326,56660974,0.054853200912475586
4.062417507171631,1327,56703737,0.05496716499328613
4.0214524269104,1328,56746500,0.054883480072021484
4.123057842254639,1329,56789263,0.0548548698425293
4.076096057891846,1330,56832026,0.05488729476928711
4.076110363006592,1331,56874789,0.05493450164794922
4.056025981903076,1332,56917552,0.05492591857910156
4.031266689300537,1333,56960315,0.054915428161621094
4.058394908905029,1334,57003078,0.054876089096069336
4.068580150604248,1335,57045841,0.054984331130981445
4.0899763107299805,1336,57088604,0.05510687828063965
4.028032302856445,1337,57131367,0.05508899688720703
4.035821437835693,1338,57174130,0.058025360107421875
4.037196159362793,1339,57216893,0.05817699432373047
4.068251609802246,1340,57259656,0.05799579620361328
4.049277305603027,1341,57302419,0.0580143928527832
4.108397960662842,1342,57345182,0.05799293518066406
4.094656467437744,1343,57387945,0.05832695960998535
4.087619781494141,1344,57430708,0.05809164047241211
4.072290897369385,1345,57473471,0.05773305892944336
4.079267978668213,1346,57516234,0.057904958724975586
4.092857837677002,1347,57558997,0.05765867233276367
4.077906131744385,1348,57601760,0.058774471282958984
4.042486190795898,1349,57644523,0.05836033821105957
4.0757341384887695,1350,57687286,0.057878971099853516
4.105369567871094,1351,57730049,0.058161258697509766
4.078557014465332,1352,57772812,0.05815291404724121
4.064641952514648,1353,57815575,0.05822038650512695
4.006692409515381,1354,57858338,0.058586835861206055
4.077107906341553,1355,57901101,0.05805563926696777
4.080239295959473,1356,57943864,0.058206796646118164
4.051153659820557,1357,57986627,0.0588839054107666
4.0559258460998535,1358,58029390,0.058107614517211914
4.068244457244873,1359,58072153,0.0580449104309082
4.085242748260498,1360,58114916,0.058099985122680664
4.040529727935791,1361,58157679,0.05798149108886719
4.07431697845459,1362,58200442,0.0580594539642334
4.051249027252197,1363,58243205,0.05784344673156738
4.0653977394104,1364,58285968,0.05779623985290527
4.069169998168945,1365,58328731,0.05801844596862793
4.075375556945801,1366,58371494,0.05806875228881836
4.053746700286865,1367,58414257,0.05752730369567871
4.057878494262695,1368,58457020,0.05803394317626953
4.029378414154053,1369,58499783,0.057595014572143555
4.045518398284912,1370,58542546,0.05785822868347168
4.088475227355957,1371,58585309,0.05795764923095703
4.0336384773254395,1372,58628072,0.05754208564758301
4.077769756317139,1373,58670835,0.0580289363861084
4.075874328613281,1374,58713598,0.05782771110534668
4.058436870574951,1375,58756361,0.057837486267089844
4.030768394470215,1376,58799124,0.0579831600189209
4.066706657409668,1377,58841887,0.05821418762207031
4.053645610809326,1378,58884650,0.05820965766906738
4.025331497192383,1379,58927413,0.05584836006164551
4.05327033996582,1380,58970176,0.05681586265563965
4.0717926025390625,1381,59012939,0.05612444877624512
4.042918682098389,1382,59055702,0.05547738075256348
4.028903007507324,1383,59098465,0.0554044246673584
4.016078948974609,1384,59141228,0.05525946617126465
4.047478675842285,1385,59183991,0.05551457405090332
4.07296085357666,1386,59226754,0.05555224418640137
4.051022529602051,1387,59269517,0.05559849739074707
4.051380634307861,1388,59312280,0.055162906646728516
4.0581135749816895,1389,59355043,0.055225372314453125
4.067529201507568,1390,59397806,0.054914236068725586
4.040985107421875,1391,59440569,0.05484127998352051
4.051600456237793,1392,59483332,0.0549168586730957
4.044686317443848,1393,59526095,0.055045127868652344
4.078186988830566,1394,59568858,0.05500173568725586
4.042809009552002,1395,59611621,0.05522894859313965
4.037841796875,1396,59654384,0.05483436584472656
4.063793659210205,1397,59697147,0.055211544036865234
4.081946849822998,1398,59739910,0.055188894271850586
4.063492774963379,1399,59782673,0.05502438545227051
4.035953044891357,1400,59825436,0.05501413345336914
4.034344673156738,1401,59868199,0.0552215576171875
4.074245452880859,1402,59910962,0.05513501167297363
4.020697593688965,1403,59953725,0.05520796775817871
4.063629150390625,1404,59996488,0.05501556396484375
4.0616068840026855,1405,60039251,0.05511617660522461
4.037411212921143,1406,60082014,0.0545191764831543
4.036495685577393,1407,60124777,0.05515766143798828
4.027587413787842,1408,60167540,0.05511474609375
4.090750694274902,1409,60210303,0.05518221855163574
4.073848247528076,1410,60253066,0.05554676055908203
4.05185079574585,1411,60295829,0.0559537410736084
4.075802326202393,1412,60338592,0.05602288246154785
4.074948310852051,1413,60381355,0.05579328536987305
4.018860816955566,1414,60424118,0.05615878105163574
4.0547871589660645,1415,60466881,0.055858612060546875
4.059275150299072,1416,60509644,0.05470395088195801
4.134027004241943,1417,60552407,0.05540108680725098
4.0941162109375,1418,60595170,0.05568194389343262
4.079589366912842,1419,60637933,0.05634045600891113
4.036739826202393,1420,60680696,0.055754899978637695
4.064450740814209,1421,60723459,0.05494260787963867
4.03605842590332,1422,60766222,0.0548703670501709
4.050678730010986,1423,60808985,0.05472922325134277
4.0141096115112305,1424,60851748,0.05479264259338379
4.072188377380371,1425,60894511,0.05496478080749512
4.064198970794678,1426,60937274,0.05508685111999512
4.070101261138916,1427,60980037,0.055021047592163086
4.04248571395874,1428,61022800,0.05513286590576172
4.0325927734375,1429,61065563,0.054892778396606445
4.05549430847168,1430,61108326,0.0551915168762207
4.0397491455078125,1431,61151089,0.055104732513427734
4.0304975509643555,1432,61193852,0.05576443672180176
4.02178430557251,1433,61236615,0.055922746658325195
4.064270496368408,1434,61279378,0.0549626350402832
4.089033603668213,1435,61322141,0.05524158477783203
4.060112953186035,1436,61364904,0.055445194244384766
4.0763750076293945,1437,61407667,0.05538153648376465
4.07946252822876,1438,61450430,0.05482172966003418
4.008244514465332,1439,61493193,0.05526280403137207
4.03391170501709,1440,61535956,0.05517721176147461
4.061810493469238,1441,61578719,0.05467057228088379
4.063018321990967,1442,61621482,0.05532550811767578
4.0354719161987305,1443,61664245,0.05537724494934082
4.0294647216796875,1444,61707008,0.05631208419799805
4.016805648803711,1445,61749771,0.05494856834411621
4.0564351081848145,1446,61792534,0.055039405822753906
4.059438228607178,1447,61835297,0.0550537109375
4.048078536987305,1448,61878060,0.0552065372467041
4.056362152099609,1449,61920823,0.05506014823913574
4.028796195983887,1450,61963586,0.054641008377075195
4.067493438720703,1451,62006349,0.05492663383483887
4.038984298706055,1452,62049112,0.055081844329833984
4.060661792755127,1453,62091875,0.055533409118652344
4.0311760902404785,1454,62134638,0.05529284477233887
4.072986602783203,1455,62177401,0.055120229721069336
4.0536627769470215,1456,62220164,0.055153608322143555
4.049508571624756,1457,62262927,0.055074214935302734
4.03983211517334,1458,62305690,0.055434465408325195
4.052849769592285,1459,62348453,0.05520319938659668
4.086721897125244,1460,62391216,0.05510878562927246
4.0799689292907715,1461,62433979,0.05465269088745117
4.078152179718018,1462,62476742,0.05510711669921875
4.030453205108643,1463,62519505,0.05555391311645508
4.0656633377075195,1464,62562268,0.055144309997558594
4.039003849029541,1465,62605031,0.055031776428222656
4.03776741027832,1466,62647794,0.05508875846862793
4.0511274337768555,1467,62690557,0.05501127243041992
4.061482906341553,1468,62733320,0.05564403533935547
4.067953109741211,1469,62776083,0.055069923400878906
4.084932804107666,1470,62818846,0.054720401763916016
4.033140659332275,1471,62861609,0.055013179779052734
4.07163667678833,1472,62904372,0.05668473243713379
4.091465950012207,1473,62947135,0.05605673789978027
4.026571750640869,1474,62989898,0.055227041244506836
4.042844295501709,1475,63032661,0.05524706840515137
4.045379638671875,1476,63075424,0.05521225929260254
4.02569055557251,1477,63118187,0.05509066581726074
4.064464569091797,1478,63160950,0.05545520782470703
4.112870216369629,1479,63203713,0.05523562431335449
4.037708282470703,1480,63246476,0.0546114444732666
4.0709004402160645,1481,63289239,0.05489540100097656
4.072137355804443,1482,63332002,0.056081533432006836
4.0858235359191895,1483,63374765,0.05585932731628418
4.063395023345947,1484,63417528,0.05624556541442871
4.030226230621338,1485,63460291,0.055225372314453125
4.075092792510986,1486,63503054,0.0549318790435791
3.9921751022338867,1487,63545817,0.05507063865661621
4.041168212890625,1488,63588580,0.05505228042602539
4.048158168792725,1489,63631343,0.055066585540771484
4.0701398849487305,1490,63674106,0.05484485626220703
4.034602642059326,1491,63716869,0.05524563789367676
4.013729572296143,1492,63759632,0.055078983306884766
4.048916816711426,1493,63802395,0.05507183074951172
4.0666279792785645,1494,63845158,0.05525803565979004
4.065627574920654,1495,63887921,0.05521845817565918
4.032810211181641,1496,63930684,0.05516648292541504
4.052975177764893,1497,63973447,0.056717872619628906
4.051651477813721,1498,64016210,0.05466103553771973
4.074211120605469,1499,64058973,0.05503535270690918
4.0821919441223145,1500,64101736,0.05512809753417969
4.015919208526611,1501,64144499,0.05502629280090332
4.097030162811279,1502,64187262,0.05969405174255371
4.080099582672119,1503,64230025,0.05549216270446777
4.061866760253906,1504,64272788,0.05516982078552246
4.035982131958008,1505,64315551,0.05513787269592285
4.042133808135986,1506,64358314,0.05512213706970215
4.061470985412598,1507,64401077,0.05495929718017578
4.064338684082031,1508,64443840,0.0550382137298584
4.0399861335754395,1509,64486603,0.05477333068847656
4.032434940338135,1510,64529366,0.054962158203125
4.067412853240967,1511,64572129,0.055123090744018555
4.093172073364258,1512,64614892,0.05493807792663574
4.0326337814331055,1513,64657655,0.054978370666503906
4.034512042999268,1514,64700418,0.05506610870361328
4.044797420501709,1515,64743181,0.0554502010345459
4.058078289031982,1516,64785944,0.054750680923461914
4.04009485244751,1517,64828707,0.0550079345703125
4.084521770477295,1518,64871470,0.05587887763977051
4.06882381439209,1519,64914233,0.05492854118347168
4.036044120788574,1520,64956996,0.05472588539123535
4.050164222717285,1521,64999759,0.05510282516479492
4.046385288238525,1522,65042522,0.05474495887756348
4.041769027709961,1523,65085285,0.05474448204040527
4.053701400756836,1524,65128048,0.054845571517944336
4.067020893096924,1525,65170811,0.0545654296875
4.0492987632751465,1526,65213574,0.054674625396728516
4.062440872192383,1527,65256337,0.05484318733215332
4.03570556640625,1528,65299100,0.05481743812561035
4.063136100769043,1529,65341863,0.05514216423034668
4.034963607788086,1530,65384626,0.055078744888305664
3.9950969219207764,1531,65427389,0.05453896522521973
4.00648307800293,1532,65470152,0.054801225662231445
4.078361988067627,1533,65512915,0.05508589744567871
4.058651447296143,1534,65555678,0.05516219139099121
4.0512895584106445,1535,65598441,0.0548555850982666
4.026604175567627,1536,65641204,0.05533432960510254
4.039528846740723,1537,65683967,0.05594587326049805
4.088428497314453,1538,65726730,0.05515289306640625
4.0344014167785645,1539,65769493,0.05560183525085449
4.047953128814697,1540,65812256,0.055373430252075195
4.071202754974365,1541,65855019,0.05498623847961426
4.027985572814941,1542,65897782,0.05486726760864258
4.026281833648682,1543,65940545,0.05463838577270508
4.032127857208252,1544,65983308,0.05499696731567383
4.085258960723877,1545,66026071,0.055164337158203125
4.01243257522583,1546,66068834,0.05520343780517578
4.062882900238037,1547,66111597,0.055792808532714844
4.006772994995117,1548,66154360,0.055858612060546875
4.028357028961182,1549,66197123,0.05774283409118652
3.989548921585083,1550,66239886,0.05581974983215332
4.019743919372559,1551,66282649,0.05608344078063965
4.036831855773926,1552,66325412,0.05588793754577637
4.036196708679199,1553,66368175,0.055918216705322266
4.059629440307617,1554,66410938,0.05618619918823242
4.06926965713501,1555,66453701,0.05547070503234863
4.082259178161621,1556,66496464,0.05496573448181152
4.030432224273682,1557,66539227,0.05533742904663086
4.072241306304932,1558,66581990,0.055162906646728516
4.054004669189453,1559,66624753,0.05464053153991699
4.0602922439575195,1560,66667516,0.05544400215148926
4.055484294891357,1561,66710279,0.05581045150756836
4.040537357330322,1562,66753042,0.054847002029418945
4.013504981994629,1563,66795805,0.054685354232788086
4.020339488983154,1564,66838568,0.054459571838378906
4.0786614418029785,1565,66881331,0.05497336387634277
4.056858062744141,1566,66924094,0.055204153060913086
4.074450492858887,1567,66966857,0.055066823959350586
4.063907146453857,1568,67009620,0.05509448051452637
4.034296989440918,1569,67052383,0.05501985549926758
4.085267543792725,1570,67095146,0.0550541877746582
4.024260520935059,1571,67137909,0.05492758750915527
4.057533264160156,1572,67180672,0.05497169494628906
4.03601598739624,1573,67223435,0.0552828311920166
4.082979202270508,1574,67266198,0.05513787269592285
4.062232494354248,1575,67308961,0.055115461349487305
4.030874729156494,1576,67351724,0.055165767669677734
4.042163848876953,1577,67394487,0.05521059036254883
4.02520751953125,1578,67437250,0.05527091026306152
4.025265216827393,1579,67480013,0.05524396896362305
4.011715888977051,1580,67522776,0.05528140068054199
4.04393196105957,1581,67565539,0.0550694465637207
4.062682628631592,1582,67608302,0.055127859115600586
4.039221286773682,1583,67651065,0.05488872528076172
4.080267429351807,1584,67693828,0.05503439903259277
4.04569149017334,1585,67736591,0.054915666580200195
4.048915386199951,1586,67779354,0.05585312843322754
4.043840408325195,1587,67822117,0.05543637275695801
4.050185203552246,1588,67864880,0.05466866493225098
4.055861473083496,1589,67907643,0.05518341064453125
4.083518981933594,1590,67950406,0.0550539493560791
4.041871547698975,1591,67993169,0.05519700050354004
4.089420795440674,1592,68035932,0.05514955520629883
4.073964595794678,1593,68078695,0.05552387237548828
4.053377628326416,1594,68121458,0.054984331130981445
4.08327579498291,1595,68164221,0.05527210235595703
4.070095539093018,1596,68206984,0.054558515548706055
4.10306453704834,1597,68249747,0.0554194450378418
4.068111419677734,1598,68292510,0.05455136299133301
4.053506374359131,1599,68335273,0.0546727180480957
4.054754257202148,1600,68378036,0.05441164970397949
4.041844844818115,1601,68420799,0.054926156997680664
4.054566860198975,1602,68463562,0.05456852912902832
4.047481536865234,1603,68506325,0.05430746078491211
4.035110950469971,1604,68549088,0.054599761962890625
4.046694755554199,1605,68591851,0.05457353591918945
4.02043342590332,1606,68634614,0.05442476272583008
4.0319037437438965,1607,68677377,0.05432486534118652
4.049185276031494,1608,68720140,0.05497264862060547
4.044734001159668,1609,68762903,0.05453348159790039
4.030632972717285,1610,68805666,0.054361820220947266
4.044527053833008,1611,68848429,0.05462765693664551
4.0260467529296875,1612,68891192,0.05475282669067383
4.085788249969482,1613,68933955,0.05461406707763672
4.082176685333252,1614,68976718,0.05430722236633301
4.071967601776123,1615,69019481,0.05434870719909668
4.054294109344482,1616,69062244,0.05446505546569824
4.037153720855713,1617,69105007,0.054743051528930664
4.085594654083252,1618,69147770,0.05450010299682617
4.104466915130615,1619,69190533,0.05463004112243652
4.055368900299072,1620,69233296,0.0546877384185791
4.049411773681641,1621,69276059,0.05534529685974121
4.015516757965088,1622,69318822,0.0546259880065918
3.9949779510498047,1623,69361585,0.05439019203186035
4.072226047515869,1624,69404348,0.0545506477355957
4.029166221618652,1625,69447111,0.0543060302734375
4.060934066772461,1626,69489874,0.054443359375
4.07631254196167,1627,69532637,0.054601430892944336
4.001002311706543,1628,69575400,0.0545041561126709
4.058442115783691,1629,69618163,0.05452561378479004
4.061768531799316,1630,69660926,0.054353952407836914
4.056234836578369,1631,69703689,0.05424165725708008
4.009648323059082,1632,69746452,0.05430722236633301
4.005490779876709,1633,69789215,0.05444025993347168
4.020113945007324,1634,69831978,0.05525541305541992
4.052884101867676,1635,69874741,0.05459904670715332
4.054287910461426,1636,69917504,0.05431818962097168
4.056694984436035,1637,69960267,0.05443406105041504
4.072596073150635,1638,70003030,0.054347991943359375
4.0371551513671875,1639,70045793,0.054296016693115234
4.02047061920166,1640,70088556,0.0544281005859375
4.025189399719238,1641,70131319,0.05466604232788086
4.061506748199463,1642,70174082,0.054636478424072266
4.054263591766357,1643,70216845,0.05426764488220215
4.071543216705322,1644,70259608,0.05427837371826172
3.9848690032958984,1645,70302371,0.05480194091796875
4.068038463592529,1646,70345134,0.054598093032836914
4.023577690124512,1647,70387897,0.05448627471923828
4.042309761047363,1648,70430660,0.05441880226135254
4.060366153717041,1649,70473423,0.05438876152038574
4.01767110824585,1650,70516186,0.055407047271728516
4.044053554534912,1651,70558949,0.05459237098693848
4.084802150726318,1652,70601712,0.05434012413024902
4.047152519226074,1653,70644475,0.054331302642822266
4.055399417877197,1654,70687238,0.05451464653015137
4.076679706573486,1655,70730001,0.05461406707763672
4.018538475036621,1656,70772764,0.054990291595458984
4.072208404541016,1657,70815527,0.05438351631164551
4.070290565490723,1658,70858290,0.05444669723510742
4.088224411010742,1659,70901053,0.054376840591430664
4.025522708892822,1660,70943816,0.05431842803955078
3.9884073734283447,1661,70986579,0.0546717643737793
4.0959930419921875,1662,71029342,0.05433154106140137
4.036935806274414,1663,71072105,0.05441093444824219
4.038487434387207,1664,71114868,0.05433535575866699
4.090926170349121,1665,71157631,0.05446648597717285
4.036807537078857,1666,71200394,0.0549921989440918
4.064321994781494,1667,71243157,0.054613351821899414
4.028046131134033,1668,71285920,0.0542755126953125
4.0756025314331055,1669,71328683,0.05438947677612305
4.044333457946777,1670,71371446,0.054328203201293945
4.052267074584961,1671,71414209,0.05444955825805664
3.9987621307373047,1672,71456972,0.05472278594970703
4.056777477264404,1673,71499735,0.054747581481933594
4.046400547027588,1674,71542498,0.05446934700012207
4.015392303466797,1675,71585261,0.05447530746459961
4.036746501922607,1676,71628024,0.05460834503173828
4.060588836669922,1677,71670787,0.054285526275634766
4.002450942993164,1678,71713550,0.05431556701660156
4.044714450836182,1679,71756313,0.054586172103881836
4.081066608428955,1680,71799076,0.054383277893066406
4.02974796295166,1681,71841839,0.054350852966308594
4.041247844696045,1682,71884602,0.05425739288330078
4.058569431304932,1683,71927365,0.05432868003845215
4.091900825500488,1684,71970128,0.054386138916015625
4.02899694442749,1685,72012891,0.05526137351989746
4.038872241973877,1686,72055654,0.054714202880859375
4.047077655792236,1687,72098417,0.054435014724731445
4.096565246582031,1688,72141180,0.05420660972595215
4.022877216339111,1689,72183943,0.05430722236633301
4.092705249786377,1690,72226706,0.05446934700012207
4.028674125671387,1691,72269469,0.05487656593322754
4.038097858428955,1692,72312232,0.05459856986999512
4.084020614624023,1693,72354995,0.05445551872253418
4.046083450317383,1694,72397758,0.05440497398376465
4.010502338409424,1695,72440521,0.05439352989196777
4.050009727478027,1696,72483284,0.05437159538269043
4.040478706359863,1697,72526047,0.05426597595214844
4.044494152069092,1698,72568810,0.05433940887451172
4.022870063781738,1699,72611573,0.05454683303833008
4.041449546813965,1700,72654336,0.05463886260986328
4.065460205078125,1701,72697099,0.05443072319030762
4.011068820953369,1702,72739862,0.05446219444274902
4.070981979370117,1703,72782625,0.05440568923950195
4.03660774230957,1704,72825388,0.054984331130981445
4.041947364807129,1705,72868151,0.0545802116394043
3.9934844970703125,1706,72910914,0.05434417724609375
4.06989049911499,1707,72953677,0.05463743209838867
4.0533881187438965,1708,72996440,0.05438876152038574
4.071873188018799,1709,73039203,0.05430126190185547
4.046720027923584,1710,73081966,0.05428194999694824
4.058716773986816,1711,73124729,0.0546567440032959
4.032041549682617,1712,73167492,0.054743051528930664
4.036637306213379,1713,73210255,0.05443429946899414
4.022496700286865,1714,73253018,0.05439281463623047
4.036108016967773,1715,73295781,0.05432319641113281
4.0714311599731445,1716,73338544,0.05443000793457031
4.046997547149658,1717,73381307,0.05446052551269531
4.080099582672119,1718,73424070,0.054160118103027344
4.036498069763184,1719,73466833,0.05467653274536133
4.026357173919678,1720,73509596,0.054373979568481445
4.069555282592773,1721,73552359,0.054526329040527344
4.024120330810547,1722,73595122,0.05443429946899414
4.036637306213379,1723,73637885,0.05431079864501953
4.0366530418396,1724,73680648,0.05433797836303711
4.038214683532715,1725,73723411,0.05456352233886719
4.0752763748168945,1726,73766174,0.0544285774230957
4.076613426208496,1727,73808937,0.0549311637878418
4.048110485076904,1728,73851700,0.0548405647277832
4.017129898071289,1729,73894463,0.05461621284484863
4.073487281799316,1730,73937226,0.05461716651916504
4.082118988037109,1731,73979989,0.05437445640563965
4.098894119262695,1732,74022752,0.054312705993652344
4.0692572593688965,1733,74065515,0.0542910099029541
4.056765079498291,1734,74108278,0.054761648178100586
4.065371990203857,1735,74151041,0.054617881774902344
4.043229579925537,1736,74193804,0.05433487892150879
4.041773796081543,1737,74236567,0.05423736572265625
4.019636154174805,1738,74279330,0.054544687271118164
4.007670879364014,1739,74322093,0.05439448356628418
4.058025360107422,1740,74364856,0.054502010345458984
4.067820072174072,1741,74407619,0.0543062686920166
4.014883995056152,1742,74450382,0.05431556701660156
4.061774253845215,1743,74493145,0.054349422454833984
4.065476417541504,1744,74535908,0.05452537536621094
4.026340007781982,1745,74578671,0.054471492767333984
4.079666614532471,1746,74621434,0.05438041687011719
4.053729057312012,1747,74664197,0.05428504943847656
4.046774864196777,1748,74706960,0.0544586181640625
4.058309078216553,1749,74749723,0.055223703384399414
4.028504371643066,1750,74792486,0.054541826248168945
4.036384582519531,1751,74835249,0.05449318885803223
4.046172142028809,1752,74878012,0.05419731140136719
4.045389175415039,1753,74920775,0.05460643768310547
4.0376763343811035,1754,74963538,0.054560184478759766
4.03604793548584,1755,75006301,0.05471658706665039
4.032565116882324,1756,75049064,0.054404258728027344
4.074758052825928,1757,75091827,0.05440878868103027
4.044737815856934,1758,75134590,0.0548396110534668
4.009782791137695,1759,75177353,0.054596900939941406
4.0474772453308105,1760,75220116,0.054414987564086914
4.041776657104492,1761,75262879,0.05450439453125
3.991971731185913,1762,75305642,0.054255008697509766
4.046106815338135,1763,75348405,0.05443263053894043
4.0516252517700195,1764,75391168,0.05449819564819336
4.032309532165527,1765,75433931,0.05445456504821777
4.051028251647949,1766,75476694,0.05467700958251953
4.089400291442871,1767,75519457,0.054555654525756836
4.040504455566406,1768,75562220,0.0547027587890625
4.03278923034668,1769,75604983,0.054387807846069336
4.035475254058838,1770,75647746,0.05448293685913086
4.040621757507324,1771,75690509,0.0543971061706543
4.0459794998168945,1772,75733272,0.0546112060546875
4.084016799926758,1773,75776035,0.054438114166259766
4.050468444824219,1774,75818798,0.05437660217285156
4.027736186981201,1775,75861561,0.05463123321533203
4.026368618011475,1776,75904324,0.054377079010009766
4.031338214874268,1777,75947087,0.05574679374694824
4.051146030426025,1778,75989850,0.054529666900634766
4.053296089172363,1779,76032613,0.05461692810058594
4.008625507354736,1780,76075376,0.054480552673339844
4.0484514236450195,1781,76118139,0.054415225982666016
4.035145282745361,1782,76160902,0.05473780632019043
4.021317481994629,1783,76203665,0.05444598197937012
4.065710544586182,1784,76246428,0.054456233978271484
4.048980712890625,1785,76289191,0.05441141128540039
4.040835857391357,1786,76331954,0.054845333099365234
4.044149398803711,1787,76374717,0.05470466613769531
4.014859676361084,1788,76417480,0.05446457862854004
4.068702697753906,1789,76460243,0.05427861213684082
4.037898540496826,1790,76503006,0.054625749588012695
4.081732749938965,1791,76545769,0.05450105667114258
4.012731552124023,1792,76588532,0.05449032783508301
4.072578430175781,1793,76631295,0.05448722839355469
4.056845664978027,1794,76674058,0.05464625358581543
3.9927639961242676,1795,76716821,0.05440044403076172
4.075809478759766,1796,76759584,0.0543971061706543
4.040046215057373,1797,76802347,0.05446481704711914
4.027183532714844,1798,76845110,0.05457448959350586
4.039456367492676,1799,76887873,0.05442380905151367
4.045180320739746,1800,76930636,0.05465245246887207
4.066181182861328,1801,76973399,0.05434060096740723
4.0135345458984375,1802,77016162,0.0544283390045166
4.059770107269287,1803,77058925,0.05467486381530762
4.039528846740723,1804,77101688,0.05503654479980469
4.074841022491455,1805,77144451,0.05463552474975586
4.034023761749268,1806,77187214,0.05447268486022949
4.070685863494873,1807,77229977,0.05448341369628906
4.113906383514404,1808,77272740,0.054630279541015625
3.9959428310394287,1809,77315503,0.0547490119934082
4.046453952789307,1810,77358266,0.05462455749511719
4.0347771644592285,1811,77401029,0.05448317527770996
4.051149368286133,1812,77443792,0.054465293884277344
4.0169572830200195,1813,77486555,0.05455660820007324
4.020793437957764,1814,77529318,0.05446195602416992
4.060670852661133,1815,77572081,0.054814815521240234
4.033891677856445,1816,77614844,0.0546412467956543
4.025254726409912,1817,77657607,0.054506778717041016
4.025339603424072,1818,77700370,0.05442237854003906
4.054922103881836,1819,77743133,0.05435490608215332
4.040154933929443,1820,77785896,0.05424618721008301
4.021893501281738,1821,77828659,0.05427384376525879
4.09583044052124,1822,77871422,0.054413557052612305
4.000801086425781,1823,77914185,0.05456233024597168
4.0519328117370605,1824,77956948,0.054602622985839844
4.04257345199585,1825,77999711,0.054369211196899414
4.032665252685547,1826,78042474,0.05485701560974121
4.052003383636475,1827,78085237,0.05438351631164551
4.0263471603393555,1828,78128000,0.05449509620666504
4.061766147613525,1829,78170763,0.05447697639465332
4.016049385070801,1830,78213526,0.05458784103393555
4.0522308349609375,1831,78256289,0.054427146911621094
4.011070251464844,1832,78299052,0.05435013771057129
4.054576873779297,1833,78341815,0.054457664489746094
4.054782390594482,1834,78384578,0.05451059341430664
4.020740032196045,1835,78427341,0.05429697036743164
4.036592483520508,1836,78470104,0.05469107627868652
4.020413398742676,1837,78512867,0.055219173431396484
4.029989242553711,1838,78555630,0.05444478988647461
4.070579528808594,1839,78598393,0.054534912109375
4.012867450714111,1840,78641156,0.05442094802856445
4.0228681564331055,1841,78683919,0.054787635803222656
3.9988338947296143,1842,78726682,0.05443310737609863
4.025762557983398,1843,78769445,0.05459904670715332
4.0592803955078125,1844,78812208,0.0546419620513916
4.031106472015381,1845,78854971,0.0545046329498291
4.02213716506958,1846,78897734,0.05431509017944336
4.040439128875732,1847,78940497,0.054823875427246094
4.05042839050293,1848,78983260,0.05478477478027344
4.042628288269043,1849,79026023,0.05440521240234375
4.016786098480225,1850,79068786,0.05461597442626953
4.021347522735596,1851,79111549,0.05450773239135742
4.076923847198486,1852,79154312,0.05451488494873047
4.0509467124938965,1853,79197075,0.05428457260131836
4.0508012771606445,1854,79239838,0.0543971061706543
4.045602798461914,1855,79282601,0.05448150634765625
4.054955959320068,1856,79325364,0.054480552673339844
4.054243564605713,1857,79368127,0.054639577865600586
4.0076446533203125,1858,79410890,0.054726600646972656
4.051374912261963,1859,79453653,0.05460000038146973
4.0228590965271,1860,79496416,0.05445694923400879
4.011898994445801,1861,79539179,0.054358720779418945
4.018763065338135,1862,79581942,0.05440473556518555
4.057230472564697,1863,79624705,0.05450725555419922
4.0442681312561035,1864,79667468,0.05460500717163086
4.03080415725708,1865,79710231,0.05455946922302246
4.061391353607178,1866,79752994,0.05446982383728027
4.064815521240234,1867,79795757,0.05458807945251465
4.031703948974609,1868,79838520,0.05436062812805176
4.052026748657227,1869,79881283,0.05519723892211914
4.022046089172363,1870,79924046,0.05481433868408203
4.09952449798584,1871,79966809,0.05464315414428711
3.9925150871276855,1872,80009572,0.054419517517089844
4.026745319366455,1873,80052335,0.05455636978149414
4.022176742553711,1874,80095098,0.05476069450378418
4.020319938659668,1875,80137861,0.0545046329498291
4.058896064758301,1876,80180624,0.05454134941101074
3.972465753555298,1877,80223387,0.05454254150390625
4.003134250640869,1878,80266150,0.05465126037597656
4.016369819641113,1879,80308913,0.05442380905151367
3.9821252822875977,1880,80351676,0.05444598197937012
4.059894561767578,1881,80394439,0.05453300476074219
4.032883167266846,1882,80437202,0.05450940132141113
4.029669761657715,1883,80479965,0.05487823486328125
4.0397844314575195,1884,80522728,0.05486917495727539
4.052417755126953,1885,80565491,0.05451846122741699
4.0389604568481445,1886,80608254,0.05444002151489258
4.032473087310791,1887,80651017,0.05445742607116699
4.051697731018066,1888,80693780,0.05454683303833008
4.003891468048096,1889,80736543,0.05454587936401367
4.009817600250244,1890,80779306,0.054666996002197266
4.046030521392822,1891,80822069,0.0545654296875
4.03946590423584,1892,80864832,0.054686784744262695
4.049090385437012,1893,80907595,0.05439019203186035
4.016194820404053,1894,80950358,0.05466485023498535
4.010518550872803,1895,80993121,0.054842233657836914
4.0254387855529785,1896,81035884,0.05479764938354492
4.039657115936279,1897,81078647,0.05432724952697754
4.082143306732178,1898,81121410,0.05429577827453613
4.082211971282959,1899,81164173,0.054421424865722656
4.068473815917969,1900,81206936,0.05488276481628418
4.042118072509766,1901,81249699,0.054666996002197266
4.040809154510498,1902,81292462,0.054517269134521484
4.059258937835693,1903,81335225,0.05453038215637207
4.002194881439209,1904,81377988,0.054465293884277344
4.02925443649292,1905,81420751,0.05442452430725098
4.070348739624023,1906,81463514,0.054646968841552734
4.028196811676025,1907,81506277,0.054671525955200195
4.040884494781494,1908,81549040,0.055440664291381836
4.022910118103027,1909,81591803,0.05466938018798828
4.007208347320557,1910,81634566,0.05452919006347656
4.000633239746094,1911,81677329,0.054409027099609375
4.059263229370117,1912,81720092,0.05453944206237793
4.037092208862305,1913,81762855,0.05448794364929199
4.091421127319336,1914,81805618,0.054442644119262695
4.046023845672607,1915,81848381,0.054428815841674805
4.032358169555664,1916,81891144,0.054505348205566406
4.029294967651367,1917,81933907,0.05502963066101074
4.032962799072266,1918,81976670,0.05492568016052246
4.019280910491943,1919,82019433,0.054563045501708984
4.056524276733398,1920,82062196,0.05448794364929199
4.07380485534668,1921,82104959,0.054933786392211914
4.02368688583374,1922,82147722,0.055109500885009766
4.041650295257568,1923,82190485,0.054671287536621094
4.075529098510742,1924,82233248,0.05462527275085449
4.053929805755615,1925,82276011,0.054630279541015625
4.051482677459717,1926,82318774,0.05464363098144531
4.007357120513916,1927,82361537,0.05436420440673828
4.070488452911377,1928,82404300,0.054657697677612305
4.042415142059326,1929,82447063,0.054728031158447266
4.009154319763184,1930,82489826,0.05465269088745117
4.014312744140625,1931,82532589,0.0546720027923584
4.041460037231445,1932,82575352,0.054434776306152344
4.0611677169799805,1933,82618115,0.05452680587768555
4.034713268280029,1934,82660878,0.0550839900970459
3.9959776401519775,1935,82703641,0.05466461181640625
4.045608043670654,1936,82746404,0.054574012756347656
4.043600559234619,1937,82789167,0.05445146560668945
4.070878505706787,1938,82831930,0.05469179153442383
4.064460277557373,1939,82874693,0.05467057228088379
4.016538143157959,1940,82917456,0.054585933685302734
4.075010776519775,1941,82960219,0.054595947265625
4.060501575469971,1942,83002982,0.05444002151489258
4.049403667449951,1943,83045745,0.05458688735961914
4.025517463684082,1944,83088508,0.05525565147399902
4.054448127746582,1945,83131271,0.05481743812561035
4.03617000579834,1946,83174034,0.05476737022399902
4.083658695220947,1947,83216797,0.05576968193054199
4.0694260597229,1948,83259560,0.05489683151245117
4.051445484161377,1949,83302323,0.05490732192993164
3.9952006340026855,1950,83345086,0.054817914962768555
4.0555596351623535,1951,83387849,0.054886817932128906
4.058009147644043,1952,83430612,0.05494260787963867
4.021039962768555,1953,83473375,0.05493569374084473
4.096726894378662,1954,83516138,0.055060386657714844
4.02870512008667,1955,83558901,0.05521535873413086
4.01762580871582,1956,83601664,0.05502033233642578
4.083990097045898,1957,83644427,0.05513429641723633
4.038395881652832,1958,83687190,0.055071353912353516
4.015073299407959,1959,83729953,0.05509805679321289
4.027554512023926,1960,83772716,0.05512261390686035
4.030157566070557,1961,83815479,0.05505180358886719
4.047633171081543,1962,83858242,0.055191755294799805
4.0458664894104,1963,83901005,0.055298566818237305
4.038167476654053,1964,83943768,0.055257320404052734
4.06052303314209,1965,83986531,0.05512356758117676
4.013325214385986,1966,84029294,0.0551447868347168
4.042356014251709,1967,84072057,0.0550384521484375
4.0092573165893555,1968,84114820,0.05518674850463867
4.039847373962402,1969,84157583,0.05597186088562012
4.037539958953857,1970,84200346,0.055641889572143555
4.026776313781738,1971,84243109,0.05536818504333496
4.024868965148926,1972,84285872,0.05474972724914551
3.9880361557006836,1973,84328635,0.05508589744567871
4.027104377746582,1974,84371398,0.055281639099121094
4.008479118347168,1975,84414161,0.05521559715270996
4.0472846031188965,1976,84456924,0.05492234230041504
4.0616135597229,1977,84499687,0.05492663383483887
4.047616004943848,1978,84542450,0.055509090423583984
4.040889739990234,1979,84585213,0.05520915985107422
4.0257391929626465,1980,84627976,0.05518364906311035
4.007562160491943,1981,84670739,0.05482006072998047
4.060678005218506,1982,84713502,0.05517578125
4.05168342590332,1983,84756265,0.0550534725189209
4.053993225097656,1984,84799028,0.05496811866760254
4.000918865203857,1985,84841791,0.05494236946105957
4.04027795791626,1986,84884554,0.05474710464477539
4.042793273925781,1987,84927317,0.05505633354187012
4.083040714263916,1988,84970080,0.055023193359375
4.125741004943848,1989,85012843,0.05483722686767578
4.037394046783447,1990,85055606,0.05479288101196289
4.046163558959961,1991,85098369,0.05507707595825195
4.037222862243652,1992,85141132,0.05478215217590332
4.034965515136719,1993,85183895,0.05675053596496582
4.069650173187256,1994,85226658,0.05727386474609375
4.036031246185303,1995,85269421,0.05540180206298828
3.9891915321350098,1996,85312184,0.05536699295043945
4.005687713623047,1997,85354947,0.05550551414489746
4.0334062576293945,1998,85397710,0.0550534725189209
4.033053398132324,1999,85440473,0.05504107475280762
4.047729015350342,2000,85483236,0.0550684928894043
4.011888027191162,2001,85525999,0.05528664588928223
4.025773048400879,2002,85568762,0.06928873062133789
4.021434783935547,2003,85611525,0.05580854415893555
4.027181148529053,2004,85654288,0.057784080505371094
3.987046003341675,2005,85697051,0.05553460121154785
4.0543212890625,2006,85739814,0.057050466537475586
4.020235061645508,2007,85782577,0.05571627616882324
4.036881923675537,2008,85825340,0.05565476417541504
4.00133752822876,2009,85868103,0.05475759506225586
4.030913352966309,2010,85910866,0.055643320083618164
4.05023193359375,2011,85953629,0.0560915470123291
4.021592617034912,2012,85996392,0.055173635482788086
4.048964500427246,2013,86039155,0.05607032775878906
4.0637030601501465,2014,86081918,0.055200815200805664
4.052364349365234,2015,86124681,0.054990530014038086
4.0686492919921875,2016,86167444,0.056674957275390625
4.0526509284973145,2017,86210207,0.055185556411743164
3.999537944793701,2018,86252970,0.05517148971557617
4.086750030517578,2019,86295733,0.05506277084350586
4.080711364746094,2020,86338496,0.0555722713470459
4.011491775512695,2021,86381259,0.05632758140563965
4.072298526763916,2022,86424022,0.0550999641418457
4.0751423835754395,2023,86466785,0.055246591567993164
4.026056289672852,2024,86509548,0.055002450942993164
4.047027111053467,2025,86552311,0.05457425117492676
4.043979644775391,2026,86595074,0.05458235740661621
4.046987056732178,2027,86637837,0.05488920211791992
4.0463128089904785,2028,86680600,0.05482769012451172
4.083607196807861,2029,86723363,0.05509376525878906
4.0561017990112305,2030,86766126,0.05494070053100586
3.9665167331695557,2031,86808889,0.05518054962158203
4.019751071929932,2032,86851652,0.05486559867858887
4.021184921264648,2033,86894415,0.0546572208404541
3.99668025970459,2034,86937178,0.055037498474121094
4.0434980392456055,2035,86979941,0.05518627166748047
4.029937744140625,2036,87022704,0.0550539493560791
4.058583736419678,2037,87065467,0.055119991302490234
3.9819512367248535,2038,87108230,0.054520606994628906
3.979231595993042,2039,87150993,0.05507922172546387
4.016968250274658,2040,87193756,0.05500960350036621
3.998716354370117,2041,87236519,0.05518317222595215
4.0708394050598145,2042,87279282,0.05508089065551758
4.030035972595215,2043,87322045,0.05463814735412598
4.048663139343262,2044,87364808,0.05472540855407715
4.0396599769592285,2045,87407571,0.055006980895996094
4.052053928375244,2046,87450334,0.05455160140991211
4.020437717437744,2047,87493097,0.054938554763793945
4.046691417694092,2048,87535860,0.055060625076293945
4.059015274047852,2049,87578623,0.055083274841308594
4.040181636810303,2050,87621386,0.05481266975402832
4.032688140869141,2051,87664149,0.05500292778015137
4.038543701171875,2052,87706912,0.05568408966064453
4.023743629455566,2053,87749675,0.0551908016204834
4.028066635131836,2054,87792438,0.05524158477783203
4.085837364196777,2055,87835201,0.0553586483001709
4.014077663421631,2056,87877964,0.05578899383544922
3.9986166954040527,2057,87920727,0.0562891960144043
4.0203986167907715,2058,87963490,0.05714297294616699
4.020735263824463,2059,88006253,0.0556795597076416
4.0792059898376465,2060,88049016,0.056247711181640625
3.99509334564209,2061,88091779,0.06091594696044922
4.048972129821777,2062,88134542,0.05555224418640137
4.027212619781494,2063,88177305,0.05513930320739746
4.049322128295898,2064,88220068,0.05507206916809082
4.0012288093566895,2065,88262831,0.054926395416259766
4.035338878631592,2066,88305594,0.0554656982421875
4.010672569274902,2067,88348357,0.055144309997558594
4.065789222717285,2068,88391120,0.05522966384887695
4.045407772064209,2069,88433883,0.05520510673522949
4.0305070877075195,2070,88476646,0.05526852607727051
4.03193998336792,2071,88519409,0.05513191223144531
4.02632474899292,2072,88562172,0.05516314506530762
4.038147449493408,2073,88604935,0.05493974685668945
4.0353803634643555,2074,88647698,0.05507063865661621
4.056955814361572,2075,88690461,0.0562138557434082
4.00821590423584,2076,88733224,0.05733180046081543
4.068081855773926,2077,88775987,0.056647300720214844
4.064774513244629,2078,88818750,0.05626106262207031
4.043632984161377,2079,88861513,0.05671048164367676
4.030357837677002,2080,88904276,0.05613088607788086
4.019627094268799,2081,88947039,0.05556917190551758
4.029526233673096,2082,88989802,0.05507779121398926
4.012995719909668,2083,89032565,0.05554509162902832
3.9975178241729736,2084,89075328,0.05526447296142578
4.017391681671143,2085,89118091,0.055220603942871094
4.073003768920898,2086,89160854,0.05497598648071289
4.033557415008545,2087,89203617,0.056281328201293945
4.004700183868408,2088,89246380,0.056643009185791016
4.02128267288208,2089,89289143,0.055032968521118164
4.00439453125,2090,89331906,0.05503535270690918
4.064478397369385,2091,89374669,0.055365562438964844
4.000030517578125,2092,89417432,0.0550386905670166
4.037198543548584,2093,89460195,0.05590367317199707
4.007845878601074,2094,89502958,0.055448055267333984
4.039986610412598,2095,89545721,0.056560516357421875
4.01204776763916,2096,89588484,0.0554502010345459
4.030447959899902,2097,89631247,0.05654168128967285
4.048557758331299,2098,89674010,0.05547976493835449
4.070667266845703,2099,89716773,0.0550990104675293
4.02297830581665,2100,89759536,0.057709693908691406
4.048474311828613,2101,89802299,0.05533552169799805
4.061846733093262,2102,89845062,0.05475640296936035
4.042686462402344,2103,89887825,0.0552372932434082
4.059854030609131,2104,89930588,0.0555422306060791
4.066188335418701,2105,89973351,0.05572676658630371
4.001522541046143,2106,90016114,0.05537843704223633
4.012113094329834,2107,90058877,0.055208683013916016
4.012556552886963,2108,90101640,0.056047677993774414
4.036441802978516,2109,90144403,0.056580305099487305
4.058533191680908,2110,90187166,0.056108713150024414
4.008997917175293,2111,90229929,0.055327653884887695
4.038702011108398,2112,90272692,0.05693840980529785
4.056422233581543,2113,90315455,0.055741310119628906
4.03456974029541,2114,90358218,0.05563664436340332
4.040093898773193,2115,90400981,0.0552370548248291
4.033361434936523,2116,90443744,0.054766178131103516
4.032717227935791,2117,90486507,0.05541825294494629
4.048749923706055,2118,90529270,0.055032968521118164
4.045938014984131,2119,90572033,0.05505061149597168
3.968923330307007,2120,90614796,0.055051565170288086
4.008787155151367,2121,90657559,0.055991411209106445
4.021838188171387,2122,90700322,0.0554659366607666
4.039052486419678,2123,90743085,0.055086612701416016
4.010440826416016,2124,90785848,0.05523419380187988
4.014310836791992,2125,90828611,0.05510687828063965
4.061264514923096,2126,90871374,0.054718732833862305
4.045498371124268,2127,90914137,0.05443406105041504
4.035571098327637,2128,90956900,0.05510902404785156
4.046691417694092,2129,90999663,0.055338144302368164
4.041806221008301,2130,91042426,0.05494523048400879
4.025089740753174,2131,91085189,0.054622650146484375
4.02570104598999,2132,91127952,0.05495786666870117
4.032572269439697,2133,91170715,0.05558300018310547
4.020030498504639,2134,91213478,0.05532479286193848
4.01509952545166,2135,91256241,0.05502939224243164
4.032398700714111,2136,91299004,0.05506324768066406
4.059691429138184,2137,91341767,0.055086374282836914
4.036110877990723,2138,91384530,0.05456376075744629
4.065252780914307,2139,91427293,0.054915428161621094
3.9955620765686035,2140,91470056,0.05446600914001465
4.0327839851379395,2141,91512819,0.05515122413635254
4.045628070831299,2142,91555582,0.055010318756103516
4.065389156341553,2143,91598345,0.05575299263000488
4.028553485870361,2144,91641108,0.05542945861816406
4.0186848640441895,2145,91683871,0.05508995056152344
4.062099456787109,2146,91726634,0.0551145076751709
4.022525310516357,2147,91769397,0.05501246452331543
4.046821594238281,2148,91812160,0.05511116981506348
4.056580066680908,2149,91854923,0.0551152229309082
4.005466938018799,2150,91897686,0.05530071258544922
4.061984062194824,2151,91940449,0.055208683013916016
4.0585126876831055,2152,91983212,0.05727219581604004
4.054643630981445,2153,92025975,0.05545663833618164
4.017513275146484,2154,92068738,0.05541348457336426
4.001959800720215,2155,92111501,0.055013418197631836
4.034999370574951,2156,92154264,0.055493831634521484
4.0262041091918945,2157,92197027,0.055219173431396484
4.046117305755615,2158,92239790,0.05483198165893555
4.058293342590332,2159,92282553,0.05504274368286133
4.046958923339844,2160,92325316,0.05681729316711426
4.0369553565979,2161,92368079,0.055481672286987305
4.038364887237549,2162,92410842,0.05552315711975098
4.008343696594238,2163,92453605,0.05523538589477539
3.9927072525024414,2164,92496368,0.055074214935302734
4.040438652038574,2165,92539131,0.055110931396484375
3.9979910850524902,2166,92581894,0.0554506778717041
4.028259754180908,2167,92624657,0.05562019348144531
4.024424076080322,2168,92667420,0.05545473098754883
4.00850248336792,2169,92710183,0.05508708953857422
4.028005123138428,2170,92752946,0.05466008186340332
4.016064167022705,2171,92795709,0.054906606674194336
4.052952289581299,2172,92838472,0.0550844669342041
4.033155918121338,2173,92881235,0.055135250091552734
3.9537458419799805,2174,92923998,0.05532383918762207
4.058258056640625,2175,92966761,0.05523562431335449
4.066654205322266,2176,93009524,0.05504631996154785
4.0222859382629395,2177,93052287,0.05509686470031738
4.028149127960205,2178,93095050,0.0550689697265625
4.0338664054870605,2179,93137813,0.05531167984008789
4.029942035675049,2180,93180576,0.05553245544433594
4.052532196044922,2181,93223339,0.0552213191986084
4.038367748260498,2182,93266102,0.05523824691772461
4.030879497528076,2183,93308865,0.055161237716674805
4.015029430389404,2184,93351628,0.05497550964355469
4.015582084655762,2185,93394391,0.05469179153442383
4.043322563171387,2186,93437154,0.05510520935058594
4.026649475097656,2187,93479917,0.055278778076171875
4.04500675201416,2188,93522680,0.05528521537780762
3.999237537384033,2189,93565443,0.05506753921508789
4.029389381408691,2190,93608206,0.055291175842285156
4.023192405700684,2191,93650969,0.0549321174621582
4.044081687927246,2192,93693732,0.05504631996154785
4.029120922088623,2193,93736495,0.055223703384399414
4.025541305541992,2194,93779258,0.05514216423034668
4.037757873535156,2195,93822021,0.055359601974487305
4.064253807067871,2196,93864784,0.05498695373535156
4.018158435821533,2197,93907547,0.0552518367767334
4.033524513244629,2198,93950310,0.05541539192199707
4.033179759979248,2199,93993073,0.05514168739318848
4.078142166137695,2200,94035836,0.055206298828125
4.0356364250183105,2201,94078599,0.05501675605773926
4.016603469848633,2202,94121362,0.055017709732055664
4.018702507019043,2203,94164125,0.05539822578430176
4.020109176635742,2204,94206888,0.054866790771484375
4.019723892211914,2205,94249651,0.055008649826049805
4.03892183303833,2206,94292414,0.055216073989868164
4.012497425079346,2207,94335177,0.05506491661071777
4.066013336181641,2208,94377940,0.055222272872924805
4.038496017456055,2209,94420703,0.05488014221191406
4.053706169128418,2210,94463466,0.055370330810546875
4.065828800201416,2211,94506229,0.055353403091430664
3.996697187423706,2212,94548992,0.05463814735412598
4.045566082000732,2213,94591755,0.05512380599975586
4.000878810882568,2214,94634518,0.05541038513183594
4.025973796844482,2215,94677281,0.0552067756652832
4.027422904968262,2216,94720044,0.055075645446777344
4.016548156738281,2217,94762807,0.05509686470031738
3.9922451972961426,2218,94805570,0.05486297607421875
4.011352062225342,2219,94848333,0.05513954162597656
4.0305376052856445,2220,94891096,0.05536031723022461
4.047072887420654,2221,94933859,0.05505728721618652
3.99869704246521,2222,94976622,0.05519413948059082
4.000732898712158,2223,95019385,0.05525064468383789
4.035810947418213,2224,95062148,0.05518817901611328
4.059720516204834,2225,95104911,0.05605173110961914
4.043736934661865,2226,95147674,0.05539655685424805
4.029182434082031,2227,95190437,0.05504775047302246
4.078464031219482,2228,95233200,0.05487990379333496
4.028971195220947,2229,95275963,0.05531811714172363
4.038723945617676,2230,95318726,0.055284976959228516
4.053646087646484,2231,95361489,0.05519294738769531
4.03244686126709,2232,95404252,0.05518054962158203
4.019729137420654,2233,95447015,0.05521655082702637
4.081989765167236,2234,95489778,0.05524635314941406
4.010794162750244,2235,95532541,0.055266618728637695
4.057844161987305,2236,95575304,0.05523180961608887
4.111576080322266,2237,95618067,0.05522584915161133
4.047911643981934,2238,95660830,0.05495095252990723
4.020098686218262,2239,95703593,0.05501413345336914
4.046165466308594,2240,95746356,0.05530285835266113
4.050248622894287,2241,95789119,0.055108070373535156
4.06622838973999,2242,95831882,0.0552973747253418
4.023535251617432,2243,95874645,0.055280208587646484
4.0544867515563965,2244,95917408,0.055206298828125
4.017752170562744,2245,95960171,0.055104732513427734
4.058813571929932,2246,96002934,0.054708003997802734
4.0349860191345215,2247,96045697,0.0545957088470459
4.073535442352295,2248,96088460,0.05463552474975586
4.012945652008057,2249,96131223,0.05466794967651367
4.014857769012451,2250,96173986,0.05486941337585449
4.025330543518066,2251,96216749,0.0550541877746582
4.061744213104248,2252,96259512,0.0554347038269043
3.992439031600952,2253,96302275,0.05475139617919922
4.068032264709473,2254,96345038,0.05484342575073242
3.973846435546875,2255,96387801,0.05497121810913086
4.018884181976318,2256,96430564,0.05493474006652832
4.040519714355469,2257,96473327,0.05477762222290039
4.034353256225586,2258,96516090,0.054717302322387695
4.055774688720703,2259,96558853,0.05498194694519043
4.040846824645996,2260,96601616,0.05485248565673828
4.047399520874023,2261,96644379,0.055509328842163086
4.023324012756348,2262,96687142,0.05485677719116211
4.047888278961182,2263,96729905,0.05500483512878418
4.062854766845703,2264,96772668,0.05476641654968262
4.002901077270508,2265,96815431,0.054749488830566406
4.041679859161377,2266,96858194,0.05466866493225098
4.013547420501709,2267,96900957,0.05470991134643555
4.057860851287842,2268,96943720,0.05495882034301758
4.046070575714111,2269,96986483,0.054778099060058594
4.031990051269531,2270,97029246,0.0548703670501709
4.012615203857422,2271,97072009,0.054822444915771484
4.01318359375,2272,97114772,0.054697513580322266
4.042377948760986,2273,97157535,0.05498862266540527
4.092562198638916,2274,97200298,0.05452919006347656
4.028415203094482,2275,97243061,0.05482220649719238
4.021698474884033,2276,97285824,0.05500602722167969
4.041405200958252,2277,97328587,0.05467724800109863
4.060750484466553,2278,97371350,0.054830074310302734
4.057583332061768,2279,97414113,0.05499696731567383
4.049057960510254,2280,97456876,0.054994821548461914
4.025531768798828,2281,97499639,0.054978132247924805
4.031691074371338,2282,97542402,0.054723262786865234
4.039342880249023,2283,97585165,0.05496621131896973
3.978196859359741,2284,97627928,0.0546574592590332
3.99538254737854,2285,97670691,0.05477261543273926
4.098755836486816,2286,97713454,0.05483889579772949
4.023636817932129,2287,97756217,0.054767608642578125
4.060708045959473,2288,97798980,0.05499744415283203
4.022797584533691,2289,97841743,0.05528116226196289
4.0265984535217285,2290,97884506,0.05494070053100586
4.049942970275879,2291,97927269,0.05512595176696777
4.035953998565674,2292,97970032,0.0548708438873291
4.036633491516113,2293,98012795,0.054973602294921875
4.0272064208984375,2294,98055558,0.054747581481933594
4.016685962677002,2295,98098321,0.05478549003601074
4.043954372406006,2296,98141084,0.054799795150756836
4.019038200378418,2297,98183847,0.054964542388916016
4.043203353881836,2298,98226610,0.05491018295288086
4.0337443351745605,2299,98269373,0.05487418174743652
4.036144733428955,2300,98312136,0.055109262466430664
4.016097545623779,2301,98354899,0.05504608154296875
4.0007004737854,2302,98397662,0.054851531982421875
4.025491237640381,2303,98440425,0.054871559143066406
4.077592372894287,2304,98483188,0.0549776554107666
4.024412631988525,2305,98525951,0.05474686622619629
4.079499244689941,2306,98568714,0.05498790740966797
4.026475429534912,2307,98611477,0.05467343330383301
4.043097019195557,2308,98654240,0.05456876754760742
4.033396244049072,2309,98697003,0.05464673042297363
4.0407609939575195,2310,98739766,0.05456256866455078
4.047455310821533,2311,98782529,0.05558300018310547
4.060515880584717,2312,98825292,0.05477499961853027
4.030354976654053,2313,98868055,0.05455160140991211
3.986963987350464,2314,98910818,0.05429482460021973
4.019475936889648,2315,98953581,0.0544736385345459
3.9884841442108154,2316,98996344,0.05490684509277344
3.975931167602539,2317,99039107,0.05457162857055664
3.996811866760254,2318,99081870,0.054547786712646484
4.0402936935424805,2319,99124633,0.054620981216430664
4.008552074432373,2320,99167396,0.05448508262634277
4.009333610534668,2321,99210159,0.05452370643615723
4.001169204711914,2322,99252922,0.05488753318786621
4.043913841247559,2323,99295685,0.05468106269836426
4.06818151473999,2324,99338448,0.05461931228637695
4.018143177032471,2325,99381211,0.05457615852355957
4.030191898345947,2326,99423974,0.0546112060546875
4.032778739929199,2327,99466737,0.05446457862854004
4.014880180358887,2328,99509500,0.05475425720214844
4.058752059936523,2329,99552263,0.0545961856842041
4.02041482925415,2330,99595026,0.054511308670043945
4.030149459838867,2331,99637789,0.05469512939453125
4.077841758728027,2332,99680552,0.05478358268737793
4.022514820098877,2333,99723315,0.05461716651916504
4.04150390625,2334,99766078,0.05471301078796387
4.023240566253662,2335,99808841,0.05446958541870117
4.022486686706543,2336,99851604,0.054651498794555664
4.021289825439453,2337,99894367,0.05477571487426758
4.039752006530762,2338,99937130,0.05465817451477051
3.967435598373413,2339,99979893,0.05450248718261719
4.017453670501709,2340,100022656,0.05461549758911133
